hogar_id,fecha,personas,categoria,litros_consumidos,litros_por_persona,dia_semana,es_anomalia_sintetica
H001,2026-01-05,4,aseo_personal,241.83,60.46,Monday,0
H001,2026-01-05,4,cocina,93.63,23.41,Monday,0
H001,2026-01-05,4,inodoro,47.15,11.79,Monday,0
H001,2026-01-05,4,lavado_ropa,33.11,8.28,Monday,0
H001,2026-01-05,4,limpieza_vivienda,9.29,2.32,Monday,0
H001,2026-01-06,4,aseo_personal,248.64,62.16,Tuesday,0
H001,2026-01-06,4,cocina,122.1,30.52,Tuesday,0
H001,2026-01-06,4,inodoro,48.63,12.16,Tuesday,0
H001,2026-01-06,4,lavado_ropa,36.51,9.13,Tuesday,0
H001,2026-01-06,4,limpieza_vivienda,10.35,2.59,Tuesday,0
H001,2026-01-12,4,aseo_personal,249.11,62.28,Monday,0
H001,2026-01-12,4,cocina,102.16,25.54,Monday,0
H001,2026-01-12,4,inodoro,50.24,12.56,Monday,0
H001,2026-01-12,4,lavado_ropa,33.47,8.37,Monday,0
H001,2026-01-12,4,limpieza_vivienda,10.03,2.51,Monday,0
H001,2026-01-14,4,aseo_personal,293.99,73.5,Wednesday,0
H001,2026-01-14,4,cocina,107.31,26.83,Wednesday,0
H001,2026-01-14,4,inodoro,53.19,13.3,Wednesday,0
H001,2026-01-14,4,lavado_ropa,30.49,7.62,Wednesday,0
H001,2026-01-14,4,limpieza_vivienda,7.87,1.97,Wednesday,0
H001,2026-01-22,4,aseo_personal,241.84,60.46,Thursday,0
H001,2026-01-22,4,cocina,93.88,23.47,Thursday,0
H001,2026-01-22,4,inodoro,40.28,10.07,Thursday,0
H001,2026-01-22,4,lavado_ropa,30.03,7.51,Thursday,0
H001,2026-01-22,4,limpieza_vivienda,8.46,2.11,Thursday,0
H001,2026-01-23,4,aseo_personal,235.39,58.85,Friday,0
H001,2026-01-23,4,cocina,89.74,22.43,Friday,0
H001,2026-01-23,4,inodoro,40.27,10.07,Friday,0
H001,2026-01-23,4,lavado_ropa,31.49,7.87,Friday,0
H001,2026-01-23,4,limpieza_vivienda,7.59,1.9,Friday,0
H001,2026-01-26,4,aseo_personal,219.63,54.91,Monday,0
H001,2026-01-26,4,cocina,96.02,24.0,Monday,0
H001,2026-01-26,4,inodoro,34.54,8.63,Monday,0
H001,2026-01-26,4,lavado_ropa,26.88,6.72,Monday,0
H001,2026-01-26,4,limpieza_vivienda,8.4,2.1,Monday,0
H001,2026-01-30,4,aseo_personal,310.02,77.51,Friday,0
H001,2026-01-30,4,cocina,106.15,26.54,Friday,0
H001,2026-01-30,4,inodoro,49.77,12.44,Friday,0
H001,2026-01-30,4,lavado_ropa,31.6,7.9,Friday,0
H001,2026-01-30,4,limpieza_vivienda,9.11,2.28,Friday,0
H001,2026-02-05,4,aseo_personal,243.59,60.9,Thursday,0
H001,2026-02-05,4,cocina,96.58,24.15,Thursday,0
H001,2026-02-05,4,inodoro,40.31,10.08,Thursday,0
H001,2026-02-05,4,lavado_ropa,26.69,6.67,Thursday,0
H001,2026-02-05,4,limpieza_vivienda,8.29,2.07,Thursday,0
H001,2026-02-14,4,aseo_personal,289.53,72.38,Saturday,0
H001,2026-02-14,4,cocina,138.67,34.67,Saturday,0
H001,2026-02-14,4,inodoro,50.56,12.64,Saturday,0
H001,2026-02-14,4,lavado_ropa,36.09,9.02,Saturday,0
H001,2026-02-14,4,limpieza_vivienda,9.74,2.44,Saturday,0
H001,2026-02-18,4,aseo_personal,225.14,56.29,Wednesday,0
H001,2026-02-18,4,cocina,95.88,23.97,Wednesday,0
H001,2026-02-18,4,inodoro,46.23,11.56,Wednesday,0
H001,2026-02-18,4,lavado_ropa,31.02,7.75,Wednesday,0
H001,2026-02-18,4,limpieza_vivienda,9.89,2.47,Wednesday,0
H001,2026-02-22,4,aseo_personal,263.18,65.8,Sunday,0
H001,2026-02-22,4,cocina,113.62,28.41,Sunday,0
H001,2026-02-22,4,inodoro,38.06,9.51,Sunday,0
H001,2026-02-22,4,lavado_ropa,31.3,7.83,Sunday,0
H001,2026-02-22,4,limpieza_vivienda,11.32,2.83,Sunday,0
H001,2026-03-06,4,aseo_personal,250.9,62.73,Friday,0
H001,2026-03-06,4,cocina,107.88,26.97,Friday,0
H001,2026-03-06,4,inodoro,47.37,11.84,Friday,0
H001,2026-03-06,4,lavado_ropa,36.2,9.05,Friday,0
H001,2026-03-06,4,limpieza_vivienda,9.5,2.37,Friday,0
H001,2026-03-09,4,aseo_personal,278.61,69.65,Monday,0
H001,2026-03-09,4,cocina,116.5,29.13,Monday,0
H001,2026-03-09,4,inodoro,55.62,13.9,Monday,0
H001,2026-03-09,4,lavado_ropa,33.58,8.39,Monday,0
H001,2026-03-09,4,limpieza_vivienda,10.25,2.56,Monday,0
H001,2026-03-11,4,aseo_personal,258.78,64.69,Wednesday,0
H001,2026-03-11,4,cocina,93.84,23.46,Wednesday,0
H001,2026-03-11,4,inodoro,43.78,10.94,Wednesday,0
H001,2026-03-11,4,lavado_ropa,26.77,6.69,Wednesday,0
H001,2026-03-11,4,limpieza_vivienda,7.42,1.85,Wednesday,0
H001,2026-03-20,4,aseo_personal,279.13,69.78,Friday,0
H001,2026-03-20,4,cocina,92.37,23.09,Friday,0
H001,2026-03-20,4,inodoro,44.59,11.15,Friday,0
H001,2026-03-20,4,lavado_ropa,34.43,8.61,Friday,0
H001,2026-03-20,4,limpieza_vivienda,8.85,2.21,Friday,0
H001,2026-03-22,4,aseo_personal,260.86,65.22,Sunday,0
H001,2026-03-22,4,cocina,92.2,23.05,Sunday,0
H001,2026-03-22,4,inodoro,47.96,11.99,Sunday,0
H001,2026-03-22,4,lavado_ropa,32.33,8.08,Sunday,0
H001,2026-03-22,4,limpieza_vivienda,9.28,2.32,Sunday,0
H001,2026-03-24,4,aseo_personal,248.38,62.1,Tuesday,0
H001,2026-03-24,4,cocina,101.78,25.44,Tuesday,0
H001,2026-03-24,4,inodoro,39.53,9.88,Tuesday,0
H001,2026-03-24,4,lavado_ropa,26.06,6.51,Tuesday,0
H001,2026-03-24,4,limpieza_vivienda,9.44,2.36,Tuesday,0
H001,2026-03-28,4,aseo_personal,250.06,62.51,Saturday,0
H001,2026-03-28,4,cocina,115.4,28.85,Saturday,0
H001,2026-03-28,4,inodoro,40.72,10.18,Saturday,0
H001,2026-03-28,4,lavado_ropa,31.18,7.8,Saturday,0
H001,2026-03-28,4,limpieza_vivienda,9.49,2.37,Saturday,0
H001,2026-04-05,4,aseo_personal,258.82,64.7,Sunday,0
H001,2026-04-05,4,cocina,141.29,35.32,Sunday,0
H001,2026-04-05,4,inodoro,54.04,13.51,Sunday,0
H001,2026-04-05,4,lavado_ropa,33.35,8.34,Sunday,0
H001,2026-04-05,4,limpieza_vivienda,9.52,2.38,Sunday,0
H001,2026-04-08,4,aseo_personal,250.63,62.66,Wednesday,0
H001,2026-04-08,4,cocina,101.53,25.38,Wednesday,0
H001,2026-04-08,4,inodoro,42.39,10.6,Wednesday,0
H001,2026-04-08,4,lavado_ropa,24.4,6.1,Wednesday,0
H001,2026-04-08,4,limpieza_vivienda,7.87,1.97,Wednesday,0
H001,2026-04-09,4,aseo_personal,203.37,50.84,Thursday,0
H001,2026-04-09,4,cocina,107.51,26.88,Thursday,0
H001,2026-04-09,4,inodoro,36.35,9.09,Thursday,0
H001,2026-04-09,4,lavado_ropa,31.13,7.78,Thursday,0
H001,2026-04-09,4,limpieza_vivienda,7.36,1.84,Thursday,0
H002,2026-01-02,3,aseo_personal,176.4,58.8,Friday,0
H002,2026-01-02,3,cocina,73.37,24.46,Friday,0
H002,2026-01-02,3,inodoro,25.88,8.63,Friday,0
H002,2026-01-02,3,lavado_ropa,19.25,6.42,Friday,0
H002,2026-01-02,3,limpieza_vivienda,5.61,1.87,Friday,0
H002,2026-01-05,3,aseo_personal,164.61,54.87,Monday,0
H002,2026-01-05,3,cocina,62.36,20.79,Monday,0
H002,2026-01-05,3,inodoro,28.31,9.44,Monday,0
H002,2026-01-05,3,lavado_ropa,20.61,6.87,Monday,0
H002,2026-01-05,3,limpieza_vivienda,7.21,2.4,Monday,0
H002,2026-01-11,3,aseo_personal,225.0,75.0,Sunday,0
H002,2026-01-11,3,cocina,77.36,25.79,Sunday,0
H002,2026-01-11,3,inodoro,29.78,9.93,Sunday,0
H002,2026-01-11,3,lavado_ropa,26.19,8.73,Sunday,0
H002,2026-01-11,3,limpieza_vivienda,7.79,2.6,Sunday,0
H002,2026-01-12,3,aseo_personal,297.43,99.14,Monday,1
H002,2026-01-12,3,cocina,139.45,46.48,Monday,1
H002,2026-01-12,3,inodoro,55.19,18.4,Monday,1
H002,2026-01-12,3,lavado_ropa,80.52,26.84,Monday,1
H002,2026-01-12,3,limpieza_vivienda,11.33,3.78,Monday,1
H002,2026-01-13,3,aseo_personal,184.64,61.55,Tuesday,0
H002,2026-01-13,3,cocina,71.26,23.75,Tuesday,0
H002,2026-01-13,3,inodoro,29.67,9.89,Tuesday,0
H002,2026-01-13,3,lavado_ropa,21.75,7.25,Tuesday,0
H002,2026-01-13,3,limpieza_vivienda,5.46,1.82,Tuesday,0
H002,2026-01-14,3,aseo_personal,212.64,70.88,Wednesday,0
H002,2026-01-14,3,cocina,67.64,22.55,Wednesday,0
H002,2026-01-14,3,inodoro,37.41,12.47,Wednesday,0
H002,2026-01-14,3,lavado_ropa,22.79,7.6,Wednesday,0
H002,2026-01-14,3,limpieza_vivienda,6.1,2.03,Wednesday,0
H002,2026-01-22,3,aseo_personal,170.2,56.73,Thursday,0
H002,2026-01-22,3,cocina,61.06,20.35,Thursday,0
H002,2026-01-22,3,inodoro,30.32,10.11,Thursday,0
H002,2026-01-22,3,lavado_ropa,23.67,7.89,Thursday,0
H002,2026-01-22,3,limpieza_vivienda,5.71,1.9,Thursday,0
H002,2026-01-24,3,aseo_personal,193.3,64.43,Saturday,0
H002,2026-01-24,3,cocina,92.38,30.79,Saturday,0
H002,2026-01-24,3,inodoro,36.2,12.07,Saturday,0
H002,2026-01-24,3,lavado_ropa,22.65,7.55,Saturday,0
H002,2026-01-24,3,limpieza_vivienda,8.14,2.71,Saturday,0
H002,2026-01-30,3,aseo_personal,195.25,65.08,Friday,0
H002,2026-01-30,3,cocina,91.68,30.56,Friday,0
H002,2026-01-30,3,inodoro,34.04,11.35,Friday,0
H002,2026-01-30,3,lavado_ropa,27.47,9.16,Friday,0
H002,2026-01-30,3,limpieza_vivienda,7.01,2.34,Friday,0
H002,2026-02-01,3,aseo_personal,175.59,58.53,Sunday,0
H002,2026-02-01,3,cocina,71.45,23.82,Sunday,0
H002,2026-02-01,3,inodoro,31.7,10.57,Sunday,0
H002,2026-02-01,3,lavado_ropa,21.26,7.09,Sunday,0
H002,2026-02-01,3,limpieza_vivienda,5.86,1.95,Sunday,0
H002,2026-02-08,3,aseo_personal,165.78,55.26,Sunday,0
H002,2026-02-08,3,cocina,82.36,27.45,Sunday,0
H002,2026-02-08,3,inodoro,30.92,10.31,Sunday,0
H002,2026-02-08,3,lavado_ropa,21.51,7.17,Sunday,0
H002,2026-02-08,3,limpieza_vivienda,5.74,1.91,Sunday,0
H002,2026-02-12,3,aseo_personal,174.64,58.21,Thursday,0
H002,2026-02-12,3,cocina,67.09,22.36,Thursday,0
H002,2026-02-12,3,inodoro,30.57,10.19,Thursday,0
H002,2026-02-12,3,lavado_ropa,23.18,7.73,Thursday,0
H002,2026-02-12,3,limpieza_vivienda,6.47,2.16,Thursday,0
H002,2026-02-14,3,aseo_personal,202.67,67.56,Saturday,0
H002,2026-02-14,3,cocina,82.35,27.45,Saturday,0
H002,2026-02-14,3,inodoro,28.57,9.52,Saturday,0
H002,2026-02-14,3,lavado_ropa,22.06,7.35,Saturday,0
H002,2026-02-14,3,limpieza_vivienda,6.01,2.0,Saturday,0
H002,2026-02-15,3,aseo_personal,150.02,50.01,Sunday,0
H002,2026-02-15,3,cocina,65.29,21.76,Sunday,0
H002,2026-02-15,3,inodoro,22.26,7.42,Sunday,0
H002,2026-02-15,3,lavado_ropa,16.75,5.58,Sunday,0
H002,2026-02-15,3,limpieza_vivienda,4.76,1.59,Sunday,0
H002,2026-02-22,3,aseo_personal,195.74,65.25,Sunday,0
H002,2026-02-22,3,cocina,86.89,28.96,Sunday,0
H002,2026-02-22,3,inodoro,34.69,11.56,Sunday,0
H002,2026-02-22,3,lavado_ropa,21.76,7.25,Sunday,0
H002,2026-02-22,3,limpieza_vivienda,7.97,2.66,Sunday,0
H002,2026-02-25,3,aseo_personal,170.35,56.78,Wednesday,0
H002,2026-02-25,3,cocina,67.17,22.39,Wednesday,0
H002,2026-02-25,3,inodoro,30.25,10.08,Wednesday,0
H002,2026-02-25,3,lavado_ropa,22.39,7.46,Wednesday,0
H002,2026-02-25,3,limpieza_vivienda,6.16,2.05,Wednesday,0
H002,2026-03-10,3,aseo_personal,336.25,112.08,Tuesday,1
H002,2026-03-10,3,cocina,123.91,41.3,Tuesday,1
H002,2026-03-10,3,inodoro,60.06,20.02,Tuesday,1
H002,2026-03-10,3,lavado_ropa,55.89,18.63,Tuesday,1
H002,2026-03-10,3,limpieza_vivienda,12.17,4.06,Tuesday,1
H002,2026-03-11,3,aseo_personal,209.88,69.96,Wednesday,0
H002,2026-03-11,3,cocina,76.98,25.66,Wednesday,0
H002,2026-03-11,3,inodoro,31.4,10.47,Wednesday,0
H002,2026-03-11,3,lavado_ropa,23.98,7.99,Wednesday,0
H002,2026-03-11,3,limpieza_vivienda,6.58,2.19,Wednesday,0
H002,2026-03-12,3,aseo_personal,168.66,56.22,Thursday,0
H002,2026-03-12,3,cocina,88.74,29.58,Thursday,0
H002,2026-03-12,3,inodoro,31.23,10.41,Thursday,0
H002,2026-03-12,3,lavado_ropa,26.83,8.94,Thursday,0
H002,2026-03-12,3,limpieza_vivienda,6.8,2.27,Thursday,0
H002,2026-03-17,3,aseo_personal,172.43,57.48,Tuesday,0
H002,2026-03-17,3,cocina,66.1,22.03,Tuesday,0
H002,2026-03-17,3,inodoro,25.42,8.47,Tuesday,0
H002,2026-03-17,3,lavado_ropa,18.11,6.04,Tuesday,0
H002,2026-03-17,3,limpieza_vivienda,5.4,1.8,Tuesday,0
H002,2026-03-20,3,aseo_personal,158.42,52.81,Friday,0
H002,2026-03-20,3,cocina,63.92,21.31,Friday,0
H002,2026-03-20,3,inodoro,27.8,9.27,Friday,0
H002,2026-03-20,3,lavado_ropa,19.25,6.42,Friday,0
H002,2026-03-20,3,limpieza_vivienda,5.45,1.82,Friday,0
H002,2026-03-26,3,aseo_personal,179.83,59.94,Thursday,0
H002,2026-03-26,3,cocina,72.55,24.18,Thursday,0
H002,2026-03-26,3,inodoro,26.22,8.74,Thursday,0
H002,2026-03-26,3,lavado_ropa,21.39,7.13,Thursday,0
H002,2026-03-26,3,limpieza_vivienda,6.24,2.08,Thursday,0
H002,2026-04-05,3,aseo_personal,186.59,62.2,Sunday,0
H002,2026-04-05,3,cocina,90.55,30.18,Sunday,0
H002,2026-04-05,3,inodoro,30.71,10.24,Sunday,0
H002,2026-04-05,3,lavado_ropa,24.95,8.32,Sunday,0
H002,2026-04-05,3,limpieza_vivienda,8.67,2.89,Sunday,0
H003,2026-01-14,5,aseo_personal,351.3,70.26,Wednesday,0
H003,2026-01-14,5,cocina,122.89,24.58,Wednesday,0
H003,2026-01-14,5,inodoro,55.61,11.12,Wednesday,0
H003,2026-01-14,5,lavado_ropa,35.82,7.16,Wednesday,0
H003,2026-01-14,5,limpieza_vivienda,10.09,2.02,Wednesday,0
H003,2026-01-15,5,aseo_personal,267.19,53.44,Thursday,0
H003,2026-01-15,5,cocina,89.91,17.98,Thursday,0
H003,2026-01-15,5,inodoro,51.45,10.29,Thursday,0
H003,2026-01-15,5,lavado_ropa,35.99,7.2,Thursday,0
H003,2026-01-15,5,limpieza_vivienda,9.8,1.96,Thursday,0
H003,2026-01-24,5,aseo_personal,316.59,63.32,Saturday,0
H003,2026-01-24,5,cocina,121.55,24.31,Saturday,0
H003,2026-01-24,5,inodoro,71.96,14.39,Saturday,0
H003,2026-01-24,5,lavado_ropa,43.42,8.68,Saturday,0
H003,2026-01-24,5,limpieza_vivienda,12.97,2.59,Saturday,0
H003,2026-01-27,5,aseo_personal,321.87,64.37,Tuesday,0
H003,2026-01-27,5,cocina,122.67,24.53,Tuesday,0
H003,2026-01-27,5,inodoro,55.13,11.03,Tuesday,0
H003,2026-01-27,5,lavado_ropa,33.28,6.66,Tuesday,0
H003,2026-01-27,5,limpieza_vivienda,10.28,2.06,Tuesday,0
H003,2026-02-04,5,aseo_personal,249.89,49.98,Wednesday,0
H003,2026-02-04,5,cocina,98.81,19.76,Wednesday,0
H003,2026-02-04,5,inodoro,50.54,10.11,Wednesday,0
H003,2026-02-04,5,lavado_ropa,31.12,6.22,Wednesday,0
H003,2026-02-04,5,limpieza_vivienda,7.67,1.53,Wednesday,0
H003,2026-02-06,5,aseo_personal,251.37,50.27,Friday,0
H003,2026-02-06,5,cocina,114.48,22.9,Friday,0
H003,2026-02-06,5,inodoro,47.97,9.59,Friday,0
H003,2026-02-06,5,lavado_ropa,34.68,6.94,Friday,0
H003,2026-02-06,5,limpieza_vivienda,10.82,2.16,Friday,0
H003,2026-02-07,5,aseo_personal,251.17,50.23,Saturday,0
H003,2026-02-07,5,cocina,103.48,20.7,Saturday,0
H003,2026-02-07,5,inodoro,46.46,9.29,Saturday,0
H003,2026-02-07,5,lavado_ropa,32.35,6.47,Saturday,0
H003,2026-02-07,5,limpieza_vivienda,9.27,1.85,Saturday,0
H003,2026-02-24,5,aseo_personal,317.23,63.45,Tuesday,0
H003,2026-02-24,5,cocina,132.64,26.53,Tuesday,0
H003,2026-02-24,5,inodoro,59.01,11.8,Tuesday,0
H003,2026-02-24,5,lavado_ropa,40.15,8.03,Tuesday,0
H003,2026-02-24,5,limpieza_vivienda,10.78,2.16,Tuesday,0
H003,2026-03-04,5,aseo_personal,268.09,53.62,Wednesday,0
H003,2026-03-04,5,cocina,102.89,20.58,Wednesday,0
H003,2026-03-04,5,inodoro,43.49,8.7,Wednesday,0
H003,2026-03-04,5,lavado_ropa,35.13,7.03,Wednesday,0
H003,2026-03-04,5,limpieza_vivienda,9.95,1.99,Wednesday,0
H003,2026-03-05,5,aseo_personal,314.51,62.9,Thursday,0
H003,2026-03-05,5,cocina,125.72,25.14,Thursday,0
H003,2026-03-05,5,inodoro,64.1,12.82,Thursday,0
H003,2026-03-05,5,lavado_ropa,48.84,9.77,Thursday,0
H003,2026-03-05,5,limpieza_vivienda,12.44,2.49,Thursday,0
H003,2026-03-12,5,aseo_personal,297.3,59.46,Thursday,0
H003,2026-03-12,5,cocina,118.25,23.65,Thursday,0
H003,2026-03-12,5,inodoro,58.95,11.79,Thursday,0
H003,2026-03-12,5,lavado_ropa,40.87,8.17,Thursday,0
H003,2026-03-12,5,limpieza_vivienda,12.43,2.49,Thursday,0
H003,2026-03-13,5,aseo_personal,345.33,69.07,Friday,0
H003,2026-03-13,5,cocina,128.48,25.7,Friday,0
H003,2026-03-13,5,inodoro,45.89,9.18,Friday,0
H003,2026-03-13,5,lavado_ropa,36.59,7.32,Friday,0
H003,2026-03-13,5,limpieza_vivienda,9.7,1.94,Friday,0
H003,2026-03-14,5,aseo_personal,306.99,61.4,Saturday,0
H003,2026-03-14,5,cocina,124.72,24.94,Saturday,0
H003,2026-03-14,5,inodoro,52.39,10.48,Saturday,0
H003,2026-03-14,5,lavado_ropa,32.92,6.58,Saturday,0
H003,2026-03-14,5,limpieza_vivienda,12.03,2.41,Saturday,0
H003,2026-04-05,5,aseo_personal,342.83,68.57,Sunday,0
H003,2026-04-05,5,cocina,142.78,28.56,Sunday,0
H003,2026-04-05,5,inodoro,57.24,11.45,Sunday,0
H003,2026-04-05,5,lavado_ropa,40.25,8.05,Sunday,0
H003,2026-04-05,5,limpieza_vivienda,13.64,2.73,Sunday,0
H003,2026-04-07,5,aseo_personal,315.2,63.04,Tuesday,0
H003,2026-04-07,5,cocina,143.77,28.75,Tuesday,0
H003,2026-04-07,5,inodoro,57.3,11.46,Tuesday,0
H003,2026-04-07,5,lavado_ropa,37.53,7.51,Tuesday,0
H003,2026-04-07,5,limpieza_vivienda,12.56,2.51,Tuesday,0
H003,2026-04-08,5,aseo_personal,311.71,62.34,Wednesday,0
H003,2026-04-08,5,cocina,119.7,23.94,Wednesday,0
H003,2026-04-08,5,inodoro,58.11,11.62,Wednesday,0
H003,2026-04-08,5,lavado_ropa,36.42,7.28,Wednesday,0
H003,2026-04-08,5,limpieza_vivienda,10.47,2.09,Wednesday,0
H004,2026-01-03,4,aseo_personal,242.68,60.67,Saturday,0
H004,2026-01-03,4,cocina,92.42,23.11,Saturday,0
H004,2026-01-03,4,inodoro,38.57,9.64,Saturday,0
H004,2026-01-03,4,lavado_ropa,27.7,6.93,Saturday,0
H004,2026-01-03,4,limpieza_vivienda,7.73,1.93,Saturday,0
H004,2026-01-06,4,aseo_personal,189.89,47.47,Tuesday,0
H004,2026-01-06,4,cocina,78.09,19.52,Tuesday,0
H004,2026-01-06,4,inodoro,34.09,8.52,Tuesday,0
H004,2026-01-06,4,lavado_ropa,22.41,5.6,Tuesday,0
H004,2026-01-06,4,limpieza_vivienda,6.88,1.72,Tuesday,0
H004,2026-01-07,4,aseo_personal,253.31,63.33,Wednesday,0
H004,2026-01-07,4,cocina,90.05,22.51,Wednesday,0
H004,2026-01-07,4,inodoro,36.57,9.14,Wednesday,0
H004,2026-01-07,4,lavado_ropa,26.91,6.73,Wednesday,0
H004,2026-01-07,4,limpieza_vivienda,8.64,2.16,Wednesday,0
H004,2026-01-08,4,aseo_personal,282.15,70.54,Thursday,0
H004,2026-01-08,4,cocina,133.94,33.49,Thursday,0
H004,2026-01-08,4,inodoro,53.62,13.4,Thursday,0
H004,2026-01-08,4,lavado_ropa,38.01,9.5,Thursday,0
H004,2026-01-08,4,limpieza_vivienda,10.76,2.69,Thursday,0
H004,2026-01-12,4,aseo_personal,249.5,62.37,Monday,0
H004,2026-01-12,4,cocina,97.96,24.49,Monday,0
H004,2026-01-12,4,inodoro,45.56,11.39,Monday,0
H004,2026-01-12,4,lavado_ropa,36.27,9.07,Monday,0
H004,2026-01-12,4,limpieza_vivienda,8.54,2.13,Monday,0
H004,2026-01-17,4,aseo_personal,275.03,68.76,Saturday,0
H004,2026-01-17,4,cocina,102.01,25.5,Saturday,0
H004,2026-01-17,4,inodoro,40.4,10.1,Saturday,0
H004,2026-01-17,4,lavado_ropa,27.39,6.85,Saturday,0
H004,2026-01-17,4,limpieza_vivienda,9.5,2.37,Saturday,0
H004,2026-01-24,4,aseo_personal,322.94,80.73,Saturday,0
H004,2026-01-24,4,cocina,125.73,31.43,Saturday,0
H004,2026-01-24,4,inodoro,44.69,11.17,Saturday,0
H004,2026-01-24,4,lavado_ropa,29.69,7.42,Saturday,0
H004,2026-01-24,4,limpieza_vivienda,10.59,2.65,Saturday,0
H004,2026-02-04,4,aseo_personal,253.31,63.33,Wednesday,0
H004,2026-02-04,4,cocina,104.3,26.08,Wednesday,0
H004,2026-02-04,4,inodoro,45.93,11.48,Wednesday,0
H004,2026-02-04,4,lavado_ropa,30.59,7.65,Wednesday,0
H004,2026-02-04,4,limpieza_vivienda,8.86,2.21,Wednesday,0
H004,2026-02-08,4,aseo_personal,481.54,120.39,Sunday,1
H004,2026-02-08,4,cocina,185.41,46.35,Sunday,1
H004,2026-02-08,4,inodoro,87.4,21.85,Sunday,1
H004,2026-02-08,4,lavado_ropa,50.77,12.69,Sunday,1
H004,2026-02-08,4,limpieza_vivienda,32.66,8.17,Sunday,1
H004,2026-02-14,4,aseo_personal,269.82,67.45,Saturday,0
H004,2026-02-14,4,cocina,92.11,23.03,Saturday,0
H004,2026-02-14,4,inodoro,52.84,13.21,Saturday,0
H004,2026-02-14,4,lavado_ropa,36.16,9.04,Saturday,0
H004,2026-02-14,4,limpieza_vivienda,9.62,2.41,Saturday,0
H004,2026-02-15,4,aseo_personal,248.76,62.19,Sunday,0
H004,2026-02-15,4,cocina,95.29,23.82,Sunday,0
H004,2026-02-15,4,inodoro,42.21,10.55,Sunday,0
H004,2026-02-15,4,lavado_ropa,30.22,7.55,Sunday,0
H004,2026-02-15,4,limpieza_vivienda,8.83,2.21,Sunday,0
H004,2026-02-28,4,aseo_personal,248.04,62.01,Saturday,0
H004,2026-02-28,4,cocina,115.22,28.8,Saturday,0
H004,2026-02-28,4,inodoro,39.37,9.84,Saturday,0
H004,2026-02-28,4,lavado_ropa,27.98,6.99,Saturday,0
H004,2026-02-28,4,limpieza_vivienda,9.07,2.27,Saturday,0
H004,2026-03-01,4,aseo_personal,241.82,60.46,Sunday,0
H004,2026-03-01,4,cocina,103.04,25.76,Sunday,0
H004,2026-03-01,4,inodoro,37.83,9.46,Sunday,0
H004,2026-03-01,4,lavado_ropa,26.71,6.68,Sunday,0
H004,2026-03-01,4,limpieza_vivienda,8.82,2.2,Sunday,0
H004,2026-03-11,4,aseo_personal,254.02,63.51,Wednesday,0
H004,2026-03-11,4,cocina,95.98,23.99,Wednesday,0
H004,2026-03-11,4,inodoro,53.64,13.41,Wednesday,0
H004,2026-03-11,4,lavado_ropa,30.27,7.57,Wednesday,0
H004,2026-03-11,4,limpieza_vivienda,8.65,2.16,Wednesday,0
H004,2026-03-16,4,aseo_personal,253.17,63.29,Monday,0
H004,2026-03-16,4,cocina,85.2,21.3,Monday,0
H004,2026-03-16,4,inodoro,43.63,10.91,Monday,0
H004,2026-03-16,4,lavado_ropa,29.9,7.47,Monday,0
H004,2026-03-16,4,limpieza_vivienda,7.76,1.94,Monday,0
H004,2026-03-23,4,aseo_personal,250.29,62.57,Monday,0
H004,2026-03-23,4,cocina,113.82,28.46,Monday,0
H004,2026-03-23,4,inodoro,45.18,11.3,Monday,0
H004,2026-03-23,4,lavado_ropa,34.6,8.65,Monday,0
H004,2026-03-23,4,limpieza_vivienda,9.28,2.32,Monday,0
H004,2026-03-28,4,aseo_personal,251.4,62.85,Saturday,0
H004,2026-03-28,4,cocina,107.77,26.94,Saturday,0
H004,2026-03-28,4,inodoro,37.99,9.5,Saturday,0
H004,2026-03-28,4,lavado_ropa,29.24,7.31,Saturday,0
H004,2026-03-28,4,limpieza_vivienda,9.49,2.37,Saturday,0
H004,2026-03-31,4,aseo_personal,235.34,58.83,Tuesday,0
H004,2026-03-31,4,cocina,85.31,21.33,Tuesday,0
H004,2026-03-31,4,inodoro,37.49,9.37,Tuesday,0
H004,2026-03-31,4,lavado_ropa,24.39,6.1,Tuesday,0
H004,2026-03-31,4,limpieza_vivienda,7.27,1.82,Tuesday,0
H004,2026-04-04,4,aseo_personal,311.49,77.87,Saturday,0
H004,2026-04-04,4,cocina,126.49,31.62,Saturday,0
H004,2026-04-04,4,inodoro,48.74,12.18,Saturday,0
H004,2026-04-04,4,lavado_ropa,37.82,9.46,Saturday,0
H004,2026-04-04,4,limpieza_vivienda,12.95,3.24,Saturday,0
H004,2026-04-05,4,aseo_personal,262.04,65.51,Sunday,0
H004,2026-04-05,4,cocina,123.44,30.86,Sunday,0
H004,2026-04-05,4,inodoro,44.46,11.12,Sunday,0
H004,2026-04-05,4,lavado_ropa,30.78,7.69,Sunday,0
H004,2026-04-05,4,limpieza_vivienda,10.12,2.53,Sunday,0
H005,2026-01-03,1,aseo_personal,50.56,50.56,Saturday,0
H005,2026-01-03,1,cocina,22.29,22.29,Saturday,0
H005,2026-01-03,1,inodoro,8.36,8.36,Saturday,0
H005,2026-01-03,1,lavado_ropa,6.14,6.14,Saturday,0
H005,2026-01-03,1,limpieza_vivienda,1.56,1.56,Saturday,0
H005,2026-01-10,1,aseo_personal,56.03,56.03,Saturday,0
H005,2026-01-10,1,cocina,25.2,25.2,Saturday,0
H005,2026-01-10,1,inodoro,9.18,9.18,Saturday,0
H005,2026-01-10,1,lavado_ropa,6.92,6.92,Saturday,0
H005,2026-01-10,1,limpieza_vivienda,2.61,2.61,Saturday,0
H005,2026-01-18,1,aseo_personal,54.97,54.97,Sunday,0
H005,2026-01-18,1,cocina,23.45,23.45,Sunday,0
H005,2026-01-18,1,inodoro,10.71,10.71,Sunday,0
H005,2026-01-18,1,lavado_ropa,8.75,8.75,Sunday,0
H005,2026-01-18,1,limpieza_vivienda,2.27,2.27,Sunday,0
H005,2026-01-19,1,aseo_personal,53.77,53.77,Monday,0
H005,2026-01-19,1,cocina,19.03,19.03,Monday,0
H005,2026-01-19,1,inodoro,7.73,7.73,Monday,0
H005,2026-01-19,1,lavado_ropa,6.27,6.27,Monday,0
H005,2026-01-19,1,limpieza_vivienda,1.69,1.69,Monday,0
H005,2026-01-20,1,aseo_personal,48.98,48.98,Tuesday,0
H005,2026-01-20,1,cocina,21.16,21.16,Tuesday,0
H005,2026-01-20,1,inodoro,8.89,8.89,Tuesday,0
H005,2026-01-20,1,lavado_ropa,5.89,5.89,Tuesday,0
H005,2026-01-20,1,limpieza_vivienda,1.76,1.76,Tuesday,0
H005,2026-02-01,1,aseo_personal,91.46,91.46,Sunday,1
H005,2026-02-01,1,cocina,46.39,46.39,Sunday,1
H005,2026-02-01,1,inodoro,18.01,18.01,Sunday,1
H005,2026-02-01,1,lavado_ropa,28.28,28.28,Sunday,1
H005,2026-02-01,1,limpieza_vivienda,3.23,3.23,Sunday,1
H005,2026-02-09,1,aseo_personal,52.56,52.56,Monday,0
H005,2026-02-09,1,cocina,23.63,23.63,Monday,0
H005,2026-02-09,1,inodoro,9.34,9.34,Monday,0
H005,2026-02-09,1,lavado_ropa,5.85,5.85,Monday,0
H005,2026-02-09,1,limpieza_vivienda,1.6,1.6,Monday,0
H005,2026-02-14,1,aseo_personal,60.77,60.77,Saturday,0
H005,2026-02-14,1,cocina,23.45,23.45,Saturday,0
H005,2026-02-14,1,inodoro,11.05,11.05,Saturday,0
H005,2026-02-14,1,lavado_ropa,6.25,6.25,Saturday,0
H005,2026-02-14,1,limpieza_vivienda,1.86,1.86,Saturday,0
H005,2026-03-13,1,aseo_personal,41.59,41.59,Friday,0
H005,2026-03-13,1,cocina,18.24,18.24,Friday,0
H005,2026-03-13,1,inodoro,8.19,8.19,Friday,0
H005,2026-03-13,1,lavado_ropa,4.87,4.87,Friday,0
H005,2026-03-13,1,limpieza_vivienda,1.51,1.51,Friday,0
H005,2026-03-18,1,aseo_personal,52.91,52.91,Wednesday,0
H005,2026-03-18,1,cocina,19.4,19.4,Wednesday,0
H005,2026-03-18,1,inodoro,8.1,8.1,Wednesday,0
H005,2026-03-18,1,lavado_ropa,5.78,5.78,Wednesday,0
H005,2026-03-18,1,limpieza_vivienda,1.36,1.36,Wednesday,0
H005,2026-03-19,1,aseo_personal,47.26,47.26,Thursday,0
H005,2026-03-19,1,cocina,20.87,20.87,Thursday,0
H005,2026-03-19,1,inodoro,7.99,7.99,Thursday,0
H005,2026-03-19,1,lavado_ropa,6.83,6.83,Thursday,0
H005,2026-03-19,1,limpieza_vivienda,1.96,1.96,Thursday,0
H005,2026-03-21,1,aseo_personal,50.35,50.35,Saturday,0
H005,2026-03-21,1,cocina,23.11,23.11,Saturday,0
H005,2026-03-21,1,inodoro,10.6,10.6,Saturday,0
H005,2026-03-21,1,lavado_ropa,6.53,6.53,Saturday,0
H005,2026-03-21,1,limpieza_vivienda,2.11,2.11,Saturday,0
H005,2026-03-22,1,aseo_personal,51.86,51.86,Sunday,0
H005,2026-03-22,1,cocina,20.53,20.53,Sunday,0
H005,2026-03-22,1,inodoro,9.31,9.31,Sunday,0
H005,2026-03-22,1,lavado_ropa,6.6,6.6,Sunday,0
H005,2026-03-22,1,limpieza_vivienda,2.01,2.01,Sunday,0
H005,2026-03-23,1,aseo_personal,53.49,53.49,Monday,0
H005,2026-03-23,1,cocina,19.7,19.7,Monday,0
H005,2026-03-23,1,inodoro,8.49,8.49,Monday,0
H005,2026-03-23,1,lavado_ropa,6.75,6.75,Monday,0
H005,2026-03-23,1,limpieza_vivienda,1.55,1.55,Monday,0
H005,2026-04-04,1,aseo_personal,50.47,50.47,Saturday,0
H005,2026-04-04,1,cocina,19.95,19.95,Saturday,0
H005,2026-04-04,1,inodoro,9.98,9.98,Saturday,0
H005,2026-04-04,1,lavado_ropa,6.46,6.46,Saturday,0
H005,2026-04-04,1,limpieza_vivienda,1.94,1.94,Saturday,0
H005,2026-04-06,1,aseo_personal,48.02,48.02,Monday,0
H005,2026-04-06,1,cocina,24.34,24.34,Monday,0
H005,2026-04-06,1,inodoro,10.49,10.49,Monday,0
H005,2026-04-06,1,lavado_ropa,7.47,7.47,Monday,0
H005,2026-04-06,1,limpieza_vivienda,1.88,1.88,Monday,0
H006,2026-01-02,6,aseo_personal,361.12,60.19,Friday,0
H006,2026-01-02,6,cocina,143.41,23.9,Friday,0
H006,2026-01-02,6,inodoro,55.42,9.24,Friday,0
H006,2026-01-02,6,lavado_ropa,39.78,6.63,Friday,0
H006,2026-01-02,6,limpieza_vivienda,11.18,1.86,Friday,0
H006,2026-01-18,6,aseo_personal,370.79,61.8,Sunday,0
H006,2026-01-18,6,cocina,160.0,26.67,Sunday,0
H006,2026-01-18,6,inodoro,61.01,10.17,Sunday,0
H006,2026-01-18,6,lavado_ropa,41.23,6.87,Sunday,0
H006,2026-01-18,6,limpieza_vivienda,13.82,2.3,Sunday,0
H006,2026-01-20,6,aseo_personal,310.3,51.72,Tuesday,0
H006,2026-01-20,6,cocina,160.98,26.83,Tuesday,0
H006,2026-01-20,6,inodoro,54.57,9.1,Tuesday,0
H006,2026-01-20,6,lavado_ropa,35.95,5.99,Tuesday,0
H006,2026-01-20,6,limpieza_vivienda,10.06,1.68,Tuesday,0
H006,2026-01-25,6,aseo_personal,357.54,59.59,Sunday,0
H006,2026-01-25,6,cocina,170.77,28.46,Sunday,0
H006,2026-01-25,6,inodoro,74.15,12.36,Sunday,0
H006,2026-01-25,6,lavado_ropa,49.13,8.19,Sunday,0
H006,2026-01-25,6,limpieza_vivienda,11.99,2.0,Sunday,0
H006,2026-01-26,6,aseo_personal,346.89,57.82,Monday,0
H006,2026-01-26,6,cocina,120.89,20.15,Monday,0
H006,2026-01-26,6,inodoro,56.99,9.5,Monday,0
H006,2026-01-26,6,lavado_ropa,40.73,6.79,Monday,0
H006,2026-01-26,6,limpieza_vivienda,10.08,1.68,Monday,0
H006,2026-01-31,6,aseo_personal,330.26,55.04,Saturday,0
H006,2026-01-31,6,cocina,138.56,23.09,Saturday,0
H006,2026-01-31,6,inodoro,52.38,8.73,Saturday,0
H006,2026-01-31,6,lavado_ropa,36.97,6.16,Saturday,0
H006,2026-01-31,6,limpieza_vivienda,10.8,1.8,Saturday,0
H006,2026-02-04,6,aseo_personal,309.39,51.56,Wednesday,0
H006,2026-02-04,6,cocina,117.1,19.52,Wednesday,0
H006,2026-02-04,6,inodoro,51.07,8.51,Wednesday,0
H006,2026-02-04,6,lavado_ropa,35.62,5.94,Wednesday,0
H006,2026-02-04,6,limpieza_vivienda,10.25,1.71,Wednesday,0
H006,2026-02-10,6,aseo_personal,348.4,58.07,Tuesday,0
H006,2026-02-10,6,cocina,133.47,22.25,Tuesday,0
H006,2026-02-10,6,inodoro,57.08,9.51,Tuesday,0
H006,2026-02-10,6,lavado_ropa,45.73,7.62,Tuesday,0
H006,2026-02-10,6,limpieza_vivienda,11.11,1.85,Tuesday,0
H006,2026-02-19,6,aseo_personal,271.91,45.32,Thursday,0
H006,2026-02-19,6,cocina,122.12,20.35,Thursday,0
H006,2026-02-19,6,inodoro,48.84,8.14,Thursday,0
H006,2026-02-19,6,lavado_ropa,42.07,7.01,Thursday,0
H006,2026-02-19,6,limpieza_vivienda,9.77,1.63,Thursday,0
H006,2026-02-26,6,aseo_personal,682.65,113.77,Thursday,1
H006,2026-02-26,6,cocina,307.33,51.22,Thursday,1
H006,2026-02-26,6,inodoro,121.2,20.2,Thursday,1
H006,2026-02-26,6,lavado_ropa,166.0,27.67,Thursday,1
H006,2026-02-26,6,limpieza_vivienda,22.5,3.75,Thursday,1
H006,2026-03-07,6,aseo_personal,376.5,62.75,Saturday,0
H006,2026-03-07,6,cocina,150.34,25.06,Saturday,0
H006,2026-03-07,6,inodoro,62.91,10.49,Saturday,0
H006,2026-03-07,6,lavado_ropa,48.37,8.06,Saturday,0
H006,2026-03-07,6,limpieza_vivienda,13.24,2.21,Saturday,0
H006,2026-03-10,6,aseo_personal,310.8,51.8,Tuesday,0
H006,2026-03-10,6,cocina,127.85,21.31,Tuesday,0
H006,2026-03-10,6,inodoro,59.74,9.96,Tuesday,0
H006,2026-03-10,6,lavado_ropa,51.84,8.64,Tuesday,0
H006,2026-03-10,6,limpieza_vivienda,14.24,2.37,Tuesday,0
H006,2026-03-13,6,aseo_personal,347.0,57.83,Friday,0
H006,2026-03-13,6,cocina,118.43,19.74,Friday,0
H006,2026-03-13,6,inodoro,60.48,10.08,Friday,0
H006,2026-03-13,6,lavado_ropa,45.03,7.51,Friday,0
H006,2026-03-13,6,limpieza_vivienda,11.8,1.97,Friday,0
H006,2026-03-15,6,aseo_personal,366.88,61.15,Sunday,0
H006,2026-03-15,6,cocina,154.55,25.76,Sunday,0
H006,2026-03-15,6,inodoro,70.91,11.82,Sunday,0
H006,2026-03-15,6,lavado_ropa,45.98,7.66,Sunday,0
H006,2026-03-15,6,limpieza_vivienda,15.19,2.53,Sunday,0
H006,2026-03-25,6,aseo_personal,336.35,56.06,Wednesday,0
H006,2026-03-25,6,cocina,133.42,22.24,Wednesday,0
H006,2026-03-25,6,inodoro,57.91,9.65,Wednesday,0
H006,2026-03-25,6,lavado_ropa,39.65,6.61,Wednesday,0
H006,2026-03-25,6,limpieza_vivienda,11.8,1.97,Wednesday,0
H006,2026-03-28,6,aseo_personal,384.68,64.11,Saturday,0
H006,2026-03-28,6,cocina,157.95,26.32,Saturday,0
H006,2026-03-28,6,inodoro,71.1,11.85,Saturday,0
H006,2026-03-28,6,lavado_ropa,42.72,7.12,Saturday,0
H006,2026-03-28,6,limpieza_vivienda,15.24,2.54,Saturday,0
H006,2026-04-01,6,aseo_personal,330.63,55.1,Wednesday,0
H006,2026-04-01,6,cocina,133.01,22.17,Wednesday,0
H006,2026-04-01,6,inodoro,60.01,10.0,Wednesday,0
H006,2026-04-01,6,lavado_ropa,41.12,6.85,Wednesday,0
H006,2026-04-01,6,limpieza_vivienda,11.72,1.95,Wednesday,0
H006,2026-04-06,6,aseo_personal,346.46,57.74,Monday,0
H006,2026-04-06,6,cocina,142.89,23.81,Monday,0
H006,2026-04-06,6,inodoro,52.29,8.71,Monday,0
H006,2026-04-06,6,lavado_ropa,42.06,7.01,Monday,0
H006,2026-04-06,6,limpieza_vivienda,11.03,1.84,Monday,0
H006,2026-04-09,6,aseo_personal,244.22,40.7,Thursday,0
H006,2026-04-09,6,cocina,123.02,20.5,Thursday,0
H006,2026-04-09,6,inodoro,53.31,8.89,Thursday,0
H006,2026-04-09,6,lavado_ropa,35.19,5.87,Thursday,0
H006,2026-04-09,6,limpieza_vivienda,9.21,1.54,Thursday,0
H006,2026-04-10,6,aseo_personal,309.13,51.52,Friday,0
H006,2026-04-10,6,cocina,101.93,16.99,Friday,0
H006,2026-04-10,6,inodoro,45.85,7.64,Friday,0
H006,2026-04-10,6,lavado_ropa,33.85,5.64,Friday,0
H006,2026-04-10,6,limpieza_vivienda,11.3,1.88,Friday,0
H007,2026-01-11,4,aseo_personal,198.68,49.67,Sunday,0
H007,2026-01-11,4,cocina,94.58,23.65,Sunday,0
H007,2026-01-11,4,inodoro,37.6,9.4,Sunday,0
H007,2026-01-11,4,lavado_ropa,24.28,6.07,Sunday,0
H007,2026-01-11,4,limpieza_vivienda,7.45,1.86,Sunday,0
H007,2026-01-12,4,aseo_personal,194.34,48.59,Monday,0
H007,2026-01-12,4,cocina,89.84,22.46,Monday,0
H007,2026-01-12,4,inodoro,35.79,8.95,Monday,0
H007,2026-01-12,4,lavado_ropa,20.64,5.16,Monday,0
H007,2026-01-12,4,limpieza_vivienda,7.22,1.8,Monday,0
H007,2026-01-18,4,aseo_personal,274.31,68.58,Sunday,0
H007,2026-01-18,4,cocina,107.43,26.86,Sunday,0
H007,2026-01-18,4,inodoro,39.9,9.97,Sunday,0
H007,2026-01-18,4,lavado_ropa,28.2,7.05,Sunday,0
H007,2026-01-18,4,limpieza_vivienda,9.47,2.37,Sunday,0
H007,2026-01-21,4,aseo_personal,213.18,53.29,Wednesday,0
H007,2026-01-21,4,cocina,84.07,21.02,Wednesday,0
H007,2026-01-21,4,inodoro,38.18,9.54,Wednesday,0
H007,2026-01-21,4,lavado_ropa,28.26,7.07,Wednesday,0
H007,2026-01-21,4,limpieza_vivienda,7.21,1.8,Wednesday,0
H007,2026-01-24,4,aseo_personal,234.32,58.58,Saturday,0
H007,2026-01-24,4,cocina,84.49,21.12,Saturday,0
H007,2026-01-24,4,inodoro,39.98,9.99,Saturday,0
H007,2026-01-24,4,lavado_ropa,26.02,6.5,Saturday,0
H007,2026-01-24,4,limpieza_vivienda,7.95,1.99,Saturday,0
H007,2026-01-25,4,aseo_personal,270.09,67.52,Sunday,0
H007,2026-01-25,4,cocina,110.21,27.55,Sunday,0
H007,2026-01-25,4,inodoro,50.62,12.66,Sunday,0
H007,2026-01-25,4,lavado_ropa,32.57,8.14,Sunday,0
H007,2026-01-25,4,limpieza_vivienda,10.47,2.62,Sunday,0
H007,2026-01-29,4,aseo_personal,213.1,53.27,Thursday,0
H007,2026-01-29,4,cocina,97.26,24.32,Thursday,0
H007,2026-01-29,4,inodoro,36.08,9.02,Thursday,0
H007,2026-01-29,4,lavado_ropa,26.49,6.62,Thursday,0
H007,2026-01-29,4,limpieza_vivienda,7.83,1.96,Thursday,0
H007,2026-01-30,4,aseo_personal,231.88,57.97,Friday,0
H007,2026-01-30,4,cocina,85.94,21.49,Friday,0
H007,2026-01-30,4,inodoro,41.54,10.38,Friday,0
H007,2026-01-30,4,lavado_ropa,26.32,6.58,Friday,0
H007,2026-01-30,4,limpieza_vivienda,8.55,2.14,Friday,0
H007,2026-01-31,4,aseo_personal,270.57,67.64,Saturday,0
H007,2026-01-31,4,cocina,105.88,26.47,Saturday,0
H007,2026-01-31,4,inodoro,48.87,12.22,Saturday,0
H007,2026-01-31,4,lavado_ropa,29.54,7.38,Saturday,0
H007,2026-01-31,4,limpieza_vivienda,9.57,2.39,Saturday,0
H007,2026-02-03,4,aseo_personal,225.75,56.44,Tuesday,0
H007,2026-02-03,4,cocina,79.15,19.79,Tuesday,0
H007,2026-02-03,4,inodoro,40.06,10.01,Tuesday,0
H007,2026-02-03,4,lavado_ropa,26.42,6.61,Tuesday,0
H007,2026-02-03,4,limpieza_vivienda,6.53,1.63,Tuesday,0
H007,2026-02-05,4,aseo_personal,232.59,58.15,Thursday,0
H007,2026-02-05,4,cocina,92.94,23.24,Thursday,0
H007,2026-02-05,4,inodoro,41.23,10.31,Thursday,0
H007,2026-02-05,4,lavado_ropa,30.97,7.74,Thursday,0
H007,2026-02-05,4,limpieza_vivienda,9.21,2.3,Thursday,0
H007,2026-02-10,4,aseo_personal,234.65,58.66,Tuesday,0
H007,2026-02-10,4,cocina,89.95,22.49,Tuesday,0
H007,2026-02-10,4,inodoro,35.83,8.96,Tuesday,0
H007,2026-02-10,4,lavado_ropa,23.27,5.82,Tuesday,0
H007,2026-02-10,4,limpieza_vivienda,7.11,1.78,Tuesday,0
H007,2026-02-20,4,aseo_personal,228.7,57.18,Friday,0
H007,2026-02-20,4,cocina,91.13,22.78,Friday,0
H007,2026-02-20,4,inodoro,38.62,9.65,Friday,0
H007,2026-02-20,4,lavado_ropa,26.57,6.64,Friday,0
H007,2026-02-20,4,limpieza_vivienda,7.99,2.0,Friday,0
H007,2026-02-22,4,aseo_personal,219.19,54.8,Sunday,0
H007,2026-02-22,4,cocina,83.81,20.95,Sunday,0
H007,2026-02-22,4,inodoro,34.55,8.64,Sunday,0
H007,2026-02-22,4,lavado_ropa,34.87,8.72,Sunday,0
H007,2026-02-22,4,limpieza_vivienda,9.54,2.39,Sunday,0
H007,2026-02-24,4,aseo_personal,180.89,45.22,Tuesday,0
H007,2026-02-24,4,cocina,96.14,24.03,Tuesday,0
H007,2026-02-24,4,inodoro,31.26,7.82,Tuesday,0
H007,2026-02-24,4,lavado_ropa,23.73,5.93,Tuesday,0
H007,2026-02-24,4,limpieza_vivienda,7.01,1.75,Tuesday,0
H007,2026-02-27,4,aseo_personal,215.77,53.94,Friday,0
H007,2026-02-27,4,cocina,91.5,22.88,Friday,0
H007,2026-02-27,4,inodoro,39.61,9.9,Friday,0
H007,2026-02-27,4,lavado_ropa,27.4,6.85,Friday,0
H007,2026-02-27,4,limpieza_vivienda,7.36,1.84,Friday,0
H007,2026-03-12,4,aseo_personal,220.45,55.11,Thursday,0
H007,2026-03-12,4,cocina,87.89,21.97,Thursday,0
H007,2026-03-12,4,inodoro,32.51,8.13,Thursday,0
H007,2026-03-12,4,lavado_ropa,23.85,5.96,Thursday,0
H007,2026-03-12,4,limpieza_vivienda,6.68,1.67,Thursday,0
H007,2026-03-17,4,aseo_personal,212.15,53.04,Tuesday,0
H007,2026-03-17,4,cocina,100.18,25.04,Tuesday,0
H007,2026-03-17,4,inodoro,40.51,10.13,Tuesday,0
H007,2026-03-17,4,lavado_ropa,30.05,7.51,Tuesday,0
H007,2026-03-17,4,limpieza_vivienda,8.43,2.11,Tuesday,0
H007,2026-03-23,4,aseo_personal,222.92,55.73,Monday,0
H007,2026-03-23,4,cocina,96.53,24.13,Monday,0
H007,2026-03-23,4,inodoro,43.21,10.8,Monday,0
H007,2026-03-23,4,lavado_ropa,29.67,7.42,Monday,0
H007,2026-03-23,4,limpieza_vivienda,7.55,1.89,Monday,0
H007,2026-03-26,4,aseo_personal,239.01,59.75,Thursday,0
H007,2026-03-26,4,cocina,82.36,20.59,Thursday,0
H007,2026-03-26,4,inodoro,43.9,10.97,Thursday,0
H007,2026-03-26,4,lavado_ropa,27.63,6.91,Thursday,0
H007,2026-03-26,4,limpieza_vivienda,8.1,2.02,Thursday,0
H007,2026-03-29,4,aseo_personal,196.92,49.23,Sunday,0
H007,2026-03-29,4,cocina,93.21,23.3,Sunday,0
H007,2026-03-29,4,inodoro,33.88,8.47,Sunday,0
H007,2026-03-29,4,lavado_ropa,28.58,7.14,Sunday,0
H007,2026-03-29,4,limpieza_vivienda,9.54,2.39,Sunday,0
H007,2026-03-30,4,aseo_personal,227.52,56.88,Monday,0
H007,2026-03-30,4,cocina,78.08,19.52,Monday,0
H007,2026-03-30,4,inodoro,32.76,8.19,Monday,0
H007,2026-03-30,4,lavado_ropa,19.74,4.93,Monday,0
H007,2026-03-30,4,limpieza_vivienda,7.24,1.81,Monday,0
H007,2026-03-31,4,aseo_personal,202.43,50.61,Tuesday,0
H007,2026-03-31,4,cocina,70.26,17.56,Tuesday,0
H007,2026-03-31,4,inodoro,31.39,7.85,Tuesday,0
H007,2026-03-31,4,lavado_ropa,20.75,5.19,Tuesday,0
H007,2026-03-31,4,limpieza_vivienda,5.36,1.34,Tuesday,0
H007,2026-04-08,4,aseo_personal,223.58,55.89,Wednesday,0
H007,2026-04-08,4,cocina,94.79,23.7,Wednesday,0
H007,2026-04-08,4,inodoro,43.14,10.78,Wednesday,0
H007,2026-04-08,4,lavado_ropa,29.6,7.4,Wednesday,0
H007,2026-04-08,4,limpieza_vivienda,8.24,2.06,Wednesday,0
H008,2026-01-04,4,aseo_personal,232.13,58.03,Sunday,0
H008,2026-01-04,4,cocina,99.68,24.92,Sunday,0
H008,2026-01-04,4,inodoro,46.33,11.58,Sunday,0
H008,2026-01-04,4,lavado_ropa,28.25,7.06,Sunday,0
H008,2026-01-04,4,limpieza_vivienda,8.95,2.24,Sunday,0
H008,2026-01-09,4,aseo_personal,214.3,53.58,Friday,0
H008,2026-01-09,4,cocina,110.66,27.67,Friday,0
H008,2026-01-09,4,inodoro,34.75,8.69,Friday,0
H008,2026-01-09,4,lavado_ropa,25.99,6.5,Friday,0
H008,2026-01-09,4,limpieza_vivienda,7.47,1.87,Friday,0
H008,2026-01-12,4,aseo_personal,196.85,49.21,Monday,0
H008,2026-01-12,4,cocina,79.76,19.94,Monday,0
H008,2026-01-12,4,inodoro,40.99,10.25,Monday,0
H008,2026-01-12,4,lavado_ropa,25.71,6.43,Monday,0
H008,2026-01-12,4,limpieza_vivienda,6.92,1.73,Monday,0
H008,2026-01-17,4,aseo_personal,235.74,58.94,Saturday,0
H008,2026-01-17,4,cocina,107.77,26.94,Saturday,0
H008,2026-01-17,4,inodoro,39.42,9.86,Saturday,0
H008,2026-01-17,4,lavado_ropa,32.07,8.02,Saturday,0
H008,2026-01-17,4,limpieza_vivienda,9.47,2.37,Saturday,0
H008,2026-01-24,4,aseo_personal,224.32,56.08,Saturday,0
H008,2026-01-24,4,cocina,100.12,25.03,Saturday,0
H008,2026-01-24,4,inodoro,42.06,10.51,Saturday,0
H008,2026-01-24,4,lavado_ropa,32.6,8.15,Saturday,0
H008,2026-01-24,4,limpieza_vivienda,10.11,2.53,Saturday,0
H008,2026-01-25,4,aseo_personal,216.7,54.17,Sunday,0
H008,2026-01-25,4,cocina,93.53,23.38,Sunday,0
H008,2026-01-25,4,inodoro,41.48,10.37,Sunday,0
H008,2026-01-25,4,lavado_ropa,29.17,7.29,Sunday,0
H008,2026-01-25,4,limpieza_vivienda,8.68,2.17,Sunday,0
H008,2026-02-02,4,aseo_personal,355.57,88.89,Monday,1
H008,2026-02-02,4,cocina,150.38,37.6,Monday,1
H008,2026-02-02,4,inodoro,65.32,16.33,Monday,1
H008,2026-02-02,4,lavado_ropa,85.21,21.3,Monday,1
H008,2026-02-02,4,limpieza_vivienda,13.78,3.45,Monday,1
H008,2026-02-04,4,aseo_personal,209.83,52.46,Wednesday,0
H008,2026-02-04,4,cocina,70.23,17.56,Wednesday,0
H008,2026-02-04,4,inodoro,34.85,8.71,Wednesday,0
H008,2026-02-04,4,lavado_ropa,23.86,5.96,Wednesday,0
H008,2026-02-04,4,limpieza_vivienda,6.96,1.74,Wednesday,0
H008,2026-02-05,4,aseo_personal,230.45,57.61,Thursday,0
H008,2026-02-05,4,cocina,83.43,20.86,Thursday,0
H008,2026-02-05,4,inodoro,34.43,8.61,Thursday,0
H008,2026-02-05,4,lavado_ropa,24.28,6.07,Thursday,0
H008,2026-02-05,4,limpieza_vivienda,7.15,1.79,Thursday,0
H008,2026-02-12,4,aseo_personal,216.87,54.22,Thursday,0
H008,2026-02-12,4,cocina,88.27,22.07,Thursday,0
H008,2026-02-12,4,inodoro,36.29,9.07,Thursday,0
H008,2026-02-12,4,lavado_ropa,27.07,6.77,Thursday,0
H008,2026-02-12,4,limpieza_vivienda,7.76,1.94,Thursday,0
H008,2026-02-20,4,aseo_personal,211.44,52.86,Friday,0
H008,2026-02-20,4,cocina,73.09,18.27,Friday,0
H008,2026-02-20,4,inodoro,36.07,9.02,Friday,0
H008,2026-02-20,4,lavado_ropa,25.22,6.31,Friday,0
H008,2026-02-20,4,limpieza_vivienda,7.57,1.89,Friday,0
H008,2026-02-24,4,aseo_personal,231.05,57.76,Tuesday,0
H008,2026-02-24,4,cocina,97.14,24.29,Tuesday,0
H008,2026-02-24,4,inodoro,41.42,10.35,Tuesday,0
H008,2026-02-24,4,lavado_ropa,28.35,7.09,Tuesday,0
H008,2026-02-24,4,limpieza_vivienda,8.72,2.18,Tuesday,0
H008,2026-03-01,4,aseo_personal,212.02,53.0,Sunday,0
H008,2026-03-01,4,cocina,83.59,20.9,Sunday,0
H008,2026-03-01,4,inodoro,39.21,9.8,Sunday,0
H008,2026-03-01,4,lavado_ropa,25.47,6.37,Sunday,0
H008,2026-03-01,4,limpieza_vivienda,7.38,1.84,Sunday,0
H008,2026-03-03,4,aseo_personal,230.67,57.67,Tuesday,0
H008,2026-03-03,4,cocina,90.36,22.59,Tuesday,0
H008,2026-03-03,4,inodoro,41.76,10.44,Tuesday,0
H008,2026-03-03,4,lavado_ropa,27.47,6.87,Tuesday,0
H008,2026-03-03,4,limpieza_vivienda,7.79,1.95,Tuesday,0
H008,2026-03-07,4,aseo_personal,240.52,60.13,Saturday,0
H008,2026-03-07,4,cocina,95.85,23.96,Saturday,0
H008,2026-03-07,4,inodoro,43.37,10.84,Saturday,0
H008,2026-03-07,4,lavado_ropa,27.98,7.0,Saturday,0
H008,2026-03-07,4,limpieza_vivienda,9.77,2.44,Saturday,0
H008,2026-03-11,4,aseo_personal,227.21,56.8,Wednesday,0
H008,2026-03-11,4,cocina,93.51,23.38,Wednesday,0
H008,2026-03-11,4,inodoro,36.56,9.14,Wednesday,0
H008,2026-03-11,4,lavado_ropa,22.67,5.67,Wednesday,0
H008,2026-03-11,4,limpieza_vivienda,6.44,1.61,Wednesday,0
H008,2026-03-21,4,aseo_personal,265.41,66.35,Saturday,0
H008,2026-03-21,4,cocina,101.13,25.28,Saturday,0
H008,2026-03-21,4,inodoro,39.33,9.83,Saturday,0
H008,2026-03-21,4,lavado_ropa,28.2,7.05,Saturday,0
H008,2026-03-21,4,limpieza_vivienda,9.75,2.44,Saturday,0
H008,2026-03-25,4,aseo_personal,219.97,54.99,Wednesday,0
H008,2026-03-25,4,cocina,87.19,21.8,Wednesday,0
H008,2026-03-25,4,inodoro,35.08,8.77,Wednesday,0
H008,2026-03-25,4,lavado_ropa,22.63,5.66,Wednesday,0
H008,2026-03-25,4,limpieza_vivienda,8.21,2.05,Wednesday,0
H008,2026-03-29,4,aseo_personal,229.36,57.34,Sunday,0
H008,2026-03-29,4,cocina,87.27,21.82,Sunday,0
H008,2026-03-29,4,inodoro,37.63,9.41,Sunday,0
H008,2026-03-29,4,lavado_ropa,29.17,7.29,Sunday,0
H008,2026-03-29,4,limpieza_vivienda,8.45,2.11,Sunday,0
H008,2026-03-31,4,aseo_personal,205.19,51.3,Tuesday,0
H008,2026-03-31,4,cocina,88.02,22.0,Tuesday,0
H008,2026-03-31,4,inodoro,38.08,9.52,Tuesday,0
H008,2026-03-31,4,lavado_ropa,22.64,5.66,Tuesday,0
H008,2026-03-31,4,limpieza_vivienda,7.57,1.89,Tuesday,0
H008,2026-04-05,4,aseo_personal,217.74,54.44,Sunday,0
H008,2026-04-05,4,cocina,86.91,21.73,Sunday,0
H008,2026-04-05,4,inodoro,41.02,10.26,Sunday,0
H008,2026-04-05,4,lavado_ropa,28.89,7.22,Sunday,0
H008,2026-04-05,4,limpieza_vivienda,8.68,2.17,Sunday,0
H008,2026-04-06,4,aseo_personal,210.33,52.58,Monday,0
H008,2026-04-06,4,cocina,96.6,24.15,Monday,0
H008,2026-04-06,4,inodoro,35.36,8.84,Monday,0
H008,2026-04-06,4,lavado_ropa,25.72,6.43,Monday,0
H008,2026-04-06,4,limpieza_vivienda,8.26,2.07,Monday,0
H008,2026-04-07,4,aseo_personal,228.52,57.13,Tuesday,0
H008,2026-04-07,4,cocina,75.86,18.96,Tuesday,0
H008,2026-04-07,4,inodoro,37.48,9.37,Tuesday,0
H008,2026-04-07,4,lavado_ropa,23.74,5.93,Tuesday,0
H008,2026-04-07,4,limpieza_vivienda,7.42,1.85,Tuesday,0
H009,2026-01-04,2,aseo_personal,131.79,65.9,Sunday,0
H009,2026-01-04,2,cocina,52.65,26.32,Sunday,0
H009,2026-01-04,2,inodoro,24.98,12.49,Sunday,0
H009,2026-01-04,2,lavado_ropa,18.01,9.01,Sunday,0
H009,2026-01-04,2,limpieza_vivienda,4.84,2.42,Sunday,0
H009,2026-01-06,2,aseo_personal,101.99,50.99,Tuesday,0
H009,2026-01-06,2,cocina,41.98,20.99,Tuesday,0
H009,2026-01-06,2,inodoro,17.64,8.82,Tuesday,0
H009,2026-01-06,2,lavado_ropa,12.55,6.27,Tuesday,0
H009,2026-01-06,2,limpieza_vivienda,2.73,1.37,Tuesday,0
H009,2026-01-11,2,aseo_personal,113.6,56.8,Sunday,0
H009,2026-01-11,2,cocina,45.56,22.78,Sunday,0
H009,2026-01-11,2,inodoro,18.38,9.19,Sunday,0
H009,2026-01-11,2,lavado_ropa,13.38,6.69,Sunday,0
H009,2026-01-11,2,limpieza_vivienda,4.96,2.48,Sunday,0
H009,2026-01-22,2,aseo_personal,129.12,64.56,Thursday,0
H009,2026-01-22,2,cocina,48.02,24.01,Thursday,0
H009,2026-01-22,2,inodoro,21.69,10.85,Thursday,0
H009,2026-01-22,2,lavado_ropa,16.1,8.05,Thursday,0
H009,2026-01-22,2,limpieza_vivienda,3.74,1.87,Thursday,0
H009,2026-01-24,2,aseo_personal,115.75,57.87,Saturday,0
H009,2026-01-24,2,cocina,46.28,23.14,Saturday,0
H009,2026-01-24,2,inodoro,19.63,9.82,Saturday,0
H009,2026-01-24,2,lavado_ropa,13.56,6.78,Saturday,0
H009,2026-01-24,2,limpieza_vivienda,4.12,2.06,Saturday,0
H009,2026-01-29,2,aseo_personal,102.86,51.43,Thursday,0
H009,2026-01-29,2,cocina,42.62,21.31,Thursday,0
H009,2026-01-29,2,inodoro,16.81,8.4,Thursday,0
H009,2026-01-29,2,lavado_ropa,12.47,6.24,Thursday,0
H009,2026-01-29,2,limpieza_vivienda,3.55,1.78,Thursday,0
H009,2026-02-01,2,aseo_personal,115.28,57.64,Sunday,0
H009,2026-02-01,2,cocina,46.19,23.09,Sunday,0
H009,2026-02-01,2,inodoro,17.8,8.9,Sunday,0
H009,2026-02-01,2,lavado_ropa,13.41,6.7,Sunday,0
H009,2026-02-01,2,limpieza_vivienda,4.1,2.05,Sunday,0
H009,2026-02-03,2,aseo_personal,101.09,50.55,Tuesday,0
H009,2026-02-03,2,cocina,43.95,21.98,Tuesday,0
H009,2026-02-03,2,inodoro,18.9,9.45,Tuesday,0
H009,2026-02-03,2,lavado_ropa,13.42,6.71,Tuesday,0
H009,2026-02-03,2,limpieza_vivienda,3.73,1.87,Tuesday,0
H009,2026-02-13,2,aseo_personal,130.42,65.21,Friday,0
H009,2026-02-13,2,cocina,42.72,21.36,Friday,0
H009,2026-02-13,2,inodoro,22.82,11.41,Friday,0
H009,2026-02-13,2,lavado_ropa,14.63,7.31,Friday,0
H009,2026-02-13,2,limpieza_vivienda,4.86,2.43,Friday,0
H009,2026-02-26,2,aseo_personal,102.22,51.11,Thursday,0
H009,2026-02-26,2,cocina,43.11,21.55,Thursday,0
H009,2026-02-26,2,inodoro,18.73,9.37,Thursday,0
H009,2026-02-26,2,lavado_ropa,14.13,7.07,Thursday,0
H009,2026-02-26,2,limpieza_vivienda,4.26,2.13,Thursday,0
H009,2026-02-28,2,aseo_personal,119.38,59.69,Saturday,0
H009,2026-02-28,2,cocina,54.09,27.05,Saturday,0
H009,2026-02-28,2,inodoro,22.13,11.06,Saturday,0
H009,2026-02-28,2,lavado_ropa,14.94,7.47,Saturday,0
H009,2026-02-28,2,limpieza_vivienda,4.44,2.22,Saturday,0
H009,2026-03-20,2,aseo_personal,116.18,58.09,Friday,0
H009,2026-03-20,2,cocina,42.16,21.08,Friday,0
H009,2026-03-20,2,inodoro,19.47,9.74,Friday,0
H009,2026-03-20,2,lavado_ropa,12.33,6.16,Friday,0
H009,2026-03-20,2,limpieza_vivienda,3.89,1.94,Friday,0
H009,2026-03-21,2,aseo_personal,115.47,57.73,Saturday,0
H009,2026-03-21,2,cocina,55.38,27.69,Saturday,0
H009,2026-03-21,2,inodoro,23.07,11.54,Saturday,0
H009,2026-03-21,2,lavado_ropa,14.47,7.24,Saturday,0
H009,2026-03-21,2,limpieza_vivienda,5.09,2.55,Saturday,0
H009,2026-03-22,2,aseo_personal,135.28,67.64,Sunday,0
H009,2026-03-22,2,cocina,48.34,24.17,Sunday,0
H009,2026-03-22,2,inodoro,22.47,11.24,Sunday,0
H009,2026-03-22,2,lavado_ropa,12.66,6.33,Sunday,0
H009,2026-03-22,2,limpieza_vivienda,4.38,2.19,Sunday,0
H009,2026-03-23,2,aseo_personal,108.98,54.49,Monday,0
H009,2026-03-23,2,cocina,51.49,25.75,Monday,0
H009,2026-03-23,2,inodoro,21.23,10.62,Monday,0
H009,2026-03-23,2,lavado_ropa,18.23,9.11,Monday,0
H009,2026-03-23,2,limpieza_vivienda,4.12,2.06,Monday,0
H009,2026-03-30,2,aseo_personal,116.71,58.35,Monday,0
H009,2026-03-30,2,cocina,45.45,22.72,Monday,0
H009,2026-03-30,2,inodoro,21.12,10.56,Monday,0
H009,2026-03-30,2,lavado_ropa,13.66,6.83,Monday,0
H009,2026-03-30,2,limpieza_vivienda,3.53,1.77,Monday,0
H009,2026-04-04,2,aseo_personal,120.94,60.47,Saturday,0
H009,2026-04-04,2,cocina,53.93,26.97,Saturday,0
H009,2026-04-04,2,inodoro,20.83,10.41,Saturday,0
H009,2026-04-04,2,lavado_ropa,15.5,7.75,Saturday,0
H009,2026-04-04,2,limpieza_vivienda,4.39,2.19,Saturday,0
H009,2026-04-05,2,aseo_personal,124.36,62.18,Sunday,0
H009,2026-04-05,2,cocina,51.1,25.55,Sunday,0
H009,2026-04-05,2,inodoro,17.66,8.83,Sunday,0
H009,2026-04-05,2,lavado_ropa,14.15,7.07,Sunday,0
H009,2026-04-05,2,limpieza_vivienda,4.64,2.32,Sunday,0
H010,2026-01-04,3,aseo_personal,236.72,78.91,Sunday,0
H010,2026-01-04,3,cocina,69.58,23.19,Sunday,0
H010,2026-01-04,3,inodoro,35.57,11.86,Sunday,0
H010,2026-01-04,3,lavado_ropa,21.52,7.17,Sunday,0
H010,2026-01-04,3,limpieza_vivienda,6.82,2.27,Sunday,0
H010,2026-01-06,3,aseo_personal,211.96,70.65,Tuesday,0
H010,2026-01-06,3,cocina,93.36,31.12,Tuesday,0
H010,2026-01-06,3,inodoro,36.92,12.31,Tuesday,0
H010,2026-01-06,3,lavado_ropa,29.32,9.77,Tuesday,0
H010,2026-01-06,3,limpieza_vivienda,7.56,2.52,Tuesday,0
H010,2026-01-11,3,aseo_personal,181.11,60.37,Sunday,0
H010,2026-01-11,3,cocina,60.67,20.22,Sunday,0
H010,2026-01-11,3,inodoro,31.98,10.66,Sunday,0
H010,2026-01-11,3,lavado_ropa,22.38,7.46,Sunday,0
H010,2026-01-11,3,limpieza_vivienda,5.55,1.85,Sunday,0
H010,2026-01-17,3,aseo_personal,241.71,80.57,Saturday,0
H010,2026-01-17,3,cocina,103.65,34.55,Saturday,0
H010,2026-01-17,3,inodoro,43.24,14.41,Saturday,0
H010,2026-01-17,3,lavado_ropa,31.83,10.61,Saturday,0
H010,2026-01-17,3,limpieza_vivienda,11.38,3.79,Saturday,0
H010,2026-01-25,3,aseo_personal,187.79,62.6,Sunday,0
H010,2026-01-25,3,cocina,83.68,27.89,Sunday,0
H010,2026-01-25,3,inodoro,29.8,9.93,Sunday,0
H010,2026-01-25,3,lavado_ropa,23.22,7.74,Sunday,0
H010,2026-01-25,3,limpieza_vivienda,7.07,2.36,Sunday,0
H010,2026-01-28,3,aseo_personal,201.71,67.24,Wednesday,0
H010,2026-01-28,3,cocina,70.01,23.34,Wednesday,0
H010,2026-01-28,3,inodoro,30.18,10.06,Wednesday,0
H010,2026-01-28,3,lavado_ropa,22.51,7.5,Wednesday,0
H010,2026-01-28,3,limpieza_vivienda,5.88,1.96,Wednesday,0
H010,2026-01-30,3,aseo_personal,211.67,70.56,Friday,0
H010,2026-01-30,3,cocina,76.9,25.63,Friday,0
H010,2026-01-30,3,inodoro,42.61,14.2,Friday,0
H010,2026-01-30,3,lavado_ropa,31.11,10.37,Friday,0
H010,2026-01-30,3,limpieza_vivienda,6.87,2.29,Friday,0
H010,2026-01-31,3,aseo_personal,233.8,77.93,Saturday,0
H010,2026-01-31,3,cocina,101.99,34.0,Saturday,0
H010,2026-01-31,3,inodoro,41.22,13.74,Saturday,0
H010,2026-01-31,3,lavado_ropa,32.99,11.0,Saturday,0
H010,2026-01-31,3,limpieza_vivienda,7.3,2.43,Saturday,0
H010,2026-02-06,3,aseo_personal,224.42,74.81,Friday,0
H010,2026-02-06,3,cocina,84.26,28.09,Friday,0
H010,2026-02-06,3,inodoro,34.45,11.48,Friday,0
H010,2026-02-06,3,lavado_ropa,24.45,8.15,Friday,0
H010,2026-02-06,3,limpieza_vivienda,6.47,2.16,Friday,0
H010,2026-02-22,3,aseo_personal,206.34,68.78,Sunday,0
H010,2026-02-22,3,cocina,72.62,24.21,Sunday,0
H010,2026-02-22,3,inodoro,26.69,8.9,Sunday,0
H010,2026-02-22,3,lavado_ropa,19.84,6.61,Sunday,0
H010,2026-02-22,3,limpieza_vivienda,5.95,1.98,Sunday,0
H010,2026-02-23,3,aseo_personal,201.43,67.14,Monday,0
H010,2026-02-23,3,cocina,78.57,26.19,Monday,0
H010,2026-02-23,3,inodoro,37.22,12.41,Monday,0
H010,2026-02-23,3,lavado_ropa,26.63,8.88,Monday,0
H010,2026-02-23,3,limpieza_vivienda,6.53,2.18,Monday,0
H010,2026-03-01,3,aseo_personal,225.98,75.33,Sunday,0
H010,2026-03-01,3,cocina,106.79,35.6,Sunday,0
H010,2026-03-01,3,inodoro,46.54,15.51,Sunday,0
H010,2026-03-01,3,lavado_ropa,28.36,9.45,Sunday,0
H010,2026-03-01,3,limpieza_vivienda,8.47,2.82,Sunday,0
H010,2026-03-05,3,aseo_personal,207.46,69.15,Thursday,0
H010,2026-03-05,3,cocina,84.93,28.31,Thursday,0
H010,2026-03-05,3,inodoro,40.56,13.52,Thursday,0
H010,2026-03-05,3,lavado_ropa,26.76,8.92,Thursday,0
H010,2026-03-05,3,limpieza_vivienda,6.77,2.26,Thursday,0
H010,2026-03-13,3,aseo_personal,186.08,62.03,Friday,0
H010,2026-03-13,3,cocina,76.59,25.53,Friday,0
H010,2026-03-13,3,inodoro,38.11,12.7,Friday,0
H010,2026-03-13,3,lavado_ropa,22.21,7.4,Friday,0
H010,2026-03-13,3,limpieza_vivienda,6.95,2.32,Friday,0
H010,2026-03-17,3,aseo_personal,207.05,69.02,Tuesday,0
H010,2026-03-17,3,cocina,90.55,30.18,Tuesday,0
H010,2026-03-17,3,inodoro,43.31,14.44,Tuesday,0
H010,2026-03-17,3,lavado_ropa,26.24,8.75,Tuesday,0
H010,2026-03-17,3,limpieza_vivienda,7.57,2.52,Tuesday,0
H010,2026-03-18,3,aseo_personal,173.34,57.78,Wednesday,0
H010,2026-03-18,3,cocina,77.85,25.95,Wednesday,0
H010,2026-03-18,3,inodoro,29.92,9.97,Wednesday,0
H010,2026-03-18,3,lavado_ropa,19.88,6.63,Wednesday,0
H010,2026-03-18,3,limpieza_vivienda,6.27,2.09,Wednesday,0
H010,2026-03-19,3,aseo_personal,243.19,81.06,Thursday,0
H010,2026-03-19,3,cocina,89.4,29.8,Thursday,0
H010,2026-03-19,3,inodoro,45.54,15.18,Thursday,0
H010,2026-03-19,3,lavado_ropa,28.9,9.63,Thursday,0
H010,2026-03-19,3,limpieza_vivienda,8.16,2.72,Thursday,0
H010,2026-03-20,3,aseo_personal,447.48,149.16,Friday,1
H010,2026-03-20,3,cocina,148.04,49.35,Friday,1
H010,2026-03-20,3,inodoro,124.1,41.37,Friday,1
H010,2026-03-20,3,lavado_ropa,46.55,15.52,Friday,1
H010,2026-03-20,3,limpieza_vivienda,14.51,4.84,Friday,1
H010,2026-03-24,3,aseo_personal,210.48,70.16,Tuesday,0
H010,2026-03-24,3,cocina,71.59,23.86,Tuesday,0
H010,2026-03-24,3,inodoro,36.15,12.05,Tuesday,0
H010,2026-03-24,3,lavado_ropa,22.73,7.58,Tuesday,0
H010,2026-03-24,3,limpieza_vivienda,6.18,2.06,Tuesday,0
H010,2026-03-25,3,aseo_personal,197.51,65.84,Wednesday,0
H010,2026-03-25,3,cocina,78.57,26.19,Wednesday,0
H010,2026-03-25,3,inodoro,35.88,11.96,Wednesday,0
H010,2026-03-25,3,lavado_ropa,26.94,8.98,Wednesday,0
H010,2026-03-25,3,limpieza_vivienda,5.67,1.89,Wednesday,0
H010,2026-04-04,3,aseo_personal,263.84,87.95,Saturday,0
H010,2026-04-04,3,cocina,109.66,36.55,Saturday,0
H010,2026-04-04,3,inodoro,44.48,14.83,Saturday,0
H010,2026-04-04,3,lavado_ropa,29.8,9.93,Saturday,0
H010,2026-04-04,3,limpieza_vivienda,9.97,3.32,Saturday,0
H011,2026-01-04,3,aseo_personal,146.82,48.94,Sunday,0
H011,2026-01-04,3,cocina,67.47,22.49,Sunday,0
H011,2026-01-04,3,inodoro,25.73,8.58,Sunday,0
H011,2026-01-04,3,lavado_ropa,18.46,6.15,Sunday,0
H011,2026-01-04,3,limpieza_vivienda,5.75,1.92,Sunday,0
H011,2026-01-08,3,aseo_personal,150.83,50.28,Thursday,0
H011,2026-01-08,3,cocina,60.47,20.16,Thursday,0
H011,2026-01-08,3,inodoro,27.65,9.22,Thursday,0
H011,2026-01-08,3,lavado_ropa,18.4,6.13,Thursday,0
H011,2026-01-08,3,limpieza_vivienda,5.29,1.76,Thursday,0
H011,2026-01-12,3,aseo_personal,139.56,46.52,Monday,0
H011,2026-01-12,3,cocina,56.34,18.78,Monday,0
H011,2026-01-12,3,inodoro,25.68,8.56,Monday,0
H011,2026-01-12,3,lavado_ropa,15.66,5.22,Monday,0
H011,2026-01-12,3,limpieza_vivienda,4.68,1.56,Monday,0
H011,2026-01-14,3,aseo_personal,160.18,53.39,Wednesday,0
H011,2026-01-14,3,cocina,65.13,21.71,Wednesday,0
H011,2026-01-14,3,inodoro,21.49,7.16,Wednesday,0
H011,2026-01-14,3,lavado_ropa,17.1,5.7,Wednesday,0
H011,2026-01-14,3,limpieza_vivienda,5.17,1.72,Wednesday,0
H011,2026-01-17,3,aseo_personal,202.64,67.55,Saturday,0
H011,2026-01-17,3,cocina,76.02,25.34,Saturday,0
H011,2026-01-17,3,inodoro,34.68,11.56,Saturday,0
H011,2026-01-17,3,lavado_ropa,19.13,6.38,Saturday,0
H011,2026-01-17,3,limpieza_vivienda,6.86,2.29,Saturday,0
H011,2026-01-20,3,aseo_personal,159.02,53.01,Tuesday,0
H011,2026-01-20,3,cocina,62.32,20.77,Tuesday,0
H011,2026-01-20,3,inodoro,24.92,8.31,Tuesday,0
H011,2026-01-20,3,lavado_ropa,18.93,6.31,Tuesday,0
H011,2026-01-20,3,limpieza_vivienda,4.72,1.57,Tuesday,0
H011,2026-01-23,3,aseo_personal,155.15,51.72,Friday,0
H011,2026-01-23,3,cocina,64.91,21.64,Friday,0
H011,2026-01-23,3,inodoro,24.57,8.19,Friday,0
H011,2026-01-23,3,lavado_ropa,19.46,6.49,Friday,0
H011,2026-01-23,3,limpieza_vivienda,5.63,1.88,Friday,0
H011,2026-01-25,3,aseo_personal,295.66,98.55,Sunday,1
H011,2026-01-25,3,cocina,318.12,106.04,Sunday,1
H011,2026-01-25,3,inodoro,67.57,22.52,Sunday,1
H011,2026-01-25,3,lavado_ropa,45.18,15.06,Sunday,1
H011,2026-01-25,3,limpieza_vivienda,11.41,3.8,Sunday,1
H011,2026-02-02,3,aseo_personal,154.68,51.56,Monday,0
H011,2026-02-02,3,cocina,60.67,20.22,Monday,0
H011,2026-02-02,3,inodoro,32.44,10.81,Monday,0
H011,2026-02-02,3,lavado_ropa,21.34,7.11,Monday,0
H011,2026-02-02,3,limpieza_vivienda,5.45,1.82,Monday,0
H011,2026-02-09,3,aseo_personal,176.34,58.78,Monday,0
H011,2026-02-09,3,cocina,76.76,25.59,Monday,0
H011,2026-02-09,3,inodoro,29.07,9.69,Monday,0
H011,2026-02-09,3,lavado_ropa,20.91,6.97,Monday,0
H011,2026-02-09,3,limpieza_vivienda,6.28,2.09,Monday,0
H011,2026-02-16,3,aseo_personal,158.11,52.7,Monday,0
H011,2026-02-16,3,cocina,64.29,21.43,Monday,0
H011,2026-02-16,3,inodoro,30.33,10.11,Monday,0
H011,2026-02-16,3,lavado_ropa,21.07,7.02,Monday,0
H011,2026-02-16,3,limpieza_vivienda,5.56,1.85,Monday,0
H011,2026-02-20,3,aseo_personal,144.55,48.18,Friday,0
H011,2026-02-20,3,cocina,60.31,20.1,Friday,0
H011,2026-02-20,3,inodoro,25.63,8.54,Friday,0
H011,2026-02-20,3,lavado_ropa,22.23,7.41,Friday,0
H011,2026-02-20,3,limpieza_vivienda,5.92,1.97,Friday,0
H011,2026-02-21,3,aseo_personal,151.56,50.52,Saturday,0
H011,2026-02-21,3,cocina,61.96,20.65,Saturday,0
H011,2026-02-21,3,inodoro,24.52,8.17,Saturday,0
H011,2026-02-21,3,lavado_ropa,16.94,5.65,Saturday,0
H011,2026-02-21,3,limpieza_vivienda,5.23,1.74,Saturday,0
H011,2026-03-01,3,aseo_personal,151.8,50.6,Sunday,0
H011,2026-03-01,3,cocina,74.2,24.73,Sunday,0
H011,2026-03-01,3,inodoro,34.4,11.47,Sunday,0
H011,2026-03-01,3,lavado_ropa,20.13,6.71,Sunday,0
H011,2026-03-01,3,limpieza_vivienda,6.16,2.05,Sunday,0
H011,2026-03-03,3,aseo_personal,158.9,52.97,Tuesday,0
H011,2026-03-03,3,cocina,61.67,20.56,Tuesday,0
H011,2026-03-03,3,inodoro,27.94,9.31,Tuesday,0
H011,2026-03-03,3,lavado_ropa,17.89,5.96,Tuesday,0
H011,2026-03-03,3,limpieza_vivienda,4.87,1.62,Tuesday,0
H011,2026-03-09,3,aseo_personal,160.57,53.52,Monday,0
H011,2026-03-09,3,cocina,64.58,21.53,Monday,0
H011,2026-03-09,3,inodoro,26.19,8.73,Monday,0
H011,2026-03-09,3,lavado_ropa,20.15,6.72,Monday,0
H011,2026-03-09,3,limpieza_vivienda,5.3,1.77,Monday,0
H011,2026-03-14,3,aseo_personal,141.26,47.09,Saturday,0
H011,2026-03-14,3,cocina,51.35,17.12,Saturday,0
H011,2026-03-14,3,inodoro,23.58,7.86,Saturday,0
H011,2026-03-14,3,lavado_ropa,14.62,4.87,Saturday,0
H011,2026-03-14,3,limpieza_vivienda,5.13,1.71,Saturday,0
H011,2026-03-26,3,aseo_personal,137.29,45.76,Thursday,0
H011,2026-03-26,3,cocina,53.86,17.95,Thursday,0
H011,2026-03-26,3,inodoro,23.91,7.97,Thursday,0
H011,2026-03-26,3,lavado_ropa,15.64,5.21,Thursday,0
H011,2026-03-26,3,limpieza_vivienda,4.76,1.59,Thursday,0
H011,2026-03-27,3,aseo_personal,139.09,46.36,Friday,0
H011,2026-03-27,3,cocina,64.24,21.41,Friday,0
H011,2026-03-27,3,inodoro,23.77,7.92,Friday,0
H011,2026-03-27,3,lavado_ropa,19.28,6.43,Friday,0
H011,2026-03-27,3,limpieza_vivienda,5.56,1.85,Friday,0
H011,2026-03-30,3,aseo_personal,154.25,51.42,Monday,0
H011,2026-03-30,3,cocina,64.22,21.41,Monday,0
H011,2026-03-30,3,inodoro,26.17,8.72,Monday,0
H011,2026-03-30,3,lavado_ropa,18.82,6.27,Monday,0
H011,2026-03-30,3,limpieza_vivienda,6.46,2.15,Monday,0
H011,2026-04-04,3,aseo_personal,171.41,57.14,Saturday,0
H011,2026-04-04,3,cocina,75.42,25.14,Saturday,0
H011,2026-04-04,3,inodoro,27.12,9.04,Saturday,0
H011,2026-04-04,3,lavado_ropa,19.67,6.56,Saturday,0
H011,2026-04-04,3,limpieza_vivienda,5.81,1.94,Saturday,0
H011,2026-04-07,3,aseo_personal,157.55,52.52,Tuesday,0
H011,2026-04-07,3,cocina,59.25,19.75,Tuesday,0
H011,2026-04-07,3,inodoro,25.56,8.52,Tuesday,0
H011,2026-04-07,3,lavado_ropa,16.66,5.55,Tuesday,0
H011,2026-04-07,3,limpieza_vivienda,5.24,1.75,Tuesday,0
H011,2026-04-09,3,aseo_personal,140.5,46.83,Thursday,0
H011,2026-04-09,3,cocina,62.84,20.95,Thursday,0
H011,2026-04-09,3,inodoro,27.76,9.25,Thursday,0
H011,2026-04-09,3,lavado_ropa,22.5,7.5,Thursday,0
H011,2026-04-09,3,limpieza_vivienda,4.91,1.64,Thursday,0
H011,2026-04-10,3,aseo_personal,149.05,49.68,Friday,0
H011,2026-04-10,3,cocina,55.09,18.36,Friday,0
H011,2026-04-10,3,inodoro,27.35,9.12,Friday,0
H011,2026-04-10,3,lavado_ropa,19.22,6.41,Friday,0
H011,2026-04-10,3,limpieza_vivienda,5.62,1.87,Friday,0
H012,2026-01-01,5,aseo_personal,298.6,59.72,Thursday,0
H012,2026-01-01,5,cocina,157.26,31.45,Thursday,0
H012,2026-01-01,5,inodoro,62.92,12.58,Thursday,0
H012,2026-01-01,5,lavado_ropa,42.66,8.53,Thursday,0
H012,2026-01-01,5,limpieza_vivienda,10.25,2.05,Thursday,0
H012,2026-01-10,5,aseo_personal,360.76,72.15,Saturday,0
H012,2026-01-10,5,cocina,142.82,28.56,Saturday,0
H012,2026-01-10,5,inodoro,60.32,12.06,Saturday,0
H012,2026-01-10,5,lavado_ropa,44.81,8.96,Saturday,0
H012,2026-01-10,5,limpieza_vivienda,12.92,2.58,Saturday,0
H012,2026-01-20,5,aseo_personal,253.09,50.62,Tuesday,0
H012,2026-01-20,5,cocina,112.0,22.4,Tuesday,0
H012,2026-01-20,5,inodoro,51.28,10.26,Tuesday,0
H012,2026-01-20,5,lavado_ropa,33.88,6.78,Tuesday,0
H012,2026-01-20,5,limpieza_vivienda,9.1,1.82,Tuesday,0
H012,2026-01-21,5,aseo_personal,340.0,68.0,Wednesday,0
H012,2026-01-21,5,cocina,151.5,30.3,Wednesday,0
H012,2026-01-21,5,inodoro,59.89,11.98,Wednesday,0
H012,2026-01-21,5,lavado_ropa,43.13,8.63,Wednesday,0
H012,2026-01-21,5,limpieza_vivienda,13.5,2.7,Wednesday,0
H012,2026-01-24,5,aseo_personal,304.61,60.92,Saturday,0
H012,2026-01-24,5,cocina,133.46,26.69,Saturday,0
H012,2026-01-24,5,inodoro,64.52,12.9,Saturday,0
H012,2026-01-24,5,lavado_ropa,42.24,8.45,Saturday,0
H012,2026-01-24,5,limpieza_vivienda,12.61,2.52,Saturday,0
H012,2026-02-03,5,aseo_personal,345.59,69.12,Tuesday,0
H012,2026-02-03,5,cocina,125.69,25.14,Tuesday,0
H012,2026-02-03,5,inodoro,64.45,12.89,Tuesday,0
H012,2026-02-03,5,lavado_ropa,40.37,8.07,Tuesday,0
H012,2026-02-03,5,limpieza_vivienda,12.25,2.45,Tuesday,0
H012,2026-02-04,5,aseo_personal,340.25,68.05,Wednesday,0
H012,2026-02-04,5,cocina,127.69,25.54,Wednesday,0
H012,2026-02-04,5,inodoro,56.88,11.38,Wednesday,0
H012,2026-02-04,5,lavado_ropa,38.48,7.7,Wednesday,0
H012,2026-02-04,5,limpieza_vivienda,10.9,2.18,Wednesday,0
H012,2026-02-08,5,aseo_personal,364.48,72.9,Sunday,0
H012,2026-02-08,5,cocina,123.95,24.79,Sunday,0
H012,2026-02-08,5,inodoro,55.74,11.15,Sunday,0
H012,2026-02-08,5,lavado_ropa,34.96,6.99,Sunday,0
H012,2026-02-08,5,limpieza_vivienda,12.94,2.59,Sunday,0
H012,2026-02-21,5,aseo_personal,393.08,78.62,Saturday,0
H012,2026-02-21,5,cocina,141.5,28.3,Saturday,0
H012,2026-02-21,5,inodoro,61.48,12.3,Saturday,0
H012,2026-02-21,5,lavado_ropa,35.97,7.19,Saturday,0
H012,2026-02-21,5,limpieza_vivienda,14.01,2.8,Saturday,0
H012,2026-02-22,5,aseo_personal,321.16,64.23,Sunday,0
H012,2026-02-22,5,cocina,125.28,25.06,Sunday,0
H012,2026-02-22,5,inodoro,54.53,10.91,Sunday,0
H012,2026-02-22,5,lavado_ropa,43.25,8.65,Sunday,0
H012,2026-02-22,5,limpieza_vivienda,11.65,2.33,Sunday,0
H012,2026-03-04,5,aseo_personal,343.73,68.75,Wednesday,0
H012,2026-03-04,5,cocina,136.81,27.36,Wednesday,0
H012,2026-03-04,5,inodoro,63.45,12.69,Wednesday,0
H012,2026-03-04,5,lavado_ropa,39.3,7.86,Wednesday,0
H012,2026-03-04,5,limpieza_vivienda,11.41,2.28,Wednesday,0
H012,2026-03-06,5,aseo_personal,325.6,65.12,Friday,0
H012,2026-03-06,5,cocina,131.91,26.38,Friday,0
H012,2026-03-06,5,inodoro,54.68,10.94,Friday,0
H012,2026-03-06,5,lavado_ropa,43.64,8.73,Friday,0
H012,2026-03-06,5,limpieza_vivienda,11.96,2.39,Friday,0
H012,2026-03-10,5,aseo_personal,369.53,73.91,Tuesday,0
H012,2026-03-10,5,cocina,140.07,28.01,Tuesday,0
H012,2026-03-10,5,inodoro,62.37,12.47,Tuesday,0
H012,2026-03-10,5,lavado_ropa,39.65,7.93,Tuesday,0
H012,2026-03-10,5,limpieza_vivienda,11.33,2.27,Tuesday,0
H012,2026-03-15,5,aseo_personal,299.53,59.91,Sunday,0
H012,2026-03-15,5,cocina,125.91,25.18,Sunday,0
H012,2026-03-15,5,inodoro,54.62,10.92,Sunday,0
H012,2026-03-15,5,lavado_ropa,42.04,8.41,Sunday,0
H012,2026-03-15,5,limpieza_vivienda,11.16,2.23,Sunday,0
H012,2026-03-21,5,aseo_personal,353.94,70.79,Saturday,0
H012,2026-03-21,5,cocina,173.87,34.77,Saturday,0
H012,2026-03-21,5,inodoro,63.07,12.61,Saturday,0
H012,2026-03-21,5,lavado_ropa,44.84,8.97,Saturday,0
H012,2026-03-21,5,limpieza_vivienda,12.95,2.59,Saturday,0
H012,2026-03-29,5,aseo_personal,371.09,74.22,Sunday,0
H012,2026-03-29,5,cocina,165.56,33.11,Sunday,0
H012,2026-03-29,5,inodoro,66.93,13.39,Sunday,0
H012,2026-03-29,5,lavado_ropa,47.67,9.53,Sunday,0
H012,2026-03-29,5,limpieza_vivienda,15.37,3.07,Sunday,0
H012,2026-04-10,5,aseo_personal,324.62,64.92,Friday,0
H012,2026-04-10,5,cocina,120.57,24.11,Friday,0
H012,2026-04-10,5,inodoro,57.26,11.45,Friday,0
H012,2026-04-10,5,lavado_ropa,44.62,8.92,Friday,0
H012,2026-04-10,5,limpieza_vivienda,11.29,2.26,Friday,0
H013,2026-01-20,4,aseo_personal,172.36,43.09,Tuesday,0
H013,2026-01-20,4,cocina,60.71,15.18,Tuesday,0
H013,2026-01-20,4,inodoro,33.75,8.44,Tuesday,0
H013,2026-01-20,4,lavado_ropa,20.69,5.17,Tuesday,0
H013,2026-01-20,4,limpieza_vivienda,6.32,1.58,Tuesday,0
H013,2026-01-23,4,aseo_personal,192.82,48.2,Friday,0
H013,2026-01-23,4,cocina,60.25,15.06,Friday,0
H013,2026-01-23,4,inodoro,31.47,7.87,Friday,0
H013,2026-01-23,4,lavado_ropa,21.3,5.32,Friday,0
H013,2026-01-23,4,limpieza_vivienda,5.76,1.44,Friday,0
H013,2026-02-01,4,aseo_personal,213.6,53.4,Sunday,0
H013,2026-02-01,4,cocina,85.69,21.42,Sunday,0
H013,2026-02-01,4,inodoro,39.61,9.9,Sunday,0
H013,2026-02-01,4,lavado_ropa,33.07,8.27,Sunday,0
H013,2026-02-01,4,limpieza_vivienda,8.49,2.12,Sunday,0
H013,2026-02-03,4,aseo_personal,198.17,49.54,Tuesday,0
H013,2026-02-03,4,cocina,56.87,14.22,Tuesday,0
H013,2026-02-03,4,inodoro,26.13,6.53,Tuesday,0
H013,2026-02-03,4,lavado_ropa,20.51,5.13,Tuesday,0
H013,2026-02-03,4,limpieza_vivienda,5.79,1.45,Tuesday,0
H013,2026-02-14,4,aseo_personal,179.95,44.99,Saturday,0
H013,2026-02-14,4,cocina,94.98,23.74,Saturday,0
H013,2026-02-14,4,inodoro,30.71,7.68,Saturday,0
H013,2026-02-14,4,lavado_ropa,21.05,5.26,Saturday,0
H013,2026-02-14,4,limpieza_vivienda,5.97,1.49,Saturday,0
H013,2026-02-26,4,aseo_personal,200.79,50.2,Thursday,0
H013,2026-02-26,4,cocina,81.55,20.39,Thursday,0
H013,2026-02-26,4,inodoro,36.69,9.17,Thursday,0
H013,2026-02-26,4,lavado_ropa,23.82,5.95,Thursday,0
H013,2026-02-26,4,limpieza_vivienda,8.37,2.09,Thursday,0
H013,2026-02-28,4,aseo_personal,251.81,62.95,Saturday,0
H013,2026-02-28,4,cocina,93.88,23.47,Saturday,0
H013,2026-02-28,4,inodoro,39.25,9.81,Saturday,0
H013,2026-02-28,4,lavado_ropa,33.57,8.39,Saturday,0
H013,2026-02-28,4,limpieza_vivienda,8.25,2.06,Saturday,0
H013,2026-03-15,4,aseo_personal,164.88,41.22,Sunday,0
H013,2026-03-15,4,cocina,79.87,19.97,Sunday,0
H013,2026-03-15,4,inodoro,32.33,8.08,Sunday,0
H013,2026-03-15,4,lavado_ropa,19.91,4.98,Sunday,0
H013,2026-03-15,4,limpieza_vivienda,5.79,1.45,Sunday,0
H013,2026-03-17,4,aseo_personal,159.57,39.89,Tuesday,0
H013,2026-03-17,4,cocina,73.75,18.44,Tuesday,0
H013,2026-03-17,4,inodoro,25.4,6.35,Tuesday,0
H013,2026-03-17,4,lavado_ropa,20.6,5.15,Tuesday,0
H013,2026-03-17,4,limpieza_vivienda,6.07,1.52,Tuesday,0
H013,2026-03-22,4,aseo_personal,204.42,51.1,Sunday,0
H013,2026-03-22,4,cocina,85.52,21.38,Sunday,0
H013,2026-03-22,4,inodoro,37.44,9.36,Sunday,0
H013,2026-03-22,4,lavado_ropa,27.76,6.94,Sunday,0
H013,2026-03-22,4,limpieza_vivienda,7.5,1.88,Sunday,0
H013,2026-03-23,4,aseo_personal,185.17,46.29,Monday,0
H013,2026-03-23,4,cocina,75.11,18.78,Monday,0
H013,2026-03-23,4,inodoro,30.37,7.59,Monday,0
H013,2026-03-23,4,lavado_ropa,19.87,4.97,Monday,0
H013,2026-03-23,4,limpieza_vivienda,6.87,1.72,Monday,0
H013,2026-04-02,4,aseo_personal,190.29,47.57,Thursday,0
H013,2026-04-02,4,cocina,83.21,20.8,Thursday,0
H013,2026-04-02,4,inodoro,30.18,7.55,Thursday,0
H013,2026-04-02,4,lavado_ropa,26.66,6.66,Thursday,0
H013,2026-04-02,4,limpieza_vivienda,5.92,1.48,Thursday,0
H013,2026-04-08,4,aseo_personal,148.8,37.2,Wednesday,0
H013,2026-04-08,4,cocina,71.87,17.97,Wednesday,0
H013,2026-04-08,4,inodoro,27.49,6.87,Wednesday,0
H013,2026-04-08,4,lavado_ropa,19.98,5.0,Wednesday,0
H013,2026-04-08,4,limpieza_vivienda,5.43,1.36,Wednesday,0
H013,2026-04-09,4,aseo_personal,188.69,47.17,Thursday,0
H013,2026-04-09,4,cocina,90.06,22.52,Thursday,0
H013,2026-04-09,4,inodoro,37.43,9.36,Thursday,0
H013,2026-04-09,4,lavado_ropa,25.44,6.36,Thursday,0
H013,2026-04-09,4,limpieza_vivienda,7.68,1.92,Thursday,0
H014,2026-01-04,5,aseo_personal,293.76,58.75,Sunday,0
H014,2026-01-04,5,cocina,148.25,29.65,Sunday,0
H014,2026-01-04,5,inodoro,50.26,10.05,Sunday,0
H014,2026-01-04,5,lavado_ropa,39.23,7.85,Sunday,0
H014,2026-01-04,5,limpieza_vivienda,12.46,2.49,Sunday,0
H014,2026-01-25,5,aseo_personal,300.84,60.17,Sunday,0
H014,2026-01-25,5,cocina,139.11,27.82,Sunday,0
H014,2026-01-25,5,inodoro,64.58,12.92,Sunday,0
H014,2026-01-25,5,lavado_ropa,34.75,6.95,Sunday,0
H014,2026-01-25,5,limpieza_vivienda,12.09,2.42,Sunday,0
H014,2026-01-31,5,aseo_personal,294.49,58.9,Saturday,0
H014,2026-01-31,5,cocina,123.83,24.77,Saturday,0
H014,2026-01-31,5,inodoro,53.7,10.74,Saturday,0
H014,2026-01-31,5,lavado_ropa,32.11,6.42,Saturday,0
H014,2026-01-31,5,limpieza_vivienda,10.84,2.17,Saturday,0
H014,2026-02-06,5,aseo_personal,258.35,51.67,Friday,0
H014,2026-02-06,5,cocina,108.86,21.77,Friday,0
H014,2026-02-06,5,inodoro,48.3,9.66,Friday,0
H014,2026-02-06,5,lavado_ropa,34.87,6.97,Friday,0
H014,2026-02-06,5,limpieza_vivienda,9.31,1.86,Friday,0
H014,2026-02-08,5,aseo_personal,250.55,50.11,Sunday,0
H014,2026-02-08,5,cocina,102.41,20.48,Sunday,0
H014,2026-02-08,5,inodoro,45.07,9.01,Sunday,0
H014,2026-02-08,5,lavado_ropa,30.47,6.09,Sunday,0
H014,2026-02-08,5,limpieza_vivienda,10.73,2.15,Sunday,0
H014,2026-02-12,5,aseo_personal,321.26,64.25,Thursday,0
H014,2026-02-12,5,cocina,104.3,20.86,Thursday,0
H014,2026-02-12,5,inodoro,41.42,8.28,Thursday,0
H014,2026-02-12,5,lavado_ropa,35.56,7.11,Thursday,0
H014,2026-02-12,5,limpieza_vivienda,9.02,1.8,Thursday,0
H014,2026-02-23,5,aseo_personal,285.54,57.11,Monday,0
H014,2026-02-23,5,cocina,91.11,18.22,Monday,0
H014,2026-02-23,5,inodoro,46.14,9.23,Monday,0
H014,2026-02-23,5,lavado_ropa,29.66,5.93,Monday,0
H014,2026-02-23,5,limpieza_vivienda,8.58,1.72,Monday,0
H014,2026-02-25,5,aseo_personal,286.78,57.36,Wednesday,0
H014,2026-02-25,5,cocina,114.9,22.98,Wednesday,0
H014,2026-02-25,5,inodoro,52.79,10.56,Wednesday,0
H014,2026-02-25,5,lavado_ropa,36.64,7.33,Wednesday,0
H014,2026-02-25,5,limpieza_vivienda,9.95,1.99,Wednesday,0
H014,2026-02-28,5,aseo_personal,322.17,64.43,Saturday,0
H014,2026-02-28,5,cocina,149.74,29.95,Saturday,0
H014,2026-02-28,5,inodoro,57.49,11.5,Saturday,0
H014,2026-02-28,5,lavado_ropa,44.09,8.82,Saturday,0
H014,2026-02-28,5,limpieza_vivienda,11.52,2.3,Saturday,0
H014,2026-03-02,5,aseo_personal,248.19,49.64,Monday,0
H014,2026-03-02,5,cocina,102.73,20.55,Monday,0
H014,2026-03-02,5,inodoro,49.01,9.8,Monday,0
H014,2026-03-02,5,lavado_ropa,30.28,6.06,Monday,0
H014,2026-03-02,5,limpieza_vivienda,8.42,1.68,Monday,0
H014,2026-03-05,5,aseo_personal,273.25,54.65,Thursday,0
H014,2026-03-05,5,cocina,109.43,21.89,Thursday,0
H014,2026-03-05,5,inodoro,45.64,9.13,Thursday,0
H014,2026-03-05,5,lavado_ropa,27.02,5.4,Thursday,0
H014,2026-03-05,5,limpieza_vivienda,10.02,2.0,Thursday,0
H014,2026-03-13,5,aseo_personal,254.4,50.88,Friday,0
H014,2026-03-13,5,cocina,93.93,18.79,Friday,0
H014,2026-03-13,5,inodoro,42.87,8.57,Friday,0
H014,2026-03-13,5,lavado_ropa,26.62,5.32,Friday,0
H014,2026-03-13,5,limpieza_vivienda,8.99,1.8,Friday,0
H014,2026-03-18,5,aseo_personal,269.82,53.96,Wednesday,0
H014,2026-03-18,5,cocina,114.54,22.91,Wednesday,0
H014,2026-03-18,5,inodoro,41.38,8.28,Wednesday,0
H014,2026-03-18,5,lavado_ropa,26.21,5.24,Wednesday,0
H014,2026-03-18,5,limpieza_vivienda,9.02,1.8,Wednesday,0
H014,2026-03-24,5,aseo_personal,245.96,49.19,Tuesday,0
H014,2026-03-24,5,cocina,102.94,20.59,Tuesday,0
H014,2026-03-24,5,inodoro,42.41,8.48,Tuesday,0
H014,2026-03-24,5,lavado_ropa,32.91,6.58,Tuesday,0
H014,2026-03-24,5,limpieza_vivienda,7.07,1.41,Tuesday,0
H014,2026-03-27,5,aseo_personal,260.77,52.15,Friday,0
H014,2026-03-27,5,cocina,103.82,20.76,Friday,0
H014,2026-03-27,5,inodoro,47.09,9.42,Friday,0
H014,2026-03-27,5,lavado_ropa,35.45,7.09,Friday,0
H014,2026-03-27,5,limpieza_vivienda,10.19,2.04,Friday,0
H014,2026-03-31,5,aseo_personal,270.78,54.16,Tuesday,0
H014,2026-03-31,5,cocina,108.21,21.64,Tuesday,0
H014,2026-03-31,5,inodoro,48.61,9.72,Tuesday,0
H014,2026-03-31,5,lavado_ropa,32.48,6.5,Tuesday,0
H014,2026-03-31,5,limpieza_vivienda,8.76,1.75,Tuesday,0
H014,2026-04-01,5,aseo_personal,246.14,49.23,Wednesday,0
H014,2026-04-01,5,cocina,84.55,16.91,Wednesday,0
H014,2026-04-01,5,inodoro,44.47,8.89,Wednesday,0
H014,2026-04-01,5,lavado_ropa,28.87,5.77,Wednesday,0
H014,2026-04-01,5,limpieza_vivienda,9.76,1.95,Wednesday,0
H015,2026-01-02,3,aseo_personal,175.61,58.54,Friday,0
H015,2026-01-02,3,cocina,63.48,21.16,Friday,0
H015,2026-01-02,3,inodoro,32.37,10.79,Friday,0
H015,2026-01-02,3,lavado_ropa,22.87,7.62,Friday,0
H015,2026-01-02,3,limpieza_vivienda,6.96,2.32,Friday,0
H015,2026-01-07,3,aseo_personal,207.19,69.06,Wednesday,0
H015,2026-01-07,3,cocina,67.34,22.45,Wednesday,0
H015,2026-01-07,3,inodoro,27.59,9.2,Wednesday,0
H015,2026-01-07,3,lavado_ropa,18.57,6.19,Wednesday,0
H015,2026-01-07,3,limpieza_vivienda,6.9,2.3,Wednesday,0
H015,2026-01-08,3,aseo_personal,164.14,54.71,Thursday,0
H015,2026-01-08,3,cocina,75.0,25.0,Thursday,0
H015,2026-01-08,3,inodoro,31.88,10.63,Thursday,0
H015,2026-01-08,3,lavado_ropa,24.04,8.01,Thursday,0
H015,2026-01-08,3,limpieza_vivienda,7.1,2.37,Thursday,0
H015,2026-01-14,3,aseo_personal,207.52,69.17,Wednesday,0
H015,2026-01-14,3,cocina,75.19,25.06,Wednesday,0
H015,2026-01-14,3,inodoro,34.53,11.51,Wednesday,0
H015,2026-01-14,3,lavado_ropa,23.16,7.72,Wednesday,0
H015,2026-01-14,3,limpieza_vivienda,6.39,2.13,Wednesday,0
H015,2026-02-15,3,aseo_personal,196.69,65.56,Sunday,0
H015,2026-02-15,3,cocina,72.64,24.21,Sunday,0
H015,2026-02-15,3,inodoro,34.35,11.45,Sunday,0
H015,2026-02-15,3,lavado_ropa,25.77,8.59,Sunday,0
H015,2026-02-15,3,limpieza_vivienda,6.71,2.24,Sunday,0
H015,2026-02-20,3,aseo_personal,188.39,62.8,Friday,0
H015,2026-02-20,3,cocina,66.1,22.03,Friday,0
H015,2026-02-20,3,inodoro,30.14,10.05,Friday,0
H015,2026-02-20,3,lavado_ropa,22.17,7.39,Friday,0
H015,2026-02-20,3,limpieza_vivienda,6.24,2.08,Friday,0
H015,2026-02-22,3,aseo_personal,174.41,58.14,Sunday,0
H015,2026-02-22,3,cocina,82.43,27.48,Sunday,0
H015,2026-02-22,3,inodoro,29.47,9.82,Sunday,0
H015,2026-02-22,3,lavado_ropa,21.85,7.28,Sunday,0
H015,2026-02-22,3,limpieza_vivienda,6.62,2.21,Sunday,0
H015,2026-02-24,3,aseo_personal,187.24,62.41,Tuesday,0
H015,2026-02-24,3,cocina,66.53,22.18,Tuesday,0
H015,2026-02-24,3,inodoro,31.45,10.48,Tuesday,0
H015,2026-02-24,3,lavado_ropa,19.1,6.37,Tuesday,0
H015,2026-02-24,3,limpieza_vivienda,6.45,2.15,Tuesday,0
H015,2026-03-01,3,aseo_personal,217.41,72.47,Sunday,0
H015,2026-03-01,3,cocina,75.57,25.19,Sunday,0
H015,2026-03-01,3,inodoro,30.88,10.29,Sunday,0
H015,2026-03-01,3,lavado_ropa,22.81,7.6,Sunday,0
H015,2026-03-01,3,limpieza_vivienda,6.5,2.17,Sunday,0
H015,2026-03-05,3,aseo_personal,176.95,58.98,Thursday,0
H015,2026-03-05,3,cocina,59.17,19.72,Thursday,0
H015,2026-03-05,3,inodoro,23.82,7.94,Thursday,0
H015,2026-03-05,3,lavado_ropa,18.45,6.15,Thursday,0
H015,2026-03-05,3,limpieza_vivienda,5.08,1.69,Thursday,0
H015,2026-03-08,3,aseo_personal,158.65,52.88,Sunday,0
H015,2026-03-08,3,cocina,76.35,25.45,Sunday,0
H015,2026-03-08,3,inodoro,30.54,10.18,Sunday,0
H015,2026-03-08,3,lavado_ropa,20.58,6.86,Sunday,0
H015,2026-03-08,3,limpieza_vivienda,6.26,2.09,Sunday,0
H015,2026-03-11,3,aseo_personal,183.48,61.16,Wednesday,0
H015,2026-03-11,3,cocina,73.03,24.34,Wednesday,0
H015,2026-03-11,3,inodoro,31.85,10.62,Wednesday,0
H015,2026-03-11,3,lavado_ropa,22.85,7.62,Wednesday,0
H015,2026-03-11,3,limpieza_vivienda,5.79,1.93,Wednesday,0
H015,2026-03-14,3,aseo_personal,165.58,55.19,Saturday,0
H015,2026-03-14,3,cocina,69.93,23.31,Saturday,0
H015,2026-03-14,3,inodoro,28.65,9.55,Saturday,0
H015,2026-03-14,3,lavado_ropa,19.09,6.36,Saturday,0
H015,2026-03-14,3,limpieza_vivienda,5.62,1.87,Saturday,0
H015,2026-03-17,3,aseo_personal,170.06,56.69,Tuesday,0
H015,2026-03-17,3,cocina,84.13,28.04,Tuesday,0
H015,2026-03-17,3,inodoro,32.22,10.74,Tuesday,0
H015,2026-03-17,3,lavado_ropa,22.82,7.61,Tuesday,0
H015,2026-03-17,3,limpieza_vivienda,5.46,1.82,Tuesday,0
H015,2026-03-23,3,aseo_personal,173.07,57.69,Monday,0
H015,2026-03-23,3,cocina,69.95,23.32,Monday,0
H015,2026-03-23,3,inodoro,29.6,9.87,Monday,0
H015,2026-03-23,3,lavado_ropa,21.81,7.27,Monday,0
H015,2026-03-23,3,limpieza_vivienda,5.11,1.7,Monday,0
H015,2026-03-27,3,aseo_personal,177.37,59.12,Friday,0
H015,2026-03-27,3,cocina,69.87,23.29,Friday,0
H015,2026-03-27,3,inodoro,29.05,9.68,Friday,0
H015,2026-03-27,3,lavado_ropa,26.71,8.9,Friday,0
H015,2026-03-27,3,limpieza_vivienda,6.36,2.12,Friday,0
H015,2026-04-04,3,aseo_personal,206.36,68.79,Saturday,0
H015,2026-04-04,3,cocina,87.01,29.0,Saturday,0
H015,2026-04-04,3,inodoro,33.22,11.07,Saturday,0
H015,2026-04-04,3,lavado_ropa,20.59,6.86,Saturday,0
H015,2026-04-04,3,limpieza_vivienda,6.21,2.07,Saturday,0
H015,2026-04-05,3,aseo_personal,173.89,57.96,Sunday,0
H015,2026-04-05,3,cocina,80.54,26.85,Sunday,0
H015,2026-04-05,3,inodoro,31.95,10.65,Sunday,0
H015,2026-04-05,3,lavado_ropa,22.77,7.59,Sunday,0
H015,2026-04-05,3,limpieza_vivienda,6.62,2.21,Sunday,0
H016,2026-01-01,2,aseo_personal,127.03,63.52,Thursday,0
H016,2026-01-01,2,cocina,55.9,27.95,Thursday,0
H016,2026-01-01,2,inodoro,25.13,12.57,Thursday,0
H016,2026-01-01,2,lavado_ropa,18.11,9.06,Thursday,0
H016,2026-01-01,2,limpieza_vivienda,4.88,2.44,Thursday,0
H016,2026-01-14,2,aseo_personal,129.43,64.71,Wednesday,0
H016,2026-01-14,2,cocina,48.43,24.21,Wednesday,0
H016,2026-01-14,2,inodoro,21.91,10.96,Wednesday,0
H016,2026-01-14,2,lavado_ropa,15.36,7.68,Wednesday,0
H016,2026-01-14,2,limpieza_vivienda,4.33,2.16,Wednesday,0
H016,2026-01-20,2,aseo_personal,122.35,61.18,Tuesday,0
H016,2026-01-20,2,cocina,49.81,24.91,Tuesday,0
H016,2026-01-20,2,inodoro,24.14,12.07,Tuesday,0
H016,2026-01-20,2,lavado_ropa,16.48,8.24,Tuesday,0
H016,2026-01-20,2,limpieza_vivienda,4.0,2.0,Tuesday,0
H016,2026-01-26,2,aseo_personal,139.6,69.8,Monday,0
H016,2026-01-26,2,cocina,48.97,24.48,Monday,0
H016,2026-01-26,2,inodoro,24.6,12.3,Monday,0
H016,2026-01-26,2,lavado_ropa,15.66,7.83,Monday,0
H016,2026-01-26,2,limpieza_vivienda,5.65,2.82,Monday,0
H016,2026-01-30,2,aseo_personal,134.83,67.42,Friday,0
H016,2026-01-30,2,cocina,46.69,23.35,Friday,0
H016,2026-01-30,2,inodoro,20.97,10.48,Friday,0
H016,2026-01-30,2,lavado_ropa,14.68,7.34,Friday,0
H016,2026-01-30,2,limpieza_vivienda,4.45,2.23,Friday,0
H016,2026-02-03,2,aseo_personal,127.51,63.76,Tuesday,0
H016,2026-02-03,2,cocina,57.55,28.78,Tuesday,0
H016,2026-02-03,2,inodoro,31.33,15.67,Tuesday,0
H016,2026-02-03,2,lavado_ropa,16.8,8.4,Tuesday,0
H016,2026-02-03,2,limpieza_vivienda,4.58,2.29,Tuesday,0
H016,2026-02-07,2,aseo_personal,144.42,72.21,Saturday,0
H016,2026-02-07,2,cocina,55.14,27.57,Saturday,0
H016,2026-02-07,2,inodoro,22.4,11.2,Saturday,0
H016,2026-02-07,2,lavado_ropa,16.62,8.31,Saturday,0
H016,2026-02-07,2,limpieza_vivienda,6.01,3.01,Saturday,0
H016,2026-02-11,2,aseo_personal,122.54,61.27,Wednesday,0
H016,2026-02-11,2,cocina,54.58,27.29,Wednesday,0
H016,2026-02-11,2,inodoro,20.79,10.4,Wednesday,0
H016,2026-02-11,2,lavado_ropa,16.1,8.05,Wednesday,0
H016,2026-02-11,2,limpieza_vivienda,4.21,2.11,Wednesday,0
H016,2026-02-13,2,aseo_personal,135.34,67.67,Friday,0
H016,2026-02-13,2,cocina,52.57,26.29,Friday,0
H016,2026-02-13,2,inodoro,19.97,9.99,Friday,0
H016,2026-02-13,2,lavado_ropa,15.55,7.78,Friday,0
H016,2026-02-13,2,limpieza_vivienda,5.22,2.61,Friday,0
H016,2026-02-17,2,aseo_personal,127.9,63.95,Tuesday,0
H016,2026-02-17,2,cocina,38.4,19.2,Tuesday,0
H016,2026-02-17,2,inodoro,19.75,9.88,Tuesday,0
H016,2026-02-17,2,lavado_ropa,12.47,6.24,Tuesday,0
H016,2026-02-17,2,limpieza_vivienda,3.51,1.75,Tuesday,0
H016,2026-02-24,2,aseo_personal,128.06,64.03,Tuesday,0
H016,2026-02-24,2,cocina,50.87,25.43,Tuesday,0
H016,2026-02-24,2,inodoro,26.46,13.23,Tuesday,0
H016,2026-02-24,2,lavado_ropa,16.15,8.08,Tuesday,0
H016,2026-02-24,2,limpieza_vivienda,4.93,2.46,Tuesday,0
H016,2026-02-27,2,aseo_personal,106.26,53.13,Friday,0
H016,2026-02-27,2,cocina,44.08,22.04,Friday,0
H016,2026-02-27,2,inodoro,19.29,9.65,Friday,0
H016,2026-02-27,2,lavado_ropa,12.86,6.43,Friday,0
H016,2026-02-27,2,limpieza_vivienda,3.98,1.99,Friday,0
H016,2026-02-28,2,aseo_personal,122.6,61.3,Saturday,0
H016,2026-02-28,2,cocina,53.87,26.93,Saturday,0
H016,2026-02-28,2,inodoro,20.56,10.28,Saturday,0
H016,2026-02-28,2,lavado_ropa,15.0,7.5,Saturday,0
H016,2026-02-28,2,limpieza_vivienda,4.47,2.24,Saturday,0
H016,2026-03-01,2,aseo_personal,130.75,65.37,Sunday,0
H016,2026-03-01,2,cocina,51.33,25.67,Sunday,0
H016,2026-03-01,2,inodoro,18.15,9.08,Sunday,0
H016,2026-03-01,2,lavado_ropa,12.47,6.24,Sunday,0
H016,2026-03-01,2,limpieza_vivienda,3.94,1.97,Sunday,0
H016,2026-03-04,2,aseo_personal,125.49,62.74,Wednesday,0
H016,2026-03-04,2,cocina,55.87,27.93,Wednesday,0
H016,2026-03-04,2,inodoro,21.3,10.65,Wednesday,0
H016,2026-03-04,2,lavado_ropa,14.77,7.38,Wednesday,0
H016,2026-03-04,2,limpieza_vivienda,4.4,2.2,Wednesday,0
H016,2026-03-07,2,aseo_personal,136.94,68.47,Saturday,0
H016,2026-03-07,2,cocina,53.12,26.56,Saturday,0
H016,2026-03-07,2,inodoro,26.48,13.24,Saturday,0
H016,2026-03-07,2,lavado_ropa,13.02,6.51,Saturday,0
H016,2026-03-07,2,limpieza_vivienda,4.92,2.46,Saturday,0
H016,2026-03-14,2,aseo_personal,134.16,67.08,Saturday,0
H016,2026-03-14,2,cocina,53.83,26.92,Saturday,0
H016,2026-03-14,2,inodoro,20.63,10.31,Saturday,0
H016,2026-03-14,2,lavado_ropa,14.75,7.38,Saturday,0
H016,2026-03-14,2,limpieza_vivienda,4.58,2.29,Saturday,0
H016,2026-03-19,2,aseo_personal,124.7,62.35,Thursday,0
H016,2026-03-19,2,cocina,55.46,27.73,Thursday,0
H016,2026-03-19,2,inodoro,19.51,9.75,Thursday,0
H016,2026-03-19,2,lavado_ropa,14.86,7.43,Thursday,0
H016,2026-03-19,2,limpieza_vivienda,4.48,2.24,Thursday,0
H016,2026-03-21,2,aseo_personal,132.0,66.0,Saturday,0
H016,2026-03-21,2,cocina,60.53,30.26,Saturday,0
H016,2026-03-21,2,inodoro,19.09,9.55,Saturday,0
H016,2026-03-21,2,lavado_ropa,15.13,7.56,Saturday,0
H016,2026-03-21,2,limpieza_vivienda,4.87,2.43,Saturday,0
H016,2026-03-27,2,aseo_personal,121.0,60.5,Friday,0
H016,2026-03-27,2,cocina,49.06,24.53,Friday,0
H016,2026-03-27,2,inodoro,24.07,12.04,Friday,0
H016,2026-03-27,2,lavado_ropa,13.51,6.76,Friday,0
H016,2026-03-27,2,limpieza_vivienda,3.28,1.64,Friday,0
H016,2026-03-28,2,aseo_personal,140.92,70.46,Saturday,0
H016,2026-03-28,2,cocina,47.19,23.59,Saturday,0
H016,2026-03-28,2,inodoro,22.08,11.04,Saturday,0
H016,2026-03-28,2,lavado_ropa,14.51,7.26,Saturday,0
H016,2026-03-28,2,limpieza_vivienda,4.97,2.49,Saturday,0
H016,2026-03-29,2,aseo_personal,131.88,65.94,Sunday,0
H016,2026-03-29,2,cocina,62.21,31.11,Sunday,0
H016,2026-03-29,2,inodoro,26.11,13.06,Sunday,0
H016,2026-03-29,2,lavado_ropa,18.05,9.03,Sunday,0
H016,2026-03-29,2,limpieza_vivienda,5.15,2.58,Sunday,0
H017,2026-01-05,3,aseo_personal,217.95,72.65,Monday,0
H017,2026-01-05,3,cocina,82.21,27.4,Monday,0
H017,2026-01-05,3,inodoro,37.43,12.48,Monday,0
H017,2026-01-05,3,lavado_ropa,25.61,8.54,Monday,0
H017,2026-01-05,3,limpieza_vivienda,7.37,2.46,Monday,0
H017,2026-01-07,3,aseo_personal,175.19,58.4,Wednesday,0
H017,2026-01-07,3,cocina,74.65,24.88,Wednesday,0
H017,2026-01-07,3,inodoro,26.49,8.83,Wednesday,0
H017,2026-01-07,3,lavado_ropa,18.55,6.18,Wednesday,0
H017,2026-01-07,3,limpieza_vivienda,6.58,2.19,Wednesday,0
H017,2026-01-13,3,aseo_personal,213.0,71.0,Tuesday,0
H017,2026-01-13,3,cocina,64.41,21.47,Tuesday,0
H017,2026-01-13,3,inodoro,43.49,14.5,Tuesday,0
H017,2026-01-13,3,lavado_ropa,25.45,8.48,Tuesday,0
H017,2026-01-13,3,limpieza_vivienda,7.37,2.46,Tuesday,0
H017,2026-01-14,3,aseo_personal,326.3,108.77,Wednesday,1
H017,2026-01-14,3,cocina,132.72,44.24,Wednesday,1
H017,2026-01-14,3,inodoro,48.89,16.3,Wednesday,1
H017,2026-01-14,3,lavado_ropa,72.24,24.08,Wednesday,1
H017,2026-01-14,3,limpieza_vivienda,10.49,3.5,Wednesday,1
H017,2026-01-15,3,aseo_personal,166.31,55.44,Thursday,0
H017,2026-01-15,3,cocina,65.03,21.68,Thursday,0
H017,2026-01-15,3,inodoro,25.37,8.46,Thursday,0
H017,2026-01-15,3,lavado_ropa,25.08,8.36,Thursday,0
H017,2026-01-15,3,limpieza_vivienda,5.49,1.83,Thursday,0
H017,2026-01-16,3,aseo_personal,157.71,52.57,Friday,0
H017,2026-01-16,3,cocina,87.37,29.12,Friday,0
H017,2026-01-16,3,inodoro,35.54,11.85,Friday,0
H017,2026-01-16,3,lavado_ropa,21.52,7.17,Friday,0
H017,2026-01-16,3,limpieza_vivienda,7.19,2.4,Friday,0
H017,2026-01-24,3,aseo_personal,202.27,67.42,Saturday,0
H017,2026-01-24,3,cocina,91.31,30.44,Saturday,0
H017,2026-01-24,3,inodoro,39.14,13.05,Saturday,0
H017,2026-01-24,3,lavado_ropa,24.64,8.21,Saturday,0
H017,2026-01-24,3,limpieza_vivienda,7.53,2.51,Saturday,0
H017,2026-02-02,3,aseo_personal,188.03,62.68,Monday,0
H017,2026-02-02,3,cocina,83.32,27.77,Monday,0
H017,2026-02-02,3,inodoro,32.56,10.85,Monday,0
H017,2026-02-02,3,lavado_ropa,29.1,9.7,Monday,0
H017,2026-02-02,3,limpieza_vivienda,6.86,2.29,Monday,0
H017,2026-02-06,3,aseo_personal,190.71,63.57,Friday,0
H017,2026-02-06,3,cocina,76.85,25.62,Friday,0
H017,2026-02-06,3,inodoro,35.3,11.77,Friday,0
H017,2026-02-06,3,lavado_ropa,22.79,7.6,Friday,0
H017,2026-02-06,3,limpieza_vivienda,6.61,2.2,Friday,0
H017,2026-02-07,3,aseo_personal,148.35,49.45,Saturday,0
H017,2026-02-07,3,cocina,60.07,20.02,Saturday,0
H017,2026-02-07,3,inodoro,29.87,9.96,Saturday,0
H017,2026-02-07,3,lavado_ropa,19.07,6.36,Saturday,0
H017,2026-02-07,3,limpieza_vivienda,5.01,1.67,Saturday,0
H017,2026-02-08,3,aseo_personal,227.03,75.68,Sunday,0
H017,2026-02-08,3,cocina,99.31,33.1,Sunday,0
H017,2026-02-08,3,inodoro,45.01,15.0,Sunday,0
H017,2026-02-08,3,lavado_ropa,31.76,10.59,Sunday,0
H017,2026-02-08,3,limpieza_vivienda,7.97,2.66,Sunday,0
H017,2026-02-15,3,aseo_personal,211.62,70.54,Sunday,0
H017,2026-02-15,3,cocina,88.02,29.34,Sunday,0
H017,2026-02-15,3,inodoro,36.59,12.2,Sunday,0
H017,2026-02-15,3,lavado_ropa,27.32,9.11,Sunday,0
H017,2026-02-15,3,limpieza_vivienda,7.88,2.63,Sunday,0
H017,2026-02-21,3,aseo_personal,195.09,65.03,Saturday,0
H017,2026-02-21,3,cocina,85.64,28.55,Saturday,0
H017,2026-02-21,3,inodoro,32.98,10.99,Saturday,0
H017,2026-02-21,3,lavado_ropa,27.76,9.25,Saturday,0
H017,2026-02-21,3,limpieza_vivienda,7.32,2.44,Saturday,0
H017,2026-02-22,3,aseo_personal,228.43,76.14,Sunday,0
H017,2026-02-22,3,cocina,94.23,31.41,Sunday,0
H017,2026-02-22,3,inodoro,36.28,12.09,Sunday,0
H017,2026-02-22,3,lavado_ropa,24.84,8.28,Sunday,0
H017,2026-02-22,3,limpieza_vivienda,8.08,2.69,Sunday,0
H017,2026-03-09,3,aseo_personal,200.91,66.97,Monday,0
H017,2026-03-09,3,cocina,72.96,24.32,Monday,0
H017,2026-03-09,3,inodoro,32.15,10.72,Monday,0
H017,2026-03-09,3,lavado_ropa,24.83,8.28,Monday,0
H017,2026-03-09,3,limpieza_vivienda,7.7,2.57,Monday,0
H017,2026-03-11,3,aseo_personal,206.11,68.7,Wednesday,0
H017,2026-03-11,3,cocina,70.94,23.65,Wednesday,0
H017,2026-03-11,3,inodoro,31.59,10.53,Wednesday,0
H017,2026-03-11,3,lavado_ropa,24.54,8.18,Wednesday,0
H017,2026-03-11,3,limpieza_vivienda,6.39,2.13,Wednesday,0
H017,2026-03-12,3,aseo_personal,216.37,72.12,Thursday,0
H017,2026-03-12,3,cocina,92.96,30.99,Thursday,0
H017,2026-03-12,3,inodoro,40.02,13.34,Thursday,0
H017,2026-03-12,3,lavado_ropa,29.57,9.86,Thursday,0
H017,2026-03-12,3,limpieza_vivienda,8.79,2.93,Thursday,0
H017,2026-03-17,3,aseo_personal,184.72,61.57,Tuesday,0
H017,2026-03-17,3,cocina,88.19,29.4,Tuesday,0
H017,2026-03-17,3,inodoro,35.58,11.86,Tuesday,0
H017,2026-03-17,3,lavado_ropa,27.25,9.08,Tuesday,0
H017,2026-03-17,3,limpieza_vivienda,6.77,2.26,Tuesday,0
H017,2026-03-19,3,aseo_personal,213.21,71.07,Thursday,0
H017,2026-03-19,3,cocina,83.28,27.76,Thursday,0
H017,2026-03-19,3,inodoro,34.67,11.56,Thursday,0
H017,2026-03-19,3,lavado_ropa,28.59,9.53,Thursday,0
H017,2026-03-19,3,limpieza_vivienda,7.85,2.62,Thursday,0
H017,2026-03-22,3,aseo_personal,173.0,57.67,Sunday,0
H017,2026-03-22,3,cocina,69.46,23.15,Sunday,0
H017,2026-03-22,3,inodoro,30.79,10.26,Sunday,0
H017,2026-03-22,3,lavado_ropa,23.07,7.69,Sunday,0
H017,2026-03-22,3,limpieza_vivienda,6.74,2.25,Sunday,0
H017,2026-03-30,3,aseo_personal,186.83,62.28,Monday,0
H017,2026-03-30,3,cocina,71.66,23.89,Monday,0
H017,2026-03-30,3,inodoro,36.21,12.07,Monday,0
H017,2026-03-30,3,lavado_ropa,23.3,7.77,Monday,0
H017,2026-03-30,3,limpieza_vivienda,5.96,1.99,Monday,0
H017,2026-04-06,3,aseo_personal,183.91,61.3,Monday,0
H017,2026-04-06,3,cocina,80.59,26.86,Monday,0
H017,2026-04-06,3,inodoro,35.31,11.77,Monday,0
H017,2026-04-06,3,lavado_ropa,21.26,7.09,Monday,0
H017,2026-04-06,3,limpieza_vivienda,6.87,2.29,Monday,0
H018,2026-01-01,1,aseo_personal,62.01,62.01,Thursday,0
H018,2026-01-01,1,cocina,24.62,24.62,Thursday,0
H018,2026-01-01,1,inodoro,11.29,11.29,Thursday,0
H018,2026-01-01,1,lavado_ropa,7.37,7.37,Thursday,0
H018,2026-01-01,1,limpieza_vivienda,2.31,2.31,Thursday,0
H018,2026-01-03,1,aseo_personal,80.82,80.82,Saturday,0
H018,2026-01-03,1,cocina,34.52,34.52,Saturday,0
H018,2026-01-03,1,inodoro,13.5,13.5,Saturday,0
H018,2026-01-03,1,lavado_ropa,8.35,8.35,Saturday,0
H018,2026-01-03,1,limpieza_vivienda,2.42,2.42,Saturday,0
H018,2026-01-05,1,aseo_personal,56.93,56.93,Monday,0
H018,2026-01-05,1,cocina,24.74,24.74,Monday,0
H018,2026-01-05,1,inodoro,11.64,11.64,Monday,0
H018,2026-01-05,1,lavado_ropa,7.56,7.56,Monday,0
H018,2026-01-05,1,limpieza_vivienda,2.04,2.04,Monday,0
H018,2026-01-13,1,aseo_personal,60.75,60.75,Tuesday,0
H018,2026-01-13,1,cocina,28.82,28.82,Tuesday,0
H018,2026-01-13,1,inodoro,10.4,10.4,Tuesday,0
H018,2026-01-13,1,lavado_ropa,8.49,8.49,Tuesday,0
H018,2026-01-13,1,limpieza_vivienda,2.64,2.64,Tuesday,0
H018,2026-01-14,1,aseo_personal,64.98,64.98,Wednesday,0
H018,2026-01-14,1,cocina,23.88,23.88,Wednesday,0
H018,2026-01-14,1,inodoro,11.15,11.15,Wednesday,0
H018,2026-01-14,1,lavado_ropa,7.63,7.63,Wednesday,0
H018,2026-01-14,1,limpieza_vivienda,2.32,2.32,Wednesday,0
H018,2026-01-19,1,aseo_personal,58.01,58.01,Monday,0
H018,2026-01-19,1,cocina,22.46,22.46,Monday,0
H018,2026-01-19,1,inodoro,8.47,8.47,Monday,0
H018,2026-01-19,1,lavado_ropa,5.81,5.81,Monday,0
H018,2026-01-19,1,limpieza_vivienda,1.71,1.71,Monday,0
H018,2026-01-26,1,aseo_personal,55.49,55.49,Monday,0
H018,2026-01-26,1,cocina,23.54,23.54,Monday,0
H018,2026-01-26,1,inodoro,10.85,10.85,Monday,0
H018,2026-01-26,1,lavado_ropa,8.2,8.2,Monday,0
H018,2026-01-26,1,limpieza_vivienda,2.38,2.38,Monday,0
H018,2026-01-28,1,aseo_personal,61.36,61.36,Wednesday,0
H018,2026-01-28,1,cocina,26.29,26.29,Wednesday,0
H018,2026-01-28,1,inodoro,11.36,11.36,Wednesday,0
H018,2026-01-28,1,lavado_ropa,7.75,7.75,Wednesday,0
H018,2026-01-28,1,limpieza_vivienda,2.35,2.35,Wednesday,0
H018,2026-01-30,1,aseo_personal,66.39,66.39,Friday,0
H018,2026-01-30,1,cocina,26.18,26.18,Friday,0
H018,2026-01-30,1,inodoro,12.82,12.82,Friday,0
H018,2026-01-30,1,lavado_ropa,8.31,8.31,Friday,0
H018,2026-01-30,1,limpieza_vivienda,2.25,2.25,Friday,0
H018,2026-01-31,1,aseo_personal,63.52,63.52,Saturday,0
H018,2026-01-31,1,cocina,31.13,31.13,Saturday,0
H018,2026-01-31,1,inodoro,11.74,11.74,Saturday,0
H018,2026-01-31,1,lavado_ropa,8.38,8.38,Saturday,0
H018,2026-01-31,1,limpieza_vivienda,2.43,2.43,Saturday,0
H018,2026-02-01,1,aseo_personal,66.08,66.08,Sunday,0
H018,2026-02-01,1,cocina,33.89,33.89,Sunday,0
H018,2026-02-01,1,inodoro,13.18,13.18,Sunday,0
H018,2026-02-01,1,lavado_ropa,8.77,8.77,Sunday,0
H018,2026-02-01,1,limpieza_vivienda,2.98,2.98,Sunday,0
H018,2026-02-05,1,aseo_personal,59.93,59.93,Thursday,0
H018,2026-02-05,1,cocina,24.74,24.74,Thursday,0
H018,2026-02-05,1,inodoro,12.78,12.78,Thursday,0
H018,2026-02-05,1,lavado_ropa,7.79,7.79,Thursday,0
H018,2026-02-05,1,limpieza_vivienda,2.34,2.34,Thursday,0
H018,2026-02-12,1,aseo_personal,59.1,59.1,Thursday,0
H018,2026-02-12,1,cocina,25.55,25.55,Thursday,0
H018,2026-02-12,1,inodoro,12.13,12.13,Thursday,0
H018,2026-02-12,1,lavado_ropa,6.45,6.45,Thursday,0
H018,2026-02-12,1,limpieza_vivienda,1.91,1.91,Thursday,0
H018,2026-02-14,1,aseo_personal,56.26,56.26,Saturday,0
H018,2026-02-14,1,cocina,23.15,23.15,Saturday,0
H018,2026-02-14,1,inodoro,10.33,10.33,Saturday,0
H018,2026-02-14,1,lavado_ropa,7.23,7.23,Saturday,0
H018,2026-02-14,1,limpieza_vivienda,1.97,1.97,Saturday,0
H018,2026-02-16,1,aseo_personal,63.1,63.1,Monday,0
H018,2026-02-16,1,cocina,22.7,22.7,Monday,0
H018,2026-02-16,1,inodoro,10.4,10.4,Monday,0
H018,2026-02-16,1,lavado_ropa,8.62,8.62,Monday,0
H018,2026-02-16,1,limpieza_vivienda,2.05,2.05,Monday,0
H018,2026-02-25,1,aseo_personal,65.38,65.38,Wednesday,0
H018,2026-02-25,1,cocina,23.13,23.13,Wednesday,0
H018,2026-02-25,1,inodoro,10.59,10.59,Wednesday,0
H018,2026-02-25,1,lavado_ropa,7.16,7.16,Wednesday,0
H018,2026-02-25,1,limpieza_vivienda,2.32,2.32,Wednesday,0
H018,2026-02-28,1,aseo_personal,235.37,235.37,Saturday,1
H018,2026-02-28,1,cocina,41.34,41.34,Saturday,1
H018,2026-02-28,1,inodoro,16.25,16.25,Saturday,1
H018,2026-02-28,1,lavado_ropa,12.12,12.12,Saturday,1
H018,2026-02-28,1,limpieza_vivienda,3.65,3.65,Saturday,1
H018,2026-03-02,1,aseo_personal,67.9,67.9,Monday,0
H018,2026-03-02,1,cocina,27.27,27.27,Monday,0
H018,2026-03-02,1,inodoro,11.84,11.84,Monday,0
H018,2026-03-02,1,lavado_ropa,8.12,8.12,Monday,0
H018,2026-03-02,1,limpieza_vivienda,2.15,2.15,Monday,0
H018,2026-03-11,1,aseo_personal,65.35,65.35,Wednesday,0
H018,2026-03-11,1,cocina,23.73,23.73,Wednesday,0
H018,2026-03-11,1,inodoro,8.64,8.64,Wednesday,0
H018,2026-03-11,1,lavado_ropa,7.36,7.36,Wednesday,0
H018,2026-03-11,1,limpieza_vivienda,2.01,2.01,Wednesday,0
H018,2026-03-13,1,aseo_personal,71.89,71.89,Friday,0
H018,2026-03-13,1,cocina,25.8,25.8,Friday,0
H018,2026-03-13,1,inodoro,10.94,10.94,Friday,0
H018,2026-03-13,1,lavado_ropa,8.67,8.67,Friday,0
H018,2026-03-13,1,limpieza_vivienda,2.25,2.25,Friday,0
H019,2026-01-13,5,aseo_personal,306.63,61.33,Tuesday,0
H019,2026-01-13,5,cocina,112.93,22.59,Tuesday,0
H019,2026-01-13,5,inodoro,51.35,10.27,Tuesday,0
H019,2026-01-13,5,lavado_ropa,32.76,6.55,Tuesday,0
H019,2026-01-13,5,limpieza_vivienda,10.14,2.03,Tuesday,0
H019,2026-01-19,5,aseo_personal,312.33,62.47,Monday,0
H019,2026-01-19,5,cocina,123.37,24.67,Monday,0
H019,2026-01-19,5,inodoro,60.81,12.16,Monday,0
H019,2026-01-19,5,lavado_ropa,43.07,8.61,Monday,0
H019,2026-01-19,5,limpieza_vivienda,11.97,2.39,Monday,0
H019,2026-01-22,5,aseo_personal,325.91,65.18,Thursday,0
H019,2026-01-22,5,cocina,119.76,23.95,Thursday,0
H019,2026-01-22,5,inodoro,59.5,11.9,Thursday,0
H019,2026-01-22,5,lavado_ropa,40.61,8.12,Thursday,0
H019,2026-01-22,5,limpieza_vivienda,10.05,2.01,Thursday,0
H019,2026-01-25,5,aseo_personal,326.81,65.36,Sunday,0
H019,2026-01-25,5,cocina,127.66,25.53,Sunday,0
H019,2026-01-25,5,inodoro,48.03,9.61,Sunday,0
H019,2026-01-25,5,lavado_ropa,37.51,7.5,Sunday,0
H019,2026-01-25,5,limpieza_vivienda,12.46,2.49,Sunday,0
H019,2026-01-27,5,aseo_personal,291.62,58.32,Tuesday,0
H019,2026-01-27,5,cocina,105.28,21.06,Tuesday,0
H019,2026-01-27,5,inodoro,61.49,12.3,Tuesday,0
H019,2026-01-27,5,lavado_ropa,35.89,7.18,Tuesday,0
H019,2026-01-27,5,limpieza_vivienda,9.39,1.88,Tuesday,0
H019,2026-01-31,5,aseo_personal,325.61,65.12,Saturday,0
H019,2026-01-31,5,cocina,149.69,29.94,Saturday,0
H019,2026-01-31,5,inodoro,59.81,11.96,Saturday,0
H019,2026-01-31,5,lavado_ropa,34.69,6.94,Saturday,0
H019,2026-01-31,5,limpieza_vivienda,12.45,2.49,Saturday,0
H019,2026-02-07,5,aseo_personal,293.28,58.66,Saturday,0
H019,2026-02-07,5,cocina,105.59,21.12,Saturday,0
H019,2026-02-07,5,inodoro,45.57,9.11,Saturday,0
H019,2026-02-07,5,lavado_ropa,34.19,6.84,Saturday,0
H019,2026-02-07,5,limpieza_vivienda,9.19,1.84,Saturday,0
H019,2026-02-10,5,aseo_personal,228.92,45.78,Tuesday,0
H019,2026-02-10,5,cocina,104.07,20.81,Tuesday,0
H019,2026-02-10,5,inodoro,48.75,9.75,Tuesday,0
H019,2026-02-10,5,lavado_ropa,26.71,5.34,Tuesday,0
H019,2026-02-10,5,limpieza_vivienda,9.44,1.89,Tuesday,0
H019,2026-02-20,5,aseo_personal,306.26,61.25,Friday,0
H019,2026-02-20,5,cocina,131.53,26.31,Friday,0
H019,2026-02-20,5,inodoro,49.0,9.8,Friday,0
H019,2026-02-20,5,lavado_ropa,36.22,7.24,Friday,0
H019,2026-02-20,5,limpieza_vivienda,11.01,2.2,Friday,0
H019,2026-02-23,5,aseo_personal,271.97,54.39,Monday,0
H019,2026-02-23,5,cocina,122.87,24.57,Monday,0
H019,2026-02-23,5,inodoro,59.93,11.99,Monday,0
H019,2026-02-23,5,lavado_ropa,34.46,6.89,Monday,0
H019,2026-02-23,5,limpieza_vivienda,10.47,2.09,Monday,0
H019,2026-02-26,5,aseo_personal,298.14,59.63,Thursday,0
H019,2026-02-26,5,cocina,118.69,23.74,Thursday,0
H019,2026-02-26,5,inodoro,51.48,10.3,Thursday,0
H019,2026-02-26,5,lavado_ropa,29.04,5.81,Thursday,0
H019,2026-02-26,5,limpieza_vivienda,10.09,2.02,Thursday,0
H019,2026-03-02,5,aseo_personal,302.97,60.59,Monday,0
H019,2026-03-02,5,cocina,115.87,23.17,Monday,0
H019,2026-03-02,5,inodoro,59.56,11.91,Monday,0
H019,2026-03-02,5,lavado_ropa,42.46,8.49,Monday,0
H019,2026-03-02,5,limpieza_vivienda,10.78,2.16,Monday,0
H019,2026-03-03,5,aseo_personal,314.59,62.92,Tuesday,0
H019,2026-03-03,5,cocina,115.77,23.15,Tuesday,0
H019,2026-03-03,5,inodoro,57.41,11.48,Tuesday,0
H019,2026-03-03,5,lavado_ropa,37.48,7.5,Tuesday,0
H019,2026-03-03,5,limpieza_vivienda,10.47,2.09,Tuesday,0
H019,2026-03-08,5,aseo_personal,346.18,69.24,Sunday,0
H019,2026-03-08,5,cocina,131.69,26.34,Sunday,0
H019,2026-03-08,5,inodoro,56.8,11.36,Sunday,0
H019,2026-03-08,5,lavado_ropa,32.99,6.6,Sunday,0
H019,2026-03-08,5,limpieza_vivienda,11.06,2.21,Sunday,0
H019,2026-03-15,5,aseo_personal,250.41,50.08,Sunday,0
H019,2026-03-15,5,cocina,118.0,23.6,Sunday,0
H019,2026-03-15,5,inodoro,45.71,9.14,Sunday,0
H019,2026-03-15,5,lavado_ropa,28.8,5.76,Sunday,0
H019,2026-03-15,5,limpieza_vivienda,9.76,1.95,Sunday,0
H019,2026-03-17,5,aseo_personal,301.47,60.29,Tuesday,0
H019,2026-03-17,5,cocina,104.13,20.83,Tuesday,0
H019,2026-03-17,5,inodoro,51.17,10.23,Tuesday,0
H019,2026-03-17,5,lavado_ropa,27.85,5.57,Tuesday,0
H019,2026-03-17,5,limpieza_vivienda,9.17,1.83,Tuesday,0
H019,2026-03-23,5,aseo_personal,271.22,54.24,Monday,0
H019,2026-03-23,5,cocina,94.23,18.85,Monday,0
H019,2026-03-23,5,inodoro,40.19,8.04,Monday,0
H019,2026-03-23,5,lavado_ropa,33.3,6.66,Monday,0
H019,2026-03-23,5,limpieza_vivienda,9.14,1.83,Monday,0
H019,2026-03-28,5,aseo_personal,257.12,51.42,Saturday,0
H019,2026-03-28,5,cocina,105.08,21.02,Saturday,0
H019,2026-03-28,5,inodoro,51.3,10.26,Saturday,0
H019,2026-03-28,5,lavado_ropa,32.3,6.46,Saturday,0
H019,2026-03-28,5,limpieza_vivienda,9.8,1.96,Saturday,0
H019,2026-04-06,5,aseo_personal,284.03,56.81,Monday,0
H019,2026-04-06,5,cocina,115.1,23.02,Monday,0
H019,2026-04-06,5,inodoro,52.67,10.53,Monday,0
H019,2026-04-06,5,lavado_ropa,30.48,6.1,Monday,0
H019,2026-04-06,5,limpieza_vivienda,8.62,1.72,Monday,0
H019,2026-04-07,5,aseo_personal,263.39,52.68,Tuesday,0
H019,2026-04-07,5,cocina,109.14,21.83,Tuesday,0
H019,2026-04-07,5,inodoro,44.86,8.97,Tuesday,0
H019,2026-04-07,5,lavado_ropa,32.42,6.48,Tuesday,0
H019,2026-04-07,5,limpieza_vivienda,11.6,2.32,Tuesday,0
H020,2026-01-08,4,aseo_personal,206.61,51.65,Thursday,0
H020,2026-01-08,4,cocina,84.3,21.08,Thursday,0
H020,2026-01-08,4,inodoro,38.28,9.57,Thursday,0
H020,2026-01-08,4,lavado_ropa,26.29,6.57,Thursday,0
H020,2026-01-08,4,limpieza_vivienda,7.63,1.91,Thursday,0
H020,2026-01-13,4,aseo_personal,251.26,62.82,Tuesday,0
H020,2026-01-13,4,cocina,102.63,25.66,Tuesday,0
H020,2026-01-13,4,inodoro,40.21,10.05,Tuesday,0
H020,2026-01-13,4,lavado_ropa,27.82,6.95,Tuesday,0
H020,2026-01-13,4,limpieza_vivienda,9.01,2.25,Tuesday,0
H020,2026-01-14,4,aseo_personal,206.15,51.54,Wednesday,0
H020,2026-01-14,4,cocina,88.98,22.24,Wednesday,0
H020,2026-01-14,4,inodoro,34.28,8.57,Wednesday,0
H020,2026-01-14,4,lavado_ropa,27.54,6.88,Wednesday,0
H020,2026-01-14,4,limpieza_vivienda,8.35,2.09,Wednesday,0
H020,2026-01-20,4,aseo_personal,227.45,56.86,Tuesday,0
H020,2026-01-20,4,cocina,79.44,19.86,Tuesday,0
H020,2026-01-20,4,inodoro,38.16,9.54,Tuesday,0
H020,2026-01-20,4,lavado_ropa,26.5,6.62,Tuesday,0
H020,2026-01-20,4,limpieza_vivienda,8.77,2.19,Tuesday,0
H020,2026-01-27,4,aseo_personal,228.97,57.24,Tuesday,0
H020,2026-01-27,4,cocina,75.12,18.78,Tuesday,0
H020,2026-01-27,4,inodoro,34.87,8.72,Tuesday,0
H020,2026-01-27,4,lavado_ropa,22.65,5.66,Tuesday,0
H020,2026-01-27,4,limpieza_vivienda,6.46,1.62,Tuesday,0
H020,2026-01-28,4,aseo_personal,213.96,53.49,Wednesday,0
H020,2026-01-28,4,cocina,94.52,23.63,Wednesday,0
H020,2026-01-28,4,inodoro,40.7,10.18,Wednesday,0
H020,2026-01-28,4,lavado_ropa,27.15,6.79,Wednesday,0
H020,2026-01-28,4,limpieza_vivienda,8.24,2.06,Wednesday,0
H020,2026-02-01,4,aseo_personal,244.53,61.13,Sunday,0
H020,2026-02-01,4,cocina,110.81,27.7,Sunday,0
H020,2026-02-01,4,inodoro,38.73,9.68,Sunday,0
H020,2026-02-01,4,lavado_ropa,25.63,6.41,Sunday,0
H020,2026-02-01,4,limpieza_vivienda,9.15,2.29,Sunday,0
H020,2026-02-07,4,aseo_personal,201.81,50.45,Saturday,0
H020,2026-02-07,4,cocina,87.57,21.89,Saturday,0
H020,2026-02-07,4,inodoro,37.95,9.49,Saturday,0
H020,2026-02-07,4,lavado_ropa,26.66,6.66,Saturday,0
H020,2026-02-07,4,limpieza_vivienda,8.07,2.02,Saturday,0
H020,2026-03-02,4,aseo_personal,234.29,58.57,Monday,0
H020,2026-03-02,4,cocina,77.55,19.39,Monday,0
H020,2026-03-02,4,inodoro,36.25,9.06,Monday,0
H020,2026-03-02,4,lavado_ropa,24.36,6.09,Monday,0
H020,2026-03-02,4,limpieza_vivienda,6.96,1.74,Monday,0
H020,2026-03-18,4,aseo_personal,186.64,46.66,Wednesday,0
H020,2026-03-18,4,cocina,83.47,20.87,Wednesday,0
H020,2026-03-18,4,inodoro,39.08,9.77,Wednesday,0
H020,2026-03-18,4,lavado_ropa,24.51,6.13,Wednesday,0
H020,2026-03-18,4,limpieza_vivienda,7.57,1.89,Wednesday,0
H020,2026-03-19,4,aseo_personal,244.59,61.15,Thursday,0
H020,2026-03-19,4,cocina,107.0,26.75,Thursday,0
H020,2026-03-19,4,inodoro,43.18,10.79,Thursday,0
H020,2026-03-19,4,lavado_ropa,30.91,7.73,Thursday,0
H020,2026-03-19,4,limpieza_vivienda,7.91,1.98,Thursday,0
H020,2026-03-24,4,aseo_personal,253.45,63.36,Tuesday,0
H020,2026-03-24,4,cocina,91.59,22.9,Tuesday,0
H020,2026-03-24,4,inodoro,43.97,10.99,Tuesday,0
H020,2026-03-24,4,lavado_ropa,26.6,6.65,Tuesday,0
H020,2026-03-24,4,limpieza_vivienda,7.77,1.94,Tuesday,0
H020,2026-03-30,4,aseo_personal,203.1,50.77,Monday,0
H020,2026-03-30,4,cocina,92.91,23.23,Monday,0
H020,2026-03-30,4,inodoro,39.88,9.97,Monday,0
H020,2026-03-30,4,lavado_ropa,23.59,5.9,Monday,0
H020,2026-03-30,4,limpieza_vivienda,7.16,1.79,Monday,0
H021,2026-01-01,4,aseo_personal,220.79,55.2,Thursday,0
H021,2026-01-01,4,cocina,114.94,28.74,Thursday,0
H021,2026-01-01,4,inodoro,46.28,11.57,Thursday,0
H021,2026-01-01,4,lavado_ropa,32.0,8.0,Thursday,0
H021,2026-01-01,4,limpieza_vivienda,7.56,1.89,Thursday,0
H021,2026-01-05,4,aseo_personal,266.57,66.64,Monday,0
H021,2026-01-05,4,cocina,105.03,26.26,Monday,0
H021,2026-01-05,4,inodoro,53.07,13.27,Monday,0
H021,2026-01-05,4,lavado_ropa,30.89,7.72,Monday,0
H021,2026-01-05,4,limpieza_vivienda,11.39,2.85,Monday,0
H021,2026-01-12,4,aseo_personal,272.2,68.05,Monday,0
H021,2026-01-12,4,cocina,134.06,33.52,Monday,0
H021,2026-01-12,4,inodoro,43.64,10.91,Monday,0
H021,2026-01-12,4,lavado_ropa,40.12,10.03,Monday,0
H021,2026-01-12,4,limpieza_vivienda,10.06,2.52,Monday,0
H021,2026-01-16,4,aseo_personal,744.19,186.05,Friday,1
H021,2026-01-16,4,cocina,162.79,40.7,Friday,1
H021,2026-01-16,4,inodoro,70.79,17.7,Friday,1
H021,2026-01-16,4,lavado_ropa,38.33,9.58,Friday,1
H021,2026-01-16,4,limpieza_vivienda,13.23,3.31,Friday,1
H021,2026-01-19,4,aseo_personal,269.61,67.4,Monday,0
H021,2026-01-19,4,cocina,132.02,33.01,Monday,0
H021,2026-01-19,4,inodoro,51.82,12.95,Monday,0
H021,2026-01-19,4,lavado_ropa,33.32,8.33,Monday,0
H021,2026-01-19,4,limpieza_vivienda,12.42,3.11,Monday,0
H021,2026-02-04,4,aseo_personal,238.54,59.63,Wednesday,0
H021,2026-02-04,4,cocina,104.3,26.07,Wednesday,0
H021,2026-02-04,4,inodoro,40.87,10.22,Wednesday,0
H021,2026-02-04,4,lavado_ropa,31.08,7.77,Wednesday,0
H021,2026-02-04,4,limpieza_vivienda,8.91,2.23,Wednesday,0
H021,2026-02-06,4,aseo_personal,237.72,59.43,Friday,0
H021,2026-02-06,4,cocina,107.71,26.93,Friday,0
H021,2026-02-06,4,inodoro,44.41,11.1,Friday,0
H021,2026-02-06,4,lavado_ropa,31.56,7.89,Friday,0
H021,2026-02-06,4,limpieza_vivienda,9.94,2.49,Friday,0
H021,2026-02-11,4,aseo_personal,272.38,68.1,Wednesday,0
H021,2026-02-11,4,cocina,107.32,26.83,Wednesday,0
H021,2026-02-11,4,inodoro,50.35,12.59,Wednesday,0
H021,2026-02-11,4,lavado_ropa,35.98,9.0,Wednesday,0
H021,2026-02-11,4,limpieza_vivienda,10.43,2.61,Wednesday,0
H021,2026-02-13,4,aseo_personal,254.35,63.59,Friday,0
H021,2026-02-13,4,cocina,119.34,29.84,Friday,0
H021,2026-02-13,4,inodoro,42.35,10.59,Friday,0
H021,2026-02-13,4,lavado_ropa,30.92,7.73,Friday,0
H021,2026-02-13,4,limpieza_vivienda,10.08,2.52,Friday,0
H021,2026-02-18,4,aseo_personal,224.74,56.18,Wednesday,0
H021,2026-02-18,4,cocina,91.51,22.88,Wednesday,0
H021,2026-02-18,4,inodoro,39.54,9.88,Wednesday,0
H021,2026-02-18,4,lavado_ropa,23.08,5.77,Wednesday,0
H021,2026-02-18,4,limpieza_vivienda,8.05,2.01,Wednesday,0
H021,2026-02-20,4,aseo_personal,244.63,61.16,Friday,0
H021,2026-02-20,4,cocina,93.67,23.42,Friday,0
H021,2026-02-20,4,inodoro,41.53,10.38,Friday,0
H021,2026-02-20,4,lavado_ropa,25.4,6.35,Friday,0
H021,2026-02-20,4,limpieza_vivienda,8.44,2.11,Friday,0
H021,2026-02-21,4,aseo_personal,291.05,72.76,Saturday,0
H021,2026-02-21,4,cocina,118.34,29.58,Saturday,0
H021,2026-02-21,4,inodoro,53.76,13.44,Saturday,0
H021,2026-02-21,4,lavado_ropa,34.0,8.5,Saturday,0
H021,2026-02-21,4,limpieza_vivienda,11.33,2.83,Saturday,0
H021,2026-03-10,4,aseo_personal,242.17,60.54,Tuesday,0
H021,2026-03-10,4,cocina,100.45,25.11,Tuesday,0
H021,2026-03-10,4,inodoro,37.73,9.43,Tuesday,0
H021,2026-03-10,4,lavado_ropa,29.16,7.29,Tuesday,0
H021,2026-03-10,4,limpieza_vivienda,7.49,1.87,Tuesday,0
H021,2026-03-11,4,aseo_personal,279.0,69.75,Wednesday,0
H021,2026-03-11,4,cocina,128.17,32.04,Wednesday,0
H021,2026-03-11,4,inodoro,49.37,12.34,Wednesday,0
H021,2026-03-11,4,lavado_ropa,35.56,8.89,Wednesday,0
H021,2026-03-11,4,limpieza_vivienda,10.51,2.63,Wednesday,0
H021,2026-03-12,4,aseo_personal,259.17,64.79,Thursday,0
H021,2026-03-12,4,cocina,103.28,25.82,Thursday,0
H021,2026-03-12,4,inodoro,44.02,11.01,Thursday,0
H021,2026-03-12,4,lavado_ropa,29.74,7.43,Thursday,0
H021,2026-03-12,4,limpieza_vivienda,7.95,1.99,Thursday,0
H021,2026-03-14,4,aseo_personal,248.49,62.12,Saturday,0
H021,2026-03-14,4,cocina,108.95,27.24,Saturday,0
H021,2026-03-14,4,inodoro,50.31,12.58,Saturday,0
H021,2026-03-14,4,lavado_ropa,35.93,8.98,Saturday,0
H021,2026-03-14,4,limpieza_vivienda,10.01,2.5,Saturday,0
H021,2026-03-22,4,aseo_personal,231.87,57.97,Sunday,0
H021,2026-03-22,4,cocina,89.99,22.5,Sunday,0
H021,2026-03-22,4,inodoro,43.48,10.87,Sunday,0
H021,2026-03-22,4,lavado_ropa,32.61,8.15,Sunday,0
H021,2026-03-22,4,limpieza_vivienda,7.58,1.9,Sunday,0
H021,2026-03-23,4,aseo_personal,238.74,59.68,Monday,0
H021,2026-03-23,4,cocina,90.71,22.68,Monday,0
H021,2026-03-23,4,inodoro,41.98,10.5,Monday,0
H021,2026-03-23,4,lavado_ropa,28.0,7.0,Monday,0
H021,2026-03-23,4,limpieza_vivienda,8.58,2.15,Monday,0
H021,2026-03-27,4,aseo_personal,214.78,53.69,Friday,0
H021,2026-03-27,4,cocina,100.63,25.16,Friday,0
H021,2026-03-27,4,inodoro,42.95,10.74,Friday,0
H021,2026-03-27,4,lavado_ropa,31.88,7.97,Friday,0
H021,2026-03-27,4,limpieza_vivienda,8.9,2.23,Friday,0
H022,2026-01-02,3,aseo_personal,164.9,54.97,Friday,0
H022,2026-01-02,3,cocina,60.95,20.32,Friday,0
H022,2026-01-02,3,inodoro,30.57,10.19,Friday,0
H022,2026-01-02,3,lavado_ropa,19.94,6.65,Friday,0
H022,2026-01-02,3,limpieza_vivienda,5.55,1.85,Friday,0
H022,2026-01-17,3,aseo_personal,190.9,63.63,Saturday,0
H022,2026-01-17,3,cocina,87.26,29.09,Saturday,0
H022,2026-01-17,3,inodoro,30.13,10.04,Saturday,0
H022,2026-01-17,3,lavado_ropa,28.13,9.38,Saturday,0
H022,2026-01-17,3,limpieza_vivienda,6.85,2.28,Saturday,0
H022,2026-01-18,3,aseo_personal,193.56,64.52,Sunday,0
H022,2026-01-18,3,cocina,77.09,25.7,Sunday,0
H022,2026-01-18,3,inodoro,28.97,9.66,Sunday,0
H022,2026-01-18,3,lavado_ropa,20.87,6.96,Sunday,0
H022,2026-01-18,3,limpieza_vivienda,6.65,2.22,Sunday,0
H022,2026-01-30,3,aseo_personal,147.04,49.01,Friday,0
H022,2026-01-30,3,cocina,57.26,19.09,Friday,0
H022,2026-01-30,3,inodoro,27.75,9.25,Friday,0
H022,2026-01-30,3,lavado_ropa,16.58,5.53,Friday,0
H022,2026-01-30,3,limpieza_vivienda,4.8,1.6,Friday,0
H022,2026-01-31,3,aseo_personal,200.65,66.88,Saturday,0
H022,2026-01-31,3,cocina,88.56,29.52,Saturday,0
H022,2026-01-31,3,inodoro,35.88,11.96,Saturday,0
H022,2026-01-31,3,lavado_ropa,29.84,9.95,Saturday,0
H022,2026-01-31,3,limpieza_vivienda,7.31,2.44,Saturday,0
H022,2026-02-04,3,aseo_personal,162.85,54.28,Wednesday,0
H022,2026-02-04,3,cocina,80.13,26.71,Wednesday,0
H022,2026-02-04,3,inodoro,24.94,8.31,Wednesday,0
H022,2026-02-04,3,lavado_ropa,18.26,6.09,Wednesday,0
H022,2026-02-04,3,limpieza_vivienda,5.86,1.95,Wednesday,0
H022,2026-02-05,3,aseo_personal,167.51,55.84,Thursday,0
H022,2026-02-05,3,cocina,70.26,23.42,Thursday,0
H022,2026-02-05,3,inodoro,31.87,10.62,Thursday,0
H022,2026-02-05,3,lavado_ropa,24.86,8.29,Thursday,0
H022,2026-02-05,3,limpieza_vivienda,6.01,2.0,Thursday,0
H022,2026-02-06,3,aseo_personal,195.82,65.27,Friday,0
H022,2026-02-06,3,cocina,71.14,23.71,Friday,0
H022,2026-02-06,3,inodoro,34.57,11.52,Friday,0
H022,2026-02-06,3,lavado_ropa,23.72,7.91,Friday,0
H022,2026-02-06,3,limpieza_vivienda,7.69,2.56,Friday,0
H022,2026-02-08,3,aseo_personal,172.92,57.64,Sunday,0
H022,2026-02-08,3,cocina,99.27,33.09,Sunday,0
H022,2026-02-08,3,inodoro,34.19,11.4,Sunday,0
H022,2026-02-08,3,lavado_ropa,25.07,8.36,Sunday,0
H022,2026-02-08,3,limpieza_vivienda,6.6,2.2,Sunday,0
H022,2026-02-09,3,aseo_personal,181.91,60.64,Monday,0
H022,2026-02-09,3,cocina,76.07,25.36,Monday,0
H022,2026-02-09,3,inodoro,29.75,9.92,Monday,0
H022,2026-02-09,3,lavado_ropa,20.18,6.73,Monday,0
H022,2026-02-09,3,limpieza_vivienda,5.07,1.69,Monday,0
H022,2026-02-14,3,aseo_personal,191.37,63.79,Saturday,0
H022,2026-02-14,3,cocina,75.91,25.3,Saturday,0
H022,2026-02-14,3,inodoro,30.3,10.1,Saturday,0
H022,2026-02-14,3,lavado_ropa,18.97,6.32,Saturday,0
H022,2026-02-14,3,limpieza_vivienda,6.95,2.32,Saturday,0
H022,2026-02-17,3,aseo_personal,163.56,54.52,Tuesday,0
H022,2026-02-17,3,cocina,73.21,24.4,Tuesday,0
H022,2026-02-17,3,inodoro,27.63,9.21,Tuesday,0
H022,2026-02-17,3,lavado_ropa,23.78,7.93,Tuesday,0
H022,2026-02-17,3,limpieza_vivienda,6.33,2.11,Tuesday,0
H022,2026-02-19,3,aseo_personal,157.56,52.52,Thursday,0
H022,2026-02-19,3,cocina,67.54,22.51,Thursday,0
H022,2026-02-19,3,inodoro,27.48,9.16,Thursday,0
H022,2026-02-19,3,lavado_ropa,18.94,6.31,Thursday,0
H022,2026-02-19,3,limpieza_vivienda,6.26,2.09,Thursday,0
H022,2026-02-25,3,aseo_personal,174.68,58.23,Wednesday,0
H022,2026-02-25,3,cocina,68.83,22.94,Wednesday,0
H022,2026-02-25,3,inodoro,24.2,8.07,Wednesday,0
H022,2026-02-25,3,lavado_ropa,20.73,6.91,Wednesday,0
H022,2026-02-25,3,limpieza_vivienda,5.46,1.82,Wednesday,0
H022,2026-02-28,3,aseo_personal,190.66,63.55,Saturday,0
H022,2026-02-28,3,cocina,74.91,24.97,Saturday,0
H022,2026-02-28,3,inodoro,27.3,9.1,Saturday,0
H022,2026-02-28,3,lavado_ropa,20.83,6.94,Saturday,0
H022,2026-02-28,3,limpieza_vivienda,6.85,2.28,Saturday,0
H022,2026-03-12,3,aseo_personal,188.51,62.84,Thursday,0
H022,2026-03-12,3,cocina,62.71,20.9,Thursday,0
H022,2026-03-12,3,inodoro,31.12,10.37,Thursday,0
H022,2026-03-12,3,lavado_ropa,22.69,7.56,Thursday,0
H022,2026-03-12,3,limpieza_vivienda,5.26,1.75,Thursday,0
H022,2026-03-15,3,aseo_personal,160.71,53.57,Sunday,0
H022,2026-03-15,3,cocina,84.01,28.0,Sunday,0
H022,2026-03-15,3,inodoro,31.89,10.63,Sunday,0
H022,2026-03-15,3,lavado_ropa,20.75,6.92,Sunday,0
H022,2026-03-15,3,limpieza_vivienda,6.98,2.33,Sunday,0
H022,2026-03-22,3,aseo_personal,161.66,53.89,Sunday,0
H022,2026-03-22,3,cocina,76.73,25.58,Sunday,0
H022,2026-03-22,3,inodoro,27.08,9.03,Sunday,0
H022,2026-03-22,3,lavado_ropa,17.36,5.79,Sunday,0
H022,2026-03-22,3,limpieza_vivienda,4.88,1.63,Sunday,0
H022,2026-03-24,3,aseo_personal,145.42,48.47,Tuesday,0
H022,2026-03-24,3,cocina,53.28,17.76,Tuesday,0
H022,2026-03-24,3,inodoro,25.44,8.48,Tuesday,0
H022,2026-03-24,3,lavado_ropa,19.31,6.44,Tuesday,0
H022,2026-03-24,3,limpieza_vivienda,5.1,1.7,Tuesday,0
H022,2026-03-26,3,aseo_personal,179.26,59.75,Thursday,0
H022,2026-03-26,3,cocina,56.4,18.8,Thursday,0
H022,2026-03-26,3,inodoro,26.74,8.91,Thursday,0
H022,2026-03-26,3,lavado_ropa,20.73,6.91,Thursday,0
H022,2026-03-26,3,limpieza_vivienda,5.64,1.88,Thursday,0
H022,2026-03-27,3,aseo_personal,179.52,59.84,Friday,0
H022,2026-03-27,3,cocina,77.18,25.73,Friday,0
H022,2026-03-27,3,inodoro,29.06,9.69,Friday,0
H022,2026-03-27,3,lavado_ropa,20.65,6.88,Friday,0
H022,2026-03-27,3,limpieza_vivienda,6.22,2.07,Friday,0
H022,2026-03-28,3,aseo_personal,217.13,72.38,Saturday,0
H022,2026-03-28,3,cocina,96.1,32.03,Saturday,0
H022,2026-03-28,3,inodoro,34.96,11.65,Saturday,0
H022,2026-03-28,3,lavado_ropa,27.8,9.27,Saturday,0
H022,2026-03-28,3,limpieza_vivienda,7.44,2.48,Saturday,0
H022,2026-04-01,3,aseo_personal,159.18,53.06,Wednesday,0
H022,2026-04-01,3,cocina,68.0,22.67,Wednesday,0
H022,2026-04-01,3,inodoro,26.58,8.86,Wednesday,0
H022,2026-04-01,3,lavado_ropa,21.1,7.03,Wednesday,0
H022,2026-04-01,3,limpieza_vivienda,5.42,1.81,Wednesday,0
H022,2026-04-02,3,aseo_personal,177.87,59.29,Thursday,0
H022,2026-04-02,3,cocina,77.37,25.79,Thursday,0
H022,2026-04-02,3,inodoro,33.92,11.31,Thursday,0
H022,2026-04-02,3,lavado_ropa,24.84,8.28,Thursday,0
H022,2026-04-02,3,limpieza_vivienda,6.13,2.04,Thursday,0
H023,2026-01-02,6,aseo_personal,342.95,57.16,Friday,0
H023,2026-01-02,6,cocina,108.11,18.02,Friday,0
H023,2026-01-02,6,inodoro,56.89,9.48,Friday,0
H023,2026-01-02,6,lavado_ropa,42.28,7.05,Friday,0
H023,2026-01-02,6,limpieza_vivienda,13.31,2.22,Friday,0
H023,2026-01-11,6,aseo_personal,324.18,54.03,Sunday,0
H023,2026-01-11,6,cocina,134.46,22.41,Sunday,0
H023,2026-01-11,6,inodoro,62.4,10.4,Sunday,0
H023,2026-01-11,6,lavado_ropa,43.3,7.22,Sunday,0
H023,2026-01-11,6,limpieza_vivienda,9.92,1.65,Sunday,0
H023,2026-01-21,6,aseo_personal,320.85,53.48,Wednesday,0
H023,2026-01-21,6,cocina,128.82,21.47,Wednesday,0
H023,2026-01-21,6,inodoro,63.35,10.56,Wednesday,0
H023,2026-01-21,6,lavado_ropa,39.92,6.65,Wednesday,0
H023,2026-01-21,6,limpieza_vivienda,14.2,2.37,Wednesday,0
H023,2026-01-25,6,aseo_personal,322.05,53.68,Sunday,0
H023,2026-01-25,6,cocina,134.73,22.45,Sunday,0
H023,2026-01-25,6,inodoro,50.34,8.39,Sunday,0
H023,2026-01-25,6,lavado_ropa,36.74,6.12,Sunday,0
H023,2026-01-25,6,limpieza_vivienda,7.92,1.32,Sunday,0
H023,2026-01-26,6,aseo_personal,299.74,49.96,Monday,0
H023,2026-01-26,6,cocina,146.13,24.36,Monday,0
H023,2026-01-26,6,inodoro,49.91,8.32,Monday,0
H023,2026-01-26,6,lavado_ropa,31.86,5.31,Monday,0
H023,2026-01-26,6,limpieza_vivienda,8.7,1.45,Monday,0
H023,2026-01-27,6,aseo_personal,344.5,57.42,Tuesday,0
H023,2026-01-27,6,cocina,145.93,24.32,Tuesday,0
H023,2026-01-27,6,inodoro,56.05,9.34,Tuesday,0
H023,2026-01-27,6,lavado_ropa,45.24,7.54,Tuesday,0
H023,2026-01-27,6,limpieza_vivienda,12.68,2.11,Tuesday,0
H023,2026-02-01,6,aseo_personal,341.53,56.92,Sunday,0
H023,2026-02-01,6,cocina,144.85,24.14,Sunday,0
H023,2026-02-01,6,inodoro,63.0,10.5,Sunday,0
H023,2026-02-01,6,lavado_ropa,40.82,6.8,Sunday,0
H023,2026-02-01,6,limpieza_vivienda,11.88,1.98,Sunday,0
H023,2026-02-02,6,aseo_personal,297.48,49.58,Monday,0
H023,2026-02-02,6,cocina,115.43,19.24,Monday,0
H023,2026-02-02,6,inodoro,56.3,9.38,Monday,0
H023,2026-02-02,6,lavado_ropa,37.34,6.22,Monday,0
H023,2026-02-02,6,limpieza_vivienda,11.36,1.89,Monday,0
H023,2026-02-11,6,aseo_personal,313.7,52.28,Wednesday,0
H023,2026-02-11,6,cocina,117.88,19.65,Wednesday,0
H023,2026-02-11,6,inodoro,48.5,8.08,Wednesday,0
H023,2026-02-11,6,lavado_ropa,34.54,5.76,Wednesday,0
H023,2026-02-11,6,limpieza_vivienda,10.06,1.68,Wednesday,0
H023,2026-02-21,6,aseo_personal,283.27,47.21,Saturday,0
H023,2026-02-21,6,cocina,127.51,21.25,Saturday,0
H023,2026-02-21,6,inodoro,44.9,7.48,Saturday,0
H023,2026-02-21,6,lavado_ropa,29.85,4.98,Saturday,0
H023,2026-02-21,6,limpieza_vivienda,11.22,1.87,Saturday,0
H023,2026-02-24,6,aseo_personal,304.73,50.79,Tuesday,0
H023,2026-02-24,6,cocina,109.71,18.29,Tuesday,0
H023,2026-02-24,6,inodoro,59.9,9.98,Tuesday,0
H023,2026-02-24,6,lavado_ropa,34.92,5.82,Tuesday,0
H023,2026-02-24,6,limpieza_vivienda,10.88,1.81,Tuesday,0
H023,2026-02-26,6,aseo_personal,307.42,51.24,Thursday,0
H023,2026-02-26,6,cocina,117.68,19.61,Thursday,0
H023,2026-02-26,6,inodoro,53.64,8.94,Thursday,0
H023,2026-02-26,6,lavado_ropa,34.0,5.67,Thursday,0
H023,2026-02-26,6,limpieza_vivienda,11.0,1.83,Thursday,0
H023,2026-03-01,6,aseo_personal,369.95,61.66,Sunday,0
H023,2026-03-01,6,cocina,140.69,23.45,Sunday,0
H023,2026-03-01,6,inodoro,62.35,10.39,Sunday,0
H023,2026-03-01,6,lavado_ropa,37.62,6.27,Sunday,0
H023,2026-03-01,6,limpieza_vivienda,13.9,2.32,Sunday,0
H023,2026-03-07,6,aseo_personal,298.03,49.67,Saturday,0
H023,2026-03-07,6,cocina,123.79,20.63,Saturday,0
H023,2026-03-07,6,inodoro,60.59,10.1,Saturday,0
H023,2026-03-07,6,lavado_ropa,36.2,6.03,Saturday,0
H023,2026-03-07,6,limpieza_vivienda,11.98,2.0,Saturday,0
H023,2026-03-19,6,aseo_personal,344.54,57.42,Thursday,0
H023,2026-03-19,6,cocina,121.62,20.27,Thursday,0
H023,2026-03-19,6,inodoro,51.78,8.63,Thursday,0
H023,2026-03-19,6,lavado_ropa,43.07,7.18,Thursday,0
H023,2026-03-19,6,limpieza_vivienda,9.77,1.63,Thursday,0
H023,2026-03-30,6,aseo_personal,307.38,51.23,Monday,0
H023,2026-03-30,6,cocina,119.37,19.9,Monday,0
H023,2026-03-30,6,inodoro,51.65,8.61,Monday,0
H023,2026-03-30,6,lavado_ropa,40.27,6.71,Monday,0
H023,2026-03-30,6,limpieza_vivienda,10.84,1.81,Monday,0
H023,2026-04-02,6,aseo_personal,296.99,49.5,Thursday,0
H023,2026-04-02,6,cocina,114.93,19.15,Thursday,0
H023,2026-04-02,6,inodoro,56.13,9.36,Thursday,0
H023,2026-04-02,6,lavado_ropa,35.51,5.92,Thursday,0
H023,2026-04-02,6,limpieza_vivienda,9.17,1.53,Thursday,0
H023,2026-04-04,6,aseo_personal,291.91,48.65,Saturday,0
H023,2026-04-04,6,cocina,116.26,19.38,Saturday,0
H023,2026-04-04,6,inodoro,56.35,9.39,Saturday,0
H023,2026-04-04,6,lavado_ropa,34.96,5.83,Saturday,0
H023,2026-04-04,6,limpieza_vivienda,10.41,1.74,Saturday,0
H023,2026-04-10,6,aseo_personal,315.64,52.61,Friday,0
H023,2026-04-10,6,cocina,127.88,21.31,Friday,0
H023,2026-04-10,6,inodoro,50.69,8.45,Friday,0
H023,2026-04-10,6,lavado_ropa,40.74,6.79,Friday,0
H023,2026-04-10,6,limpieza_vivienda,11.4,1.9,Friday,0
H024,2026-01-07,5,aseo_personal,285.57,57.11,Wednesday,0
H024,2026-01-07,5,cocina,100.66,20.13,Wednesday,0
H024,2026-01-07,5,inodoro,46.43,9.29,Wednesday,0
H024,2026-01-07,5,lavado_ropa,28.29,5.66,Wednesday,0
H024,2026-01-07,5,limpieza_vivienda,8.74,1.75,Wednesday,0
H024,2026-01-09,5,aseo_personal,272.69,54.54,Friday,0
H024,2026-01-09,5,cocina,104.3,20.86,Friday,0
H024,2026-01-09,5,inodoro,43.35,8.67,Friday,0
H024,2026-01-09,5,lavado_ropa,32.02,6.4,Friday,0
H024,2026-01-09,5,limpieza_vivienda,9.02,1.8,Friday,0
H024,2026-01-12,5,aseo_personal,284.85,56.97,Monday,0
H024,2026-01-12,5,cocina,89.75,17.95,Monday,0
H024,2026-01-12,5,inodoro,47.03,9.41,Monday,0
H024,2026-01-12,5,lavado_ropa,28.27,5.65,Monday,0
H024,2026-01-12,5,limpieza_vivienda,9.3,1.86,Monday,0
H024,2026-01-13,5,aseo_personal,257.32,51.46,Tuesday,0
H024,2026-01-13,5,cocina,121.59,24.32,Tuesday,0
H024,2026-01-13,5,inodoro,44.27,8.85,Tuesday,0
H024,2026-01-13,5,lavado_ropa,29.76,5.95,Tuesday,0
H024,2026-01-13,5,limpieza_vivienda,10.67,2.13,Tuesday,0
H024,2026-01-15,5,aseo_personal,240.1,48.02,Thursday,0
H024,2026-01-15,5,cocina,99.85,19.97,Thursday,0
H024,2026-01-15,5,inodoro,32.77,6.55,Thursday,0
H024,2026-01-15,5,lavado_ropa,25.03,5.01,Thursday,0
H024,2026-01-15,5,limpieza_vivienda,7.12,1.42,Thursday,0
H024,2026-01-24,5,aseo_personal,269.19,53.84,Saturday,0
H024,2026-01-24,5,cocina,111.06,22.21,Saturday,0
H024,2026-01-24,5,inodoro,45.65,9.13,Saturday,0
H024,2026-01-24,5,lavado_ropa,38.39,7.68,Saturday,0
H024,2026-01-24,5,limpieza_vivienda,9.64,1.93,Saturday,0
H024,2026-02-06,5,aseo_personal,277.84,55.57,Friday,0
H024,2026-02-06,5,cocina,111.31,22.26,Friday,0
H024,2026-02-06,5,inodoro,45.87,9.17,Friday,0
H024,2026-02-06,5,lavado_ropa,29.43,5.89,Friday,0
H024,2026-02-06,5,limpieza_vivienda,10.66,2.13,Friday,0
H024,2026-02-08,5,aseo_personal,736.63,147.33,Sunday,1
H024,2026-02-08,5,cocina,170.12,34.02,Sunday,1
H024,2026-02-08,5,inodoro,86.3,17.26,Sunday,1
H024,2026-02-08,5,lavado_ropa,52.92,10.58,Sunday,1
H024,2026-02-08,5,limpieza_vivienda,15.37,3.07,Sunday,1
H024,2026-02-09,5,aseo_personal,279.62,55.92,Monday,0
H024,2026-02-09,5,cocina,112.26,22.45,Monday,0
H024,2026-02-09,5,inodoro,50.3,10.06,Monday,0
H024,2026-02-09,5,lavado_ropa,37.01,7.4,Monday,0
H024,2026-02-09,5,limpieza_vivienda,10.31,2.06,Monday,0
H024,2026-02-10,5,aseo_personal,274.9,54.98,Tuesday,0
H024,2026-02-10,5,cocina,89.39,17.88,Tuesday,0
H024,2026-02-10,5,inodoro,39.8,7.96,Tuesday,0
H024,2026-02-10,5,lavado_ropa,29.61,5.92,Tuesday,0
H024,2026-02-10,5,limpieza_vivienda,8.65,1.73,Tuesday,0
H024,2026-02-12,5,aseo_personal,214.18,42.84,Thursday,0
H024,2026-02-12,5,cocina,88.87,17.77,Thursday,0
H024,2026-02-12,5,inodoro,36.06,7.21,Thursday,0
H024,2026-02-12,5,lavado_ropa,28.22,5.64,Thursday,0
H024,2026-02-12,5,limpieza_vivienda,7.19,1.44,Thursday,0
H024,2026-02-15,5,aseo_personal,288.04,57.61,Sunday,0
H024,2026-02-15,5,cocina,114.61,22.92,Sunday,0
H024,2026-02-15,5,inodoro,44.88,8.98,Sunday,0
H024,2026-02-15,5,lavado_ropa,31.32,6.26,Sunday,0
H024,2026-02-15,5,limpieza_vivienda,10.73,2.15,Sunday,0
H024,2026-02-17,5,aseo_personal,262.78,52.56,Tuesday,0
H024,2026-02-17,5,cocina,112.85,22.57,Tuesday,0
H024,2026-02-17,5,inodoro,47.51,9.5,Tuesday,0
H024,2026-02-17,5,lavado_ropa,29.39,5.88,Tuesday,0
H024,2026-02-17,5,limpieza_vivienda,8.46,1.69,Tuesday,0
H024,2026-03-07,5,aseo_personal,302.16,60.43,Saturday,0
H024,2026-03-07,5,cocina,113.04,22.61,Saturday,0
H024,2026-03-07,5,inodoro,55.28,11.06,Saturday,0
H024,2026-03-07,5,lavado_ropa,37.01,7.4,Saturday,0
H024,2026-03-07,5,limpieza_vivienda,10.89,2.18,Saturday,0
H024,2026-03-11,5,aseo_personal,292.22,58.44,Wednesday,0
H024,2026-03-11,5,cocina,106.97,21.39,Wednesday,0
H024,2026-03-11,5,inodoro,52.77,10.55,Wednesday,0
H024,2026-03-11,5,lavado_ropa,34.74,6.95,Wednesday,0
H024,2026-03-11,5,limpieza_vivienda,10.45,2.09,Wednesday,0
H024,2026-03-17,5,aseo_personal,254.71,50.94,Tuesday,0
H024,2026-03-17,5,cocina,109.47,21.89,Tuesday,0
H024,2026-03-17,5,inodoro,47.21,9.44,Tuesday,0
H024,2026-03-17,5,lavado_ropa,32.01,6.4,Tuesday,0
H024,2026-03-17,5,limpieza_vivienda,9.84,1.97,Tuesday,0
H024,2026-03-18,5,aseo_personal,199.1,39.82,Wednesday,0
H024,2026-03-18,5,cocina,77.55,15.51,Wednesday,0
H024,2026-03-18,5,inodoro,34.76,6.95,Wednesday,0
H024,2026-03-18,5,lavado_ropa,24.08,4.82,Wednesday,0
H024,2026-03-18,5,limpieza_vivienda,7.21,1.44,Wednesday,0
H024,2026-03-22,5,aseo_personal,253.83,50.77,Sunday,0
H024,2026-03-22,5,cocina,119.25,23.85,Sunday,0
H024,2026-03-22,5,inodoro,47.1,9.42,Sunday,0
H024,2026-03-22,5,lavado_ropa,29.44,5.89,Sunday,0
H024,2026-03-22,5,limpieza_vivienda,8.83,1.77,Sunday,0
H024,2026-03-29,5,aseo_personal,306.57,61.31,Sunday,0
H024,2026-03-29,5,cocina,135.35,27.07,Sunday,0
H024,2026-03-29,5,inodoro,58.64,11.73,Sunday,0
H024,2026-03-29,5,lavado_ropa,35.1,7.02,Sunday,0
H024,2026-03-29,5,limpieza_vivienda,12.14,2.43,Sunday,0
H024,2026-04-01,5,aseo_personal,256.67,51.33,Wednesday,0
H024,2026-04-01,5,cocina,116.15,23.23,Wednesday,0
H024,2026-04-01,5,inodoro,48.03,9.61,Wednesday,0
H024,2026-04-01,5,lavado_ropa,43.87,8.77,Wednesday,0
H024,2026-04-01,5,limpieza_vivienda,10.09,2.02,Wednesday,0
H024,2026-04-06,5,aseo_personal,465.96,93.19,Monday,1
H024,2026-04-06,5,cocina,365.9,73.18,Monday,1
H024,2026-04-06,5,inodoro,82.31,16.46,Monday,1
H024,2026-04-06,5,lavado_ropa,53.28,10.66,Monday,1
H024,2026-04-06,5,limpieza_vivienda,13.57,2.71,Monday,1
H024,2026-04-10,5,aseo_personal,247.36,49.47,Friday,0
H024,2026-04-10,5,cocina,102.17,20.43,Friday,0
H024,2026-04-10,5,inodoro,49.55,9.91,Friday,0
H024,2026-04-10,5,lavado_ropa,29.82,5.96,Friday,0
H024,2026-04-10,5,limpieza_vivienda,8.3,1.66,Friday,0
H025,2026-01-20,4,aseo_personal,184.95,46.24,Tuesday,0
H025,2026-01-20,4,cocina,80.82,20.21,Tuesday,0
H025,2026-01-20,4,inodoro,39.63,9.91,Tuesday,0
H025,2026-01-20,4,lavado_ropa,28.92,7.23,Tuesday,0
H025,2026-01-20,4,limpieza_vivienda,6.85,1.71,Tuesday,0
H025,2026-01-30,4,aseo_personal,195.05,48.76,Friday,0
H025,2026-01-30,4,cocina,81.79,20.45,Friday,0
H025,2026-01-30,4,inodoro,40.9,10.23,Friday,0
H025,2026-01-30,4,lavado_ropa,25.73,6.43,Friday,0
H025,2026-01-30,4,limpieza_vivienda,7.1,1.77,Friday,0
H025,2026-02-04,4,aseo_personal,216.17,54.04,Wednesday,0
H025,2026-02-04,4,cocina,79.4,19.85,Wednesday,0
H025,2026-02-04,4,inodoro,37.64,9.41,Wednesday,0
H025,2026-02-04,4,lavado_ropa,25.41,6.35,Wednesday,0
H025,2026-02-04,4,limpieza_vivienda,7.12,1.78,Wednesday,0
H025,2026-02-07,4,aseo_personal,241.77,60.44,Saturday,0
H025,2026-02-07,4,cocina,84.08,21.02,Saturday,0
H025,2026-02-07,4,inodoro,41.09,10.27,Saturday,0
H025,2026-02-07,4,lavado_ropa,27.7,6.92,Saturday,0
H025,2026-02-07,4,limpieza_vivienda,9.15,2.29,Saturday,0
H025,2026-02-08,4,aseo_personal,234.51,58.63,Sunday,0
H025,2026-02-08,4,cocina,109.31,27.33,Sunday,0
H025,2026-02-08,4,inodoro,38.82,9.71,Sunday,0
H025,2026-02-08,4,lavado_ropa,25.54,6.39,Sunday,0
H025,2026-02-08,4,limpieza_vivienda,8.93,2.23,Sunday,0
H025,2026-02-14,4,aseo_personal,220.94,55.24,Saturday,0
H025,2026-02-14,4,cocina,89.21,22.3,Saturday,0
H025,2026-02-14,4,inodoro,38.77,9.69,Saturday,0
H025,2026-02-14,4,lavado_ropa,25.14,6.29,Saturday,0
H025,2026-02-14,4,limpieza_vivienda,6.15,1.54,Saturday,0
H025,2026-02-19,4,aseo_personal,207.17,51.79,Thursday,0
H025,2026-02-19,4,cocina,81.75,20.44,Thursday,0
H025,2026-02-19,4,inodoro,31.46,7.86,Thursday,0
H025,2026-02-19,4,lavado_ropa,26.35,6.59,Thursday,0
H025,2026-02-19,4,limpieza_vivienda,5.73,1.43,Thursday,0
H025,2026-02-21,4,aseo_personal,232.34,58.08,Saturday,0
H025,2026-02-21,4,cocina,82.46,20.62,Saturday,0
H025,2026-02-21,4,inodoro,38.05,9.51,Saturday,0
H025,2026-02-21,4,lavado_ropa,26.67,6.67,Saturday,0
H025,2026-02-21,4,limpieza_vivienda,8.83,2.21,Saturday,0
H025,2026-02-22,4,aseo_personal,206.51,51.63,Sunday,0
H025,2026-02-22,4,cocina,77.91,19.48,Sunday,0
H025,2026-02-22,4,inodoro,31.93,7.98,Sunday,0
H025,2026-02-22,4,lavado_ropa,23.43,5.86,Sunday,0
H025,2026-02-22,4,limpieza_vivienda,6.69,1.67,Sunday,0
H025,2026-03-10,4,aseo_personal,204.14,51.03,Tuesday,0
H025,2026-03-10,4,cocina,66.88,16.72,Tuesday,0
H025,2026-03-10,4,inodoro,30.61,7.65,Tuesday,0
H025,2026-03-10,4,lavado_ropa,22.5,5.62,Tuesday,0
H025,2026-03-10,4,limpieza_vivienda,6.28,1.57,Tuesday,0
H025,2026-03-11,4,aseo_personal,374.09,93.52,Wednesday,1
H025,2026-03-11,4,cocina,172.51,43.13,Wednesday,1
H025,2026-03-11,4,inodoro,64.58,16.14,Wednesday,1
H025,2026-03-11,4,lavado_ropa,126.26,31.56,Wednesday,1
H025,2026-03-11,4,limpieza_vivienda,12.45,3.11,Wednesday,1
H025,2026-03-12,4,aseo_personal,191.36,47.84,Thursday,0
H025,2026-03-12,4,cocina,82.68,20.67,Thursday,0
H025,2026-03-12,4,inodoro,32.35,8.09,Thursday,0
H025,2026-03-12,4,lavado_ropa,21.64,5.41,Thursday,0
H025,2026-03-12,4,limpieza_vivienda,6.51,1.63,Thursday,0
H025,2026-03-16,4,aseo_personal,187.76,46.94,Monday,0
H025,2026-03-16,4,cocina,86.3,21.57,Monday,0
H025,2026-03-16,4,inodoro,33.61,8.4,Monday,0
H025,2026-03-16,4,lavado_ropa,24.25,6.06,Monday,0
H025,2026-03-16,4,limpieza_vivienda,8.13,2.03,Monday,0
H025,2026-03-18,4,aseo_personal,178.77,44.69,Wednesday,0
H025,2026-03-18,4,cocina,74.74,18.68,Wednesday,0
H025,2026-03-18,4,inodoro,33.62,8.4,Wednesday,0
H025,2026-03-18,4,lavado_ropa,22.93,5.73,Wednesday,0
H025,2026-03-18,4,limpieza_vivienda,6.83,1.71,Wednesday,0
H025,2026-03-20,4,aseo_personal,223.74,55.94,Friday,0
H025,2026-03-20,4,cocina,79.86,19.96,Friday,0
H025,2026-03-20,4,inodoro,41.52,10.38,Friday,0
H025,2026-03-20,4,lavado_ropa,28.31,7.08,Friday,0
H025,2026-03-20,4,limpieza_vivienda,7.65,1.91,Friday,0
H025,2026-03-21,4,aseo_personal,244.66,61.17,Saturday,0
H025,2026-03-21,4,cocina,107.36,26.84,Saturday,0
H025,2026-03-21,4,inodoro,39.54,9.88,Saturday,0
H025,2026-03-21,4,lavado_ropa,30.2,7.55,Saturday,0
H025,2026-03-21,4,limpieza_vivienda,10.24,2.56,Saturday,0
H025,2026-03-27,4,aseo_personal,209.83,52.46,Friday,0
H025,2026-03-27,4,cocina,83.15,20.79,Friday,0
H025,2026-03-27,4,inodoro,37.46,9.37,Friday,0
H025,2026-03-27,4,lavado_ropa,25.38,6.34,Friday,0
H025,2026-03-27,4,limpieza_vivienda,6.7,1.67,Friday,0
H025,2026-03-30,4,aseo_personal,215.91,53.98,Monday,0
H025,2026-03-30,4,cocina,83.05,20.76,Monday,0
H025,2026-03-30,4,inodoro,33.57,8.39,Monday,0
H025,2026-03-30,4,lavado_ropa,22.04,5.51,Monday,0
H025,2026-03-30,4,limpieza_vivienda,6.28,1.57,Monday,0
H025,2026-04-03,4,aseo_personal,250.66,62.66,Friday,0
H025,2026-04-03,4,cocina,105.18,26.29,Friday,0
H025,2026-04-03,4,inodoro,42.79,10.7,Friday,0
H025,2026-04-03,4,lavado_ropa,34.4,8.6,Friday,0
H025,2026-04-03,4,limpieza_vivienda,8.78,2.19,Friday,0
H025,2026-04-04,4,aseo_personal,242.17,60.54,Saturday,0
H025,2026-04-04,4,cocina,88.29,22.07,Saturday,0
H025,2026-04-04,4,inodoro,37.93,9.48,Saturday,0
H025,2026-04-04,4,lavado_ropa,28.81,7.2,Saturday,0
H025,2026-04-04,4,limpieza_vivienda,9.35,2.34,Saturday,0
H026,2026-01-01,2,aseo_personal,106.02,53.01,Thursday,0
H026,2026-01-01,2,cocina,60.85,30.43,Thursday,0
H026,2026-01-01,2,inodoro,22.59,11.3,Thursday,0
H026,2026-01-01,2,lavado_ropa,15.16,7.58,Thursday,0
H026,2026-01-01,2,limpieza_vivienda,4.23,2.11,Thursday,0
H026,2026-01-05,2,aseo_personal,135.62,67.81,Monday,0
H026,2026-01-05,2,cocina,51.83,25.91,Monday,0
H026,2026-01-05,2,inodoro,24.04,12.02,Monday,0
H026,2026-01-05,2,lavado_ropa,16.7,8.35,Monday,0
H026,2026-01-05,2,limpieza_vivienda,4.45,2.22,Monday,0
H026,2026-01-08,2,aseo_personal,128.99,64.5,Thursday,0
H026,2026-01-08,2,cocina,60.66,30.33,Thursday,0
H026,2026-01-08,2,inodoro,19.39,9.69,Thursday,0
H026,2026-01-08,2,lavado_ropa,16.26,8.13,Thursday,0
H026,2026-01-08,2,limpieza_vivienda,5.15,2.58,Thursday,0
H026,2026-01-18,2,aseo_personal,118.47,59.23,Sunday,0
H026,2026-01-18,2,cocina,46.16,23.08,Sunday,0
H026,2026-01-18,2,inodoro,17.56,8.78,Sunday,0
H026,2026-01-18,2,lavado_ropa,15.8,7.9,Sunday,0
H026,2026-01-18,2,limpieza_vivienda,4.16,2.08,Sunday,0
H026,2026-01-23,2,aseo_personal,107.75,53.88,Friday,0
H026,2026-01-23,2,cocina,39.62,19.81,Friday,0
H026,2026-01-23,2,inodoro,17.09,8.54,Friday,0
H026,2026-01-23,2,lavado_ropa,13.29,6.64,Friday,0
H026,2026-01-23,2,limpieza_vivienda,3.56,1.78,Friday,0
H026,2026-01-25,2,aseo_personal,111.96,55.98,Sunday,0
H026,2026-01-25,2,cocina,51.24,25.62,Sunday,0
H026,2026-01-25,2,inodoro,20.61,10.3,Sunday,0
H026,2026-01-25,2,lavado_ropa,14.46,7.23,Sunday,0
H026,2026-01-25,2,limpieza_vivienda,4.3,2.15,Sunday,0
H026,2026-02-01,2,aseo_personal,120.89,60.45,Sunday,0
H026,2026-02-01,2,cocina,52.69,26.35,Sunday,0
H026,2026-02-01,2,inodoro,23.13,11.56,Sunday,0
H026,2026-02-01,2,lavado_ropa,14.74,7.37,Sunday,0
H026,2026-02-01,2,limpieza_vivienda,4.97,2.48,Sunday,0
H026,2026-02-09,2,aseo_personal,114.48,57.24,Monday,0
H026,2026-02-09,2,cocina,44.37,22.19,Monday,0
H026,2026-02-09,2,inodoro,18.78,9.39,Monday,0
H026,2026-02-09,2,lavado_ropa,15.68,7.84,Monday,0
H026,2026-02-09,2,limpieza_vivienda,4.08,2.04,Monday,0
H026,2026-02-11,2,aseo_personal,118.62,59.31,Wednesday,0
H026,2026-02-11,2,cocina,57.21,28.6,Wednesday,0
H026,2026-02-11,2,inodoro,22.74,11.37,Wednesday,0
H026,2026-02-11,2,lavado_ropa,14.86,7.43,Wednesday,0
H026,2026-02-11,2,limpieza_vivienda,4.42,2.21,Wednesday,0
H026,2026-02-13,2,aseo_personal,120.94,60.47,Friday,0
H026,2026-02-13,2,cocina,51.16,25.58,Friday,0
H026,2026-02-13,2,inodoro,19.82,9.91,Friday,0
H026,2026-02-13,2,lavado_ropa,16.82,8.41,Friday,0
H026,2026-02-13,2,limpieza_vivienda,4.26,2.13,Friday,0
H026,2026-02-14,2,aseo_personal,135.24,67.62,Saturday,0
H026,2026-02-14,2,cocina,59.39,29.69,Saturday,0
H026,2026-02-14,2,inodoro,24.51,12.25,Saturday,0
H026,2026-02-14,2,lavado_ropa,17.24,8.62,Saturday,0
H026,2026-02-14,2,limpieza_vivienda,5.09,2.55,Saturday,0
H026,2026-02-20,2,aseo_personal,130.23,65.12,Friday,0
H026,2026-02-20,2,cocina,46.32,23.16,Friday,0
H026,2026-02-20,2,inodoro,22.26,11.13,Friday,0
H026,2026-02-20,2,lavado_ropa,14.08,7.04,Friday,0
H026,2026-02-20,2,limpieza_vivienda,3.58,1.79,Friday,0
H026,2026-02-26,2,aseo_personal,120.23,60.12,Thursday,0
H026,2026-02-26,2,cocina,44.22,22.11,Thursday,0
H026,2026-02-26,2,inodoro,18.85,9.42,Thursday,0
H026,2026-02-26,2,lavado_ropa,15.41,7.71,Thursday,0
H026,2026-02-26,2,limpieza_vivienda,4.31,2.16,Thursday,0
H026,2026-03-02,2,aseo_personal,118.01,59.0,Monday,0
H026,2026-03-02,2,cocina,55.05,27.52,Monday,0
H026,2026-03-02,2,inodoro,19.81,9.9,Monday,0
H026,2026-03-02,2,lavado_ropa,15.94,7.97,Monday,0
H026,2026-03-02,2,limpieza_vivienda,5.13,2.56,Monday,0
H026,2026-03-04,2,aseo_personal,111.69,55.84,Wednesday,0
H026,2026-03-04,2,cocina,48.69,24.35,Wednesday,0
H026,2026-03-04,2,inodoro,22.26,11.13,Wednesday,0
H026,2026-03-04,2,lavado_ropa,14.7,7.35,Wednesday,0
H026,2026-03-04,2,limpieza_vivienda,3.94,1.97,Wednesday,0
H026,2026-03-08,2,aseo_personal,137.19,68.6,Sunday,0
H026,2026-03-08,2,cocina,52.83,26.42,Sunday,0
H026,2026-03-08,2,inodoro,23.47,11.74,Sunday,0
H026,2026-03-08,2,lavado_ropa,16.23,8.11,Sunday,0
H026,2026-03-08,2,limpieza_vivienda,5.16,2.58,Sunday,0
H026,2026-03-17,2,aseo_personal,133.82,66.91,Tuesday,0
H026,2026-03-17,2,cocina,51.7,25.85,Tuesday,0
H026,2026-03-17,2,inodoro,22.81,11.4,Tuesday,0
H026,2026-03-17,2,lavado_ropa,15.81,7.9,Tuesday,0
H026,2026-03-17,2,limpieza_vivienda,4.36,2.18,Tuesday,0
H026,2026-03-20,2,aseo_personal,118.83,59.42,Friday,0
H026,2026-03-20,2,cocina,53.84,26.92,Friday,0
H026,2026-03-20,2,inodoro,24.75,12.38,Friday,0
H026,2026-03-20,2,lavado_ropa,17.58,8.79,Friday,0
H026,2026-03-20,2,limpieza_vivienda,4.74,2.37,Friday,0
H026,2026-03-21,2,aseo_personal,133.82,66.91,Saturday,0
H026,2026-03-21,2,cocina,54.19,27.1,Saturday,0
H026,2026-03-21,2,inodoro,21.34,10.67,Saturday,0
H026,2026-03-21,2,lavado_ropa,16.06,8.03,Saturday,0
H026,2026-03-21,2,limpieza_vivienda,5.46,2.73,Saturday,0
H026,2026-03-29,2,aseo_personal,146.39,73.19,Sunday,0
H026,2026-03-29,2,cocina,51.62,25.81,Sunday,0
H026,2026-03-29,2,inodoro,25.23,12.62,Sunday,0
H026,2026-03-29,2,lavado_ropa,20.47,10.23,Sunday,0
H026,2026-03-29,2,limpieza_vivienda,4.85,2.42,Sunday,0
H026,2026-04-05,2,aseo_personal,127.36,63.68,Sunday,0
H026,2026-04-05,2,cocina,51.87,25.93,Sunday,0
H026,2026-04-05,2,inodoro,22.87,11.44,Sunday,0
H026,2026-04-05,2,lavado_ropa,16.43,8.21,Sunday,0
H026,2026-04-05,2,limpieza_vivienda,4.89,2.44,Sunday,0
H026,2026-04-09,2,aseo_personal,138.61,69.31,Thursday,0
H026,2026-04-09,2,cocina,44.39,22.2,Thursday,0
H026,2026-04-09,2,inodoro,20.5,10.25,Thursday,0
H026,2026-04-09,2,lavado_ropa,14.45,7.23,Thursday,0
H026,2026-04-09,2,limpieza_vivienda,4.16,2.08,Thursday,0
H027,2026-01-10,3,aseo_personal,195.17,65.06,Saturday,0
H027,2026-01-10,3,cocina,81.29,27.1,Saturday,0
H027,2026-01-10,3,inodoro,28.47,9.49,Saturday,0
H027,2026-01-10,3,lavado_ropa,24.47,8.16,Saturday,0
H027,2026-01-10,3,limpieza_vivienda,7.08,2.36,Saturday,0
H027,2026-01-14,3,aseo_personal,170.57,56.86,Wednesday,0
H027,2026-01-14,3,cocina,75.89,25.3,Wednesday,0
H027,2026-01-14,3,inodoro,30.54,10.18,Wednesday,0
H027,2026-01-14,3,lavado_ropa,22.3,7.43,Wednesday,0
H027,2026-01-14,3,limpieza_vivienda,6.7,2.23,Wednesday,0
H027,2026-01-16,3,aseo_personal,199.19,66.4,Friday,0
H027,2026-01-16,3,cocina,78.6,26.2,Friday,0
H027,2026-01-16,3,inodoro,42.75,14.25,Friday,0
H027,2026-01-16,3,lavado_ropa,23.57,7.86,Friday,0
H027,2026-01-16,3,limpieza_vivienda,7.37,2.46,Friday,0
H027,2026-01-19,3,aseo_personal,153.9,51.3,Monday,0
H027,2026-01-19,3,cocina,56.16,18.72,Monday,0
H027,2026-01-19,3,inodoro,29.22,9.74,Monday,0
H027,2026-01-19,3,lavado_ropa,19.53,6.51,Monday,0
H027,2026-01-19,3,limpieza_vivienda,4.78,1.59,Monday,0
H027,2026-01-20,3,aseo_personal,197.57,65.86,Tuesday,0
H027,2026-01-20,3,cocina,81.53,27.18,Tuesday,0
H027,2026-01-20,3,inodoro,30.19,10.06,Tuesday,0
H027,2026-01-20,3,lavado_ropa,25.2,8.4,Tuesday,0
H027,2026-01-20,3,limpieza_vivienda,7.04,2.35,Tuesday,0
H027,2026-01-24,3,aseo_personal,200.96,66.99,Saturday,0
H027,2026-01-24,3,cocina,91.03,30.34,Saturday,0
H027,2026-01-24,3,inodoro,39.71,13.24,Saturday,0
H027,2026-01-24,3,lavado_ropa,27.13,9.04,Saturday,0
H027,2026-01-24,3,limpieza_vivienda,8.42,2.81,Saturday,0
H027,2026-01-29,3,aseo_personal,186.65,62.22,Thursday,0
H027,2026-01-29,3,cocina,74.81,24.94,Thursday,0
H027,2026-01-29,3,inodoro,34.91,11.64,Thursday,0
H027,2026-01-29,3,lavado_ropa,20.11,6.7,Thursday,0
H027,2026-01-29,3,limpieza_vivienda,6.59,2.2,Thursday,0
H027,2026-01-31,3,aseo_personal,164.96,54.99,Saturday,0
H027,2026-01-31,3,cocina,75.78,25.26,Saturday,0
H027,2026-01-31,3,inodoro,33.69,11.23,Saturday,0
H027,2026-01-31,3,lavado_ropa,23.34,7.78,Saturday,0
H027,2026-01-31,3,limpieza_vivienda,7.51,2.5,Saturday,0
H027,2026-02-01,3,aseo_personal,165.79,55.26,Sunday,0
H027,2026-02-01,3,cocina,69.51,23.17,Sunday,0
H027,2026-02-01,3,inodoro,25.36,8.45,Sunday,0
H027,2026-02-01,3,lavado_ropa,18.11,6.04,Sunday,0
H027,2026-02-01,3,limpieza_vivienda,5.41,1.8,Sunday,0
H027,2026-02-02,3,aseo_personal,191.1,63.7,Monday,0
H027,2026-02-02,3,cocina,81.2,27.07,Monday,0
H027,2026-02-02,3,inodoro,32.03,10.68,Monday,0
H027,2026-02-02,3,lavado_ropa,24.87,8.29,Monday,0
H027,2026-02-02,3,limpieza_vivienda,7.3,2.43,Monday,0
H027,2026-02-19,3,aseo_personal,165.71,55.24,Thursday,0
H027,2026-02-19,3,cocina,77.09,25.7,Thursday,0
H027,2026-02-19,3,inodoro,39.99,13.33,Thursday,0
H027,2026-02-19,3,lavado_ropa,22.91,7.64,Thursday,0
H027,2026-02-19,3,limpieza_vivienda,7.35,2.45,Thursday,0
H027,2026-02-23,3,aseo_personal,176.07,58.69,Monday,0
H027,2026-02-23,3,cocina,65.0,21.67,Monday,0
H027,2026-02-23,3,inodoro,31.97,10.66,Monday,0
H027,2026-02-23,3,lavado_ropa,20.49,6.83,Monday,0
H027,2026-02-23,3,limpieza_vivienda,6.94,2.31,Monday,0
H027,2026-02-25,3,aseo_personal,346.11,115.37,Wednesday,1
H027,2026-02-25,3,cocina,133.46,44.49,Wednesday,1
H027,2026-02-25,3,inodoro,48.59,16.2,Wednesday,1
H027,2026-02-25,3,lavado_ropa,82.85,27.62,Wednesday,1
H027,2026-02-25,3,limpieza_vivienda,10.79,3.6,Wednesday,1
H027,2026-02-28,3,aseo_personal,204.96,68.32,Saturday,0
H027,2026-02-28,3,cocina,103.4,34.47,Saturday,0
H027,2026-02-28,3,inodoro,33.87,11.29,Saturday,0
H027,2026-02-28,3,lavado_ropa,27.52,9.17,Saturday,0
H027,2026-02-28,3,limpieza_vivienda,8.09,2.7,Saturday,0
H027,2026-03-02,3,aseo_personal,179.88,59.96,Monday,0
H027,2026-03-02,3,cocina,84.25,28.08,Monday,0
H027,2026-03-02,3,inodoro,29.52,9.84,Monday,0
H027,2026-03-02,3,lavado_ropa,22.91,7.64,Monday,0
H027,2026-03-02,3,limpieza_vivienda,5.99,2.0,Monday,0
H027,2026-03-11,3,aseo_personal,145.57,48.52,Wednesday,0
H027,2026-03-11,3,cocina,64.89,21.63,Wednesday,0
H027,2026-03-11,3,inodoro,31.11,10.37,Wednesday,0
H027,2026-03-11,3,lavado_ropa,20.73,6.91,Wednesday,0
H027,2026-03-11,3,limpieza_vivienda,6.04,2.01,Wednesday,0
H027,2026-03-16,3,aseo_personal,173.02,57.67,Monday,0
H027,2026-03-16,3,cocina,84.22,28.07,Monday,0
H027,2026-03-16,3,inodoro,36.1,12.03,Monday,0
H027,2026-03-16,3,lavado_ropa,21.35,7.12,Monday,0
H027,2026-03-16,3,limpieza_vivienda,6.47,2.16,Monday,0
H027,2026-03-18,3,aseo_personal,165.53,55.18,Wednesday,0
H027,2026-03-18,3,cocina,57.03,19.01,Wednesday,0
H027,2026-03-18,3,inodoro,26.52,8.84,Wednesday,0
H027,2026-03-18,3,lavado_ropa,19.33,6.44,Wednesday,0
H027,2026-03-18,3,limpieza_vivienda,5.36,1.79,Wednesday,0
H027,2026-04-02,3,aseo_personal,198.46,66.15,Thursday,0
H027,2026-04-02,3,cocina,78.09,26.03,Thursday,0
H027,2026-04-02,3,inodoro,32.29,10.76,Thursday,0
H027,2026-04-02,3,lavado_ropa,23.54,7.85,Thursday,0
H027,2026-04-02,3,limpieza_vivienda,6.38,2.13,Thursday,0
H027,2026-04-03,3,aseo_personal,160.69,53.56,Friday,0
H027,2026-04-03,3,cocina,67.68,22.56,Friday,0
H027,2026-04-03,3,inodoro,31.34,10.45,Friday,0
H027,2026-04-03,3,lavado_ropa,21.69,7.23,Friday,0
H027,2026-04-03,3,limpieza_vivienda,6.42,2.14,Friday,0
H027,2026-04-04,3,aseo_personal,164.51,54.84,Saturday,0
H027,2026-04-04,3,cocina,87.79,29.26,Saturday,0
H027,2026-04-04,3,inodoro,33.36,11.12,Saturday,0
H027,2026-04-04,3,lavado_ropa,22.04,7.35,Saturday,0
H027,2026-04-04,3,limpieza_vivienda,6.11,2.04,Saturday,0
H028,2026-01-02,1,aseo_personal,64.03,64.03,Friday,0
H028,2026-01-02,1,cocina,24.5,24.5,Friday,0
H028,2026-01-02,1,inodoro,9.78,9.78,Friday,0
H028,2026-01-02,1,lavado_ropa,7.68,7.68,Friday,0
H028,2026-01-02,1,limpieza_vivienda,2.13,2.13,Friday,0
H028,2026-01-03,1,aseo_personal,71.9,71.9,Saturday,0
H028,2026-01-03,1,cocina,26.43,26.43,Saturday,0
H028,2026-01-03,1,inodoro,9.65,9.65,Saturday,0
H028,2026-01-03,1,lavado_ropa,7.47,7.47,Saturday,0
H028,2026-01-03,1,limpieza_vivienda,2.43,2.43,Saturday,0
H028,2026-01-05,1,aseo_personal,61.26,61.26,Monday,0
H028,2026-01-05,1,cocina,24.37,24.37,Monday,0
H028,2026-01-05,1,inodoro,13.51,13.51,Monday,0
H028,2026-01-05,1,lavado_ropa,8.5,8.5,Monday,0
H028,2026-01-05,1,limpieza_vivienda,2.43,2.43,Monday,0
H028,2026-01-16,1,aseo_personal,70.54,70.54,Friday,0
H028,2026-01-16,1,cocina,24.24,24.24,Friday,0
H028,2026-01-16,1,inodoro,10.72,10.72,Friday,0
H028,2026-01-16,1,lavado_ropa,7.04,7.04,Friday,0
H028,2026-01-16,1,limpieza_vivienda,2.36,2.36,Friday,0
H028,2026-01-19,1,aseo_personal,77.78,77.78,Monday,0
H028,2026-01-19,1,cocina,31.43,31.43,Monday,0
H028,2026-01-19,1,inodoro,13.45,13.45,Monday,0
H028,2026-01-19,1,lavado_ropa,8.87,8.87,Monday,0
H028,2026-01-19,1,limpieza_vivienda,2.73,2.73,Monday,0
H028,2026-02-10,1,aseo_personal,51.89,51.89,Tuesday,0
H028,2026-02-10,1,cocina,23.5,23.5,Tuesday,0
H028,2026-02-10,1,inodoro,10.28,10.28,Tuesday,0
H028,2026-02-10,1,lavado_ropa,6.16,6.16,Tuesday,0
H028,2026-02-10,1,limpieza_vivienda,1.91,1.91,Tuesday,0
H028,2026-02-22,1,aseo_personal,70.56,70.56,Sunday,0
H028,2026-02-22,1,cocina,34.13,34.13,Sunday,0
H028,2026-02-22,1,inodoro,13.33,13.33,Sunday,0
H028,2026-02-22,1,lavado_ropa,11.25,11.25,Sunday,0
H028,2026-02-22,1,limpieza_vivienda,3.42,3.42,Sunday,0
H028,2026-03-05,1,aseo_personal,74.86,74.86,Thursday,0
H028,2026-03-05,1,cocina,27.78,27.78,Thursday,0
H028,2026-03-05,1,inodoro,12.13,12.13,Thursday,0
H028,2026-03-05,1,lavado_ropa,8.07,8.07,Thursday,0
H028,2026-03-05,1,limpieza_vivienda,2.11,2.11,Thursday,0
H028,2026-03-15,1,aseo_personal,61.51,61.51,Sunday,0
H028,2026-03-15,1,cocina,25.45,25.45,Sunday,0
H028,2026-03-15,1,inodoro,12.68,12.68,Sunday,0
H028,2026-03-15,1,lavado_ropa,9.13,9.13,Sunday,0
H028,2026-03-15,1,limpieza_vivienda,2.39,2.39,Sunday,0
H028,2026-03-18,1,aseo_personal,50.57,50.57,Wednesday,0
H028,2026-03-18,1,cocina,19.45,19.45,Wednesday,0
H028,2026-03-18,1,inodoro,8.65,8.65,Wednesday,0
H028,2026-03-18,1,lavado_ropa,6.06,6.06,Wednesday,0
H028,2026-03-18,1,limpieza_vivienda,1.68,1.68,Wednesday,0
H028,2026-03-19,1,aseo_personal,57.95,57.95,Thursday,0
H028,2026-03-19,1,cocina,25.02,25.02,Thursday,0
H028,2026-03-19,1,inodoro,9.79,9.79,Thursday,0
H028,2026-03-19,1,lavado_ropa,7.22,7.22,Thursday,0
H028,2026-03-19,1,limpieza_vivienda,2.12,2.12,Thursday,0
H028,2026-03-21,1,aseo_personal,57.94,57.94,Saturday,0
H028,2026-03-21,1,cocina,32.48,32.48,Saturday,0
H028,2026-03-21,1,inodoro,12.63,12.63,Saturday,0
H028,2026-03-21,1,lavado_ropa,8.84,8.84,Saturday,0
H028,2026-03-21,1,limpieza_vivienda,2.63,2.63,Saturday,0
H028,2026-03-22,1,aseo_personal,67.51,67.51,Sunday,0
H028,2026-03-22,1,cocina,31.56,31.56,Sunday,0
H028,2026-03-22,1,inodoro,11.83,11.83,Sunday,0
H028,2026-03-22,1,lavado_ropa,9.87,9.87,Sunday,0
H028,2026-03-22,1,limpieza_vivienda,2.66,2.66,Sunday,0
H028,2026-03-23,1,aseo_personal,59.76,59.76,Monday,0
H028,2026-03-23,1,cocina,26.3,26.3,Monday,0
H028,2026-03-23,1,inodoro,9.78,9.78,Monday,0
H028,2026-03-23,1,lavado_ropa,6.64,6.64,Monday,0
H028,2026-03-23,1,limpieza_vivienda,2.28,2.28,Monday,0
H028,2026-03-24,1,aseo_personal,61.55,61.55,Tuesday,0
H028,2026-03-24,1,cocina,23.29,23.29,Tuesday,0
H028,2026-03-24,1,inodoro,11.99,11.99,Tuesday,0
H028,2026-03-24,1,lavado_ropa,7.74,7.74,Tuesday,0
H028,2026-03-24,1,limpieza_vivienda,2.65,2.65,Tuesday,0
H028,2026-03-25,1,aseo_personal,68.53,68.53,Wednesday,0
H028,2026-03-25,1,cocina,27.79,27.79,Wednesday,0
H028,2026-03-25,1,inodoro,10.8,10.8,Wednesday,0
H028,2026-03-25,1,lavado_ropa,9.71,9.71,Wednesday,0
H028,2026-03-25,1,limpieza_vivienda,2.59,2.59,Wednesday,0
H028,2026-03-27,1,aseo_personal,66.3,66.3,Friday,0
H028,2026-03-27,1,cocina,23.94,23.94,Friday,0
H028,2026-03-27,1,inodoro,10.7,10.7,Friday,0
H028,2026-03-27,1,lavado_ropa,7.86,7.86,Friday,0
H028,2026-03-27,1,limpieza_vivienda,2.17,2.17,Friday,0
H029,2026-01-06,2,aseo_personal,137.98,68.99,Tuesday,0
H029,2026-01-06,2,cocina,48.65,24.33,Tuesday,0
H029,2026-01-06,2,inodoro,25.35,12.67,Tuesday,0
H029,2026-01-06,2,lavado_ropa,16.07,8.04,Tuesday,0
H029,2026-01-06,2,limpieza_vivienda,5.15,2.58,Tuesday,0
H029,2026-01-12,2,aseo_personal,88.24,44.12,Monday,0
H029,2026-01-12,2,cocina,42.97,21.49,Monday,0
H029,2026-01-12,2,inodoro,16.19,8.1,Monday,0
H029,2026-01-12,2,lavado_ropa,11.79,5.89,Monday,0
H029,2026-01-12,2,limpieza_vivienda,3.44,1.72,Monday,0
H029,2026-02-02,2,aseo_personal,105.32,52.66,Monday,0
H029,2026-02-02,2,cocina,40.62,20.31,Monday,0
H029,2026-02-02,2,inodoro,19.16,9.58,Monday,0
H029,2026-02-02,2,lavado_ropa,10.89,5.45,Monday,0
H029,2026-02-02,2,limpieza_vivienda,3.73,1.86,Monday,0
H029,2026-02-05,2,aseo_personal,106.4,53.2,Thursday,0
H029,2026-02-05,2,cocina,43.97,21.99,Thursday,0
H029,2026-02-05,2,inodoro,19.27,9.63,Thursday,0
H029,2026-02-05,2,lavado_ropa,11.85,5.92,Thursday,0
H029,2026-02-05,2,limpieza_vivienda,3.47,1.74,Thursday,0
H029,2026-02-06,2,aseo_personal,106.18,53.09,Friday,0
H029,2026-02-06,2,cocina,44.89,22.45,Friday,0
H029,2026-02-06,2,inodoro,19.22,9.61,Friday,0
H029,2026-02-06,2,lavado_ropa,13.19,6.59,Friday,0
H029,2026-02-06,2,limpieza_vivienda,3.79,1.9,Friday,0
H029,2026-02-09,2,aseo_personal,100.96,50.48,Monday,0
H029,2026-02-09,2,cocina,40.41,20.21,Monday,0
H029,2026-02-09,2,inodoro,17.36,8.68,Monday,0
H029,2026-02-09,2,lavado_ropa,12.2,6.1,Monday,0
H029,2026-02-09,2,limpieza_vivienda,4.18,2.09,Monday,0
H029,2026-02-11,2,aseo_personal,97.96,48.98,Wednesday,0
H029,2026-02-11,2,cocina,34.7,17.35,Wednesday,0
H029,2026-02-11,2,inodoro,18.62,9.31,Wednesday,0
H029,2026-02-11,2,lavado_ropa,11.73,5.87,Wednesday,0
H029,2026-02-11,2,limpieza_vivienda,3.81,1.9,Wednesday,0
H029,2026-02-15,2,aseo_personal,127.14,63.57,Sunday,0
H029,2026-02-15,2,cocina,48.5,24.25,Sunday,0
H029,2026-02-15,2,inodoro,20.79,10.4,Sunday,0
H029,2026-02-15,2,lavado_ropa,13.72,6.86,Sunday,0
H029,2026-02-15,2,limpieza_vivienda,4.21,2.1,Sunday,0
H029,2026-02-17,2,aseo_personal,110.53,55.27,Tuesday,0
H029,2026-02-17,2,cocina,41.88,20.94,Tuesday,0
H029,2026-02-17,2,inodoro,17.41,8.71,Tuesday,0
H029,2026-02-17,2,lavado_ropa,14.11,7.06,Tuesday,0
H029,2026-02-17,2,limpieza_vivienda,3.8,1.9,Tuesday,0
H029,2026-02-21,2,aseo_personal,109.88,54.94,Saturday,0
H029,2026-02-21,2,cocina,46.18,23.09,Saturday,0
H029,2026-02-21,2,inodoro,17.88,8.94,Saturday,0
H029,2026-02-21,2,lavado_ropa,13.35,6.67,Saturday,0
H029,2026-02-21,2,limpieza_vivienda,5.0,2.5,Saturday,0
H029,2026-03-04,2,aseo_personal,100.11,50.06,Wednesday,0
H029,2026-03-04,2,cocina,40.32,20.16,Wednesday,0
H029,2026-03-04,2,inodoro,18.24,9.12,Wednesday,0
H029,2026-03-04,2,lavado_ropa,12.25,6.13,Wednesday,0
H029,2026-03-04,2,limpieza_vivienda,3.5,1.75,Wednesday,0
H029,2026-03-08,2,aseo_personal,95.31,47.66,Sunday,0
H029,2026-03-08,2,cocina,43.93,21.97,Sunday,0
H029,2026-03-08,2,inodoro,22.79,11.4,Sunday,0
H029,2026-03-08,2,lavado_ropa,12.97,6.49,Sunday,0
H029,2026-03-08,2,limpieza_vivienda,4.3,2.15,Sunday,0
H029,2026-03-10,2,aseo_personal,105.34,52.67,Tuesday,0
H029,2026-03-10,2,cocina,38.1,19.05,Tuesday,0
H029,2026-03-10,2,inodoro,15.76,7.88,Tuesday,0
H029,2026-03-10,2,lavado_ropa,11.73,5.86,Tuesday,0
H029,2026-03-10,2,limpieza_vivienda,4.19,2.1,Tuesday,0
H029,2026-03-16,2,aseo_personal,105.81,52.9,Monday,0
H029,2026-03-16,2,cocina,47.16,23.58,Monday,0
H029,2026-03-16,2,inodoro,20.25,10.12,Monday,0
H029,2026-03-16,2,lavado_ropa,15.19,7.6,Monday,0
H029,2026-03-16,2,limpieza_vivienda,3.91,1.96,Monday,0
H029,2026-03-19,2,aseo_personal,112.63,56.32,Thursday,0
H029,2026-03-19,2,cocina,37.4,18.7,Thursday,0
H029,2026-03-19,2,inodoro,19.11,9.56,Thursday,0
H029,2026-03-19,2,lavado_ropa,13.73,6.87,Thursday,0
H029,2026-03-19,2,limpieza_vivienda,3.74,1.87,Thursday,0
H029,2026-03-21,2,aseo_personal,130.73,65.36,Saturday,0
H029,2026-03-21,2,cocina,50.12,25.06,Saturday,0
H029,2026-03-21,2,inodoro,23.78,11.89,Saturday,0
H029,2026-03-21,2,lavado_ropa,15.02,7.51,Saturday,0
H029,2026-03-21,2,limpieza_vivienda,4.16,2.08,Saturday,0
H029,2026-03-23,2,aseo_personal,94.59,47.29,Monday,0
H029,2026-03-23,2,cocina,33.8,16.9,Monday,0
H029,2026-03-23,2,inodoro,16.75,8.37,Monday,0
H029,2026-03-23,2,lavado_ropa,12.62,6.31,Monday,0
H029,2026-03-23,2,limpieza_vivienda,3.37,1.69,Monday,0
H029,2026-03-24,2,aseo_personal,192.22,96.11,Tuesday,1
H029,2026-03-24,2,cocina,77.38,38.69,Tuesday,1
H029,2026-03-24,2,inodoro,33.98,16.99,Tuesday,1
H029,2026-03-24,2,lavado_ropa,22.31,11.15,Tuesday,1
H029,2026-03-24,2,limpieza_vivienda,15.87,7.94,Tuesday,1
H029,2026-03-28,2,aseo_personal,116.22,58.11,Saturday,0
H029,2026-03-28,2,cocina,43.73,21.87,Saturday,0
H029,2026-03-28,2,inodoro,17.54,8.77,Saturday,0
H029,2026-03-28,2,lavado_ropa,14.29,7.15,Saturday,0
H029,2026-03-28,2,limpieza_vivienda,4.58,2.29,Saturday,0
H029,2026-04-05,2,aseo_personal,106.18,53.09,Sunday,0
H029,2026-04-05,2,cocina,52.83,26.42,Sunday,0
H029,2026-04-05,2,inodoro,21.46,10.73,Sunday,0
H029,2026-04-05,2,lavado_ropa,13.49,6.74,Sunday,0
H029,2026-04-05,2,limpieza_vivienda,3.55,1.77,Sunday,0
H030,2026-01-08,4,aseo_personal,224.75,56.19,Thursday,0
H030,2026-01-08,4,cocina,97.21,24.3,Thursday,0
H030,2026-01-08,4,inodoro,36.6,9.15,Thursday,0
H030,2026-01-08,4,lavado_ropa,32.74,8.19,Thursday,0
H030,2026-01-08,4,limpieza_vivienda,7.38,1.84,Thursday,0
H030,2026-01-11,4,aseo_personal,227.59,56.9,Sunday,0
H030,2026-01-11,4,cocina,88.13,22.03,Sunday,0
H030,2026-01-11,4,inodoro,39.41,9.85,Sunday,0
H030,2026-01-11,4,lavado_ropa,32.08,8.02,Sunday,0
H030,2026-01-11,4,limpieza_vivienda,9.43,2.36,Sunday,0
H030,2026-01-14,4,aseo_personal,255.42,63.85,Wednesday,0
H030,2026-01-14,4,cocina,91.93,22.98,Wednesday,0
H030,2026-01-14,4,inodoro,40.4,10.1,Wednesday,0
H030,2026-01-14,4,lavado_ropa,24.41,6.1,Wednesday,0
H030,2026-01-14,4,limpieza_vivienda,7.56,1.89,Wednesday,0
H030,2026-01-20,4,aseo_personal,223.31,55.83,Tuesday,0
H030,2026-01-20,4,cocina,94.27,23.57,Tuesday,0
H030,2026-01-20,4,inodoro,39.45,9.86,Tuesday,0
H030,2026-01-20,4,lavado_ropa,24.32,6.08,Tuesday,0
H030,2026-01-20,4,limpieza_vivienda,7.73,1.93,Tuesday,0
H030,2026-01-24,4,aseo_personal,259.65,64.91,Saturday,0
H030,2026-01-24,4,cocina,103.05,25.76,Saturday,0
H030,2026-01-24,4,inodoro,50.07,12.52,Saturday,0
H030,2026-01-24,4,lavado_ropa,34.89,8.72,Saturday,0
H030,2026-01-24,4,limpieza_vivienda,9.37,2.34,Saturday,0
H030,2026-01-25,4,aseo_personal,298.26,74.56,Sunday,0
H030,2026-01-25,4,cocina,125.96,31.49,Sunday,0
H030,2026-01-25,4,inodoro,42.24,10.56,Sunday,0
H030,2026-01-25,4,lavado_ropa,31.66,7.92,Sunday,0
H030,2026-01-25,4,limpieza_vivienda,10.66,2.67,Sunday,0
H030,2026-02-03,4,aseo_personal,259.89,64.97,Tuesday,0
H030,2026-02-03,4,cocina,109.92,27.48,Tuesday,0
H030,2026-02-03,4,inodoro,48.39,12.1,Tuesday,0
H030,2026-02-03,4,lavado_ropa,31.32,7.83,Tuesday,0
H030,2026-02-03,4,limpieza_vivienda,10.43,2.61,Tuesday,0
H030,2026-02-07,4,aseo_personal,247.64,61.91,Saturday,0
H030,2026-02-07,4,cocina,112.31,28.08,Saturday,0
H030,2026-02-07,4,inodoro,41.89,10.47,Saturday,0
H030,2026-02-07,4,lavado_ropa,31.72,7.93,Saturday,0
H030,2026-02-07,4,limpieza_vivienda,8.89,2.22,Saturday,0
H030,2026-02-09,4,aseo_personal,228.12,57.03,Monday,0
H030,2026-02-09,4,cocina,85.38,21.34,Monday,0
H030,2026-02-09,4,inodoro,35.51,8.88,Monday,0
H030,2026-02-09,4,lavado_ropa,24.51,6.13,Monday,0
H030,2026-02-09,4,limpieza_vivienda,7.76,1.94,Monday,0
H030,2026-02-18,4,aseo_personal,237.35,59.34,Wednesday,0
H030,2026-02-18,4,cocina,98.63,24.66,Wednesday,0
H030,2026-02-18,4,inodoro,41.25,10.31,Wednesday,0
H030,2026-02-18,4,lavado_ropa,29.06,7.26,Wednesday,0
H030,2026-02-18,4,limpieza_vivienda,9.44,2.36,Wednesday,0
H030,2026-02-26,4,aseo_personal,215.63,53.91,Thursday,0
H030,2026-02-26,4,cocina,113.51,28.38,Thursday,0
H030,2026-02-26,4,inodoro,39.33,9.83,Thursday,0
H030,2026-02-26,4,lavado_ropa,28.62,7.16,Thursday,0
H030,2026-02-26,4,limpieza_vivienda,8.42,2.1,Thursday,0
H030,2026-03-03,4,aseo_personal,242.15,60.54,Tuesday,0
H030,2026-03-03,4,cocina,95.72,23.93,Tuesday,0
H030,2026-03-03,4,inodoro,45.16,11.29,Tuesday,0
H030,2026-03-03,4,lavado_ropa,32.3,8.08,Tuesday,0
H030,2026-03-03,4,limpieza_vivienda,8.19,2.05,Tuesday,0
H030,2026-03-08,4,aseo_personal,252.73,63.18,Sunday,0
H030,2026-03-08,4,cocina,108.97,27.24,Sunday,0
H030,2026-03-08,4,inodoro,44.13,11.03,Sunday,0
H030,2026-03-08,4,lavado_ropa,31.77,7.94,Sunday,0
H030,2026-03-08,4,limpieza_vivienda,9.56,2.39,Sunday,0
H030,2026-03-12,4,aseo_personal,254.17,63.54,Thursday,0
H030,2026-03-12,4,cocina,91.16,22.79,Thursday,0
H030,2026-03-12,4,inodoro,33.04,8.26,Thursday,0
H030,2026-03-12,4,lavado_ropa,28.98,7.24,Thursday,0
H030,2026-03-12,4,limpieza_vivienda,9.03,2.26,Thursday,0
H030,2026-03-15,4,aseo_personal,252.17,63.04,Sunday,0
H030,2026-03-15,4,cocina,101.45,25.36,Sunday,0
H030,2026-03-15,4,inodoro,39.63,9.91,Sunday,0
H030,2026-03-15,4,lavado_ropa,29.52,7.38,Sunday,0
H030,2026-03-15,4,limpieza_vivienda,8.96,2.24,Sunday,0
H030,2026-03-19,4,aseo_personal,243.21,60.8,Thursday,0
H030,2026-03-19,4,cocina,115.59,28.9,Thursday,0
H030,2026-03-19,4,inodoro,53.55,13.39,Thursday,0
H030,2026-03-19,4,lavado_ropa,35.41,8.85,Thursday,0
H030,2026-03-19,4,limpieza_vivienda,9.15,2.29,Thursday,0
H030,2026-03-26,4,aseo_personal,225.79,56.45,Thursday,0
H030,2026-03-26,4,cocina,90.22,22.55,Thursday,0
H030,2026-03-26,4,inodoro,42.6,10.65,Thursday,0
H030,2026-03-26,4,lavado_ropa,31.25,7.81,Thursday,0
H030,2026-03-26,4,limpieza_vivienda,8.38,2.1,Thursday,0
H030,2026-03-30,4,aseo_personal,268.7,67.17,Monday,0
H030,2026-03-30,4,cocina,86.98,21.75,Monday,0
H030,2026-03-30,4,inodoro,40.42,10.11,Monday,0
H030,2026-03-30,4,lavado_ropa,30.16,7.54,Monday,0
H030,2026-03-30,4,limpieza_vivienda,8.93,2.23,Monday,0
H030,2026-04-07,4,aseo_personal,229.02,57.26,Tuesday,0
H030,2026-04-07,4,cocina,95.25,23.81,Tuesday,0
H030,2026-04-07,4,inodoro,42.32,10.58,Tuesday,0
H030,2026-04-07,4,lavado_ropa,27.48,6.87,Tuesday,0
H030,2026-04-07,4,limpieza_vivienda,9.13,2.28,Tuesday,0
H030,2026-04-10,4,aseo_personal,222.46,55.62,Friday,0
H030,2026-04-10,4,cocina,94.7,23.67,Friday,0
H030,2026-04-10,4,inodoro,35.42,8.85,Friday,0
H030,2026-04-10,4,lavado_ropa,24.89,6.22,Friday,0
H030,2026-04-10,4,limpieza_vivienda,7.41,1.85,Friday,0
H031,2026-01-12,4,aseo_personal,238.55,59.64,Monday,0
H031,2026-01-12,4,cocina,86.87,21.72,Monday,0
H031,2026-01-12,4,inodoro,36.56,9.14,Monday,0
H031,2026-01-12,4,lavado_ropa,28.78,7.2,Monday,0
H031,2026-01-12,4,limpieza_vivienda,8.58,2.14,Monday,0
H031,2026-01-14,4,aseo_personal,266.24,66.56,Wednesday,0
H031,2026-01-14,4,cocina,107.37,26.84,Wednesday,0
H031,2026-01-14,4,inodoro,47.42,11.86,Wednesday,0
H031,2026-01-14,4,lavado_ropa,29.49,7.37,Wednesday,0
H031,2026-01-14,4,limpieza_vivienda,9.48,2.37,Wednesday,0
H031,2026-01-17,4,aseo_personal,730.11,182.53,Saturday,1
H031,2026-01-17,4,cocina,175.35,43.84,Saturday,1
H031,2026-01-17,4,inodoro,64.41,16.1,Saturday,1
H031,2026-01-17,4,lavado_ropa,48.72,12.18,Saturday,1
H031,2026-01-17,4,limpieza_vivienda,16.36,4.09,Saturday,1
H031,2026-01-19,4,aseo_personal,407.47,101.87,Monday,1
H031,2026-01-19,4,cocina,285.67,71.42,Monday,1
H031,2026-01-19,4,inodoro,72.11,18.03,Monday,1
H031,2026-01-19,4,lavado_ropa,60.6,15.15,Monday,1
H031,2026-01-19,4,limpieza_vivienda,12.63,3.16,Monday,1
H031,2026-01-21,4,aseo_personal,242.81,60.7,Wednesday,0
H031,2026-01-21,4,cocina,90.32,22.58,Wednesday,0
H031,2026-01-21,4,inodoro,38.23,9.56,Wednesday,0
H031,2026-01-21,4,lavado_ropa,32.01,8.0,Wednesday,0
H031,2026-01-21,4,limpieza_vivienda,9.55,2.39,Wednesday,0
H031,2026-01-28,4,aseo_personal,251.53,62.88,Wednesday,0
H031,2026-01-28,4,cocina,91.44,22.86,Wednesday,0
H031,2026-01-28,4,inodoro,37.0,9.25,Wednesday,0
H031,2026-01-28,4,lavado_ropa,32.39,8.1,Wednesday,0
H031,2026-01-28,4,limpieza_vivienda,8.5,2.12,Wednesday,0
H031,2026-01-30,4,aseo_personal,235.04,58.76,Friday,0
H031,2026-01-30,4,cocina,112.73,28.18,Friday,0
H031,2026-01-30,4,inodoro,48.59,12.15,Friday,0
H031,2026-01-30,4,lavado_ropa,30.67,7.67,Friday,0
H031,2026-01-30,4,limpieza_vivienda,10.32,2.58,Friday,0
H031,2026-02-07,4,aseo_personal,287.22,71.81,Saturday,0
H031,2026-02-07,4,cocina,119.42,29.85,Saturday,0
H031,2026-02-07,4,inodoro,45.74,11.44,Saturday,0
H031,2026-02-07,4,lavado_ropa,32.69,8.17,Saturday,0
H031,2026-02-07,4,limpieza_vivienda,9.64,2.41,Saturday,0
H031,2026-02-10,4,aseo_personal,222.92,55.73,Tuesday,0
H031,2026-02-10,4,cocina,94.16,23.54,Tuesday,0
H031,2026-02-10,4,inodoro,37.64,9.41,Tuesday,0
H031,2026-02-10,4,lavado_ropa,26.23,6.56,Tuesday,0
H031,2026-02-10,4,limpieza_vivienda,7.02,1.76,Tuesday,0
H031,2026-02-18,4,aseo_personal,273.97,68.49,Wednesday,0
H031,2026-02-18,4,cocina,103.57,25.89,Wednesday,0
H031,2026-02-18,4,inodoro,41.36,10.34,Wednesday,0
H031,2026-02-18,4,lavado_ropa,27.87,6.97,Wednesday,0
H031,2026-02-18,4,limpieza_vivienda,8.38,2.1,Wednesday,0
H031,2026-03-04,4,aseo_personal,294.64,73.66,Wednesday,0
H031,2026-03-04,4,cocina,117.29,29.32,Wednesday,0
H031,2026-03-04,4,inodoro,49.91,12.48,Wednesday,0
H031,2026-03-04,4,lavado_ropa,34.68,8.67,Wednesday,0
H031,2026-03-04,4,limpieza_vivienda,11.23,2.81,Wednesday,0
H031,2026-03-05,4,aseo_personal,285.55,71.39,Thursday,0
H031,2026-03-05,4,cocina,100.3,25.08,Thursday,0
H031,2026-03-05,4,inodoro,43.03,10.76,Thursday,0
H031,2026-03-05,4,lavado_ropa,31.42,7.86,Thursday,0
H031,2026-03-05,4,limpieza_vivienda,8.6,2.15,Thursday,0
H031,2026-03-09,4,aseo_personal,251.05,62.76,Monday,0
H031,2026-03-09,4,cocina,103.59,25.9,Monday,0
H031,2026-03-09,4,inodoro,45.77,11.44,Monday,0
H031,2026-03-09,4,lavado_ropa,33.62,8.4,Monday,0
H031,2026-03-09,4,limpieza_vivienda,9.88,2.47,Monday,0
H031,2026-03-11,4,aseo_personal,217.24,54.31,Wednesday,0
H031,2026-03-11,4,cocina,75.54,18.89,Wednesday,0
H031,2026-03-11,4,inodoro,38.28,9.57,Wednesday,0
H031,2026-03-11,4,lavado_ropa,24.25,6.06,Wednesday,0
H031,2026-03-11,4,limpieza_vivienda,7.9,1.97,Wednesday,0
H031,2026-03-15,4,aseo_personal,287.9,71.98,Sunday,0
H031,2026-03-15,4,cocina,129.21,32.3,Sunday,0
H031,2026-03-15,4,inodoro,42.95,10.74,Sunday,0
H031,2026-03-15,4,lavado_ropa,31.88,7.97,Sunday,0
H031,2026-03-15,4,limpieza_vivienda,10.16,2.54,Sunday,0
H031,2026-03-18,4,aseo_personal,256.4,64.1,Wednesday,0
H031,2026-03-18,4,cocina,127.28,31.82,Wednesday,0
H031,2026-03-18,4,inodoro,45.81,11.45,Wednesday,0
H031,2026-03-18,4,lavado_ropa,33.18,8.3,Wednesday,0
H031,2026-03-18,4,limpieza_vivienda,10.37,2.59,Wednesday,0
H031,2026-03-24,4,aseo_personal,288.51,72.13,Tuesday,0
H031,2026-03-24,4,cocina,107.78,26.95,Tuesday,0
H031,2026-03-24,4,inodoro,42.98,10.74,Tuesday,0
H031,2026-03-24,4,lavado_ropa,32.62,8.15,Tuesday,0
H031,2026-03-24,4,limpieza_vivienda,10.1,2.53,Tuesday,0
H031,2026-03-26,4,aseo_personal,282.37,70.59,Thursday,0
H031,2026-03-26,4,cocina,90.27,22.57,Thursday,0
H031,2026-03-26,4,inodoro,39.87,9.97,Thursday,0
H031,2026-03-26,4,lavado_ropa,28.83,7.21,Thursday,0
H031,2026-03-26,4,limpieza_vivienda,9.32,2.33,Thursday,0
H031,2026-04-01,4,aseo_personal,268.49,67.12,Wednesday,0
H031,2026-04-01,4,cocina,96.94,24.24,Wednesday,0
H031,2026-04-01,4,inodoro,42.0,10.5,Wednesday,0
H031,2026-04-01,4,lavado_ropa,32.31,8.08,Wednesday,0
H031,2026-04-01,4,limpieza_vivienda,8.87,2.22,Wednesday,0
H031,2026-04-02,4,aseo_personal,252.82,63.21,Thursday,0
H031,2026-04-02,4,cocina,104.22,26.06,Thursday,0
H031,2026-04-02,4,inodoro,49.68,12.42,Thursday,0
H031,2026-04-02,4,lavado_ropa,33.24,8.31,Thursday,0
H031,2026-04-02,4,limpieza_vivienda,7.9,1.98,Thursday,0
H031,2026-04-04,4,aseo_personal,255.14,63.78,Saturday,0
H031,2026-04-04,4,cocina,121.31,30.33,Saturday,0
H031,2026-04-04,4,inodoro,39.55,9.89,Saturday,0
H031,2026-04-04,4,lavado_ropa,32.22,8.06,Saturday,0
H031,2026-04-04,4,limpieza_vivienda,9.33,2.33,Saturday,0
H031,2026-04-10,4,aseo_personal,264.57,66.14,Friday,0
H031,2026-04-10,4,cocina,102.99,25.75,Friday,0
H031,2026-04-10,4,inodoro,38.4,9.6,Friday,0
H031,2026-04-10,4,lavado_ropa,27.16,6.79,Friday,0
H031,2026-04-10,4,limpieza_vivienda,8.06,2.02,Friday,0
H032,2026-01-01,6,aseo_personal,312.14,52.02,Thursday,0
H032,2026-01-01,6,cocina,126.01,21.0,Thursday,0
H032,2026-01-01,6,inodoro,59.72,9.95,Thursday,0
H032,2026-01-01,6,lavado_ropa,34.18,5.7,Thursday,0
H032,2026-01-01,6,limpieza_vivienda,10.44,1.74,Thursday,0
H032,2026-01-04,6,aseo_personal,342.37,57.06,Sunday,0
H032,2026-01-04,6,cocina,166.7,27.78,Sunday,0
H032,2026-01-04,6,inodoro,63.21,10.54,Sunday,0
H032,2026-01-04,6,lavado_ropa,42.8,7.13,Sunday,0
H032,2026-01-04,6,limpieza_vivienda,13.05,2.17,Sunday,0
H032,2026-01-05,6,aseo_personal,347.69,57.95,Monday,0
H032,2026-01-05,6,cocina,142.57,23.76,Monday,0
H032,2026-01-05,6,inodoro,61.93,10.32,Monday,0
H032,2026-01-05,6,lavado_ropa,40.31,6.72,Monday,0
H032,2026-01-05,6,limpieza_vivienda,12.83,2.14,Monday,0
H032,2026-01-08,6,aseo_personal,333.59,55.6,Thursday,0
H032,2026-01-08,6,cocina,134.29,22.38,Thursday,0
H032,2026-01-08,6,inodoro,46.82,7.8,Thursday,0
H032,2026-01-08,6,lavado_ropa,43.97,7.33,Thursday,0
H032,2026-01-08,6,limpieza_vivienda,10.88,1.81,Thursday,0
H032,2026-01-12,6,aseo_personal,292.42,48.74,Monday,0
H032,2026-01-12,6,cocina,113.96,18.99,Monday,0
H032,2026-01-12,6,inodoro,46.4,7.73,Monday,0
H032,2026-01-12,6,lavado_ropa,39.38,6.56,Monday,0
H032,2026-01-12,6,limpieza_vivienda,8.96,1.49,Monday,0
H032,2026-01-13,6,aseo_personal,621.51,103.59,Tuesday,1
H032,2026-01-13,6,cocina,261.94,43.66,Tuesday,1
H032,2026-01-13,6,inodoro,130.79,21.8,Tuesday,1
H032,2026-01-13,6,lavado_ropa,145.92,24.32,Tuesday,1
H032,2026-01-13,6,limpieza_vivienda,25.47,4.25,Tuesday,1
H032,2026-01-22,6,aseo_personal,308.59,51.43,Thursday,0
H032,2026-01-22,6,cocina,145.62,24.27,Thursday,0
H032,2026-01-22,6,inodoro,59.64,9.94,Thursday,0
H032,2026-01-22,6,lavado_ropa,47.3,7.88,Thursday,0
H032,2026-01-22,6,limpieza_vivienda,12.28,2.05,Thursday,0
H032,2026-02-04,6,aseo_personal,328.01,54.67,Wednesday,0
H032,2026-02-04,6,cocina,117.93,19.65,Wednesday,0
H032,2026-02-04,6,inodoro,54.67,9.11,Wednesday,0
H032,2026-02-04,6,lavado_ropa,36.84,6.14,Wednesday,0
H032,2026-02-04,6,limpieza_vivienda,11.31,1.88,Wednesday,0
H032,2026-02-05,6,aseo_personal,272.58,45.43,Thursday,0
H032,2026-02-05,6,cocina,155.01,25.83,Thursday,0
H032,2026-02-05,6,inodoro,61.73,10.29,Thursday,0
H032,2026-02-05,6,lavado_ropa,50.01,8.33,Thursday,0
H032,2026-02-05,6,limpieza_vivienda,11.02,1.84,Thursday,0
H032,2026-02-08,6,aseo_personal,326.03,54.34,Sunday,0
H032,2026-02-08,6,cocina,129.47,21.58,Sunday,0
H032,2026-02-08,6,inodoro,44.17,7.36,Sunday,0
H032,2026-02-08,6,lavado_ropa,35.08,5.85,Sunday,0
H032,2026-02-08,6,limpieza_vivienda,12.19,2.03,Sunday,0
H032,2026-02-09,6,aseo_personal,343.09,57.18,Monday,0
H032,2026-02-09,6,cocina,170.31,28.38,Monday,0
H032,2026-02-09,6,inodoro,59.92,9.99,Monday,0
H032,2026-02-09,6,lavado_ropa,55.55,9.26,Monday,0
H032,2026-02-09,6,limpieza_vivienda,12.81,2.13,Monday,0
H032,2026-02-12,6,aseo_personal,337.24,56.21,Thursday,0
H032,2026-02-12,6,cocina,129.95,21.66,Thursday,0
H032,2026-02-12,6,inodoro,51.12,8.52,Thursday,0
H032,2026-02-12,6,lavado_ropa,41.62,6.94,Thursday,0
H032,2026-02-12,6,limpieza_vivienda,9.92,1.65,Thursday,0
H032,2026-02-15,6,aseo_personal,345.73,57.62,Sunday,0
H032,2026-02-15,6,cocina,143.88,23.98,Sunday,0
H032,2026-02-15,6,inodoro,58.1,9.68,Sunday,0
H032,2026-02-15,6,lavado_ropa,45.14,7.52,Sunday,0
H032,2026-02-15,6,limpieza_vivienda,12.01,2.0,Sunday,0
H032,2026-02-18,6,aseo_personal,318.94,53.16,Wednesday,0
H032,2026-02-18,6,cocina,150.95,25.16,Wednesday,0
H032,2026-02-18,6,inodoro,59.44,9.91,Wednesday,0
H032,2026-02-18,6,lavado_ropa,40.18,6.7,Wednesday,0
H032,2026-02-18,6,limpieza_vivienda,12.99,2.16,Wednesday,0
H032,2026-02-21,6,aseo_personal,386.65,64.44,Saturday,0
H032,2026-02-21,6,cocina,188.34,31.39,Saturday,0
H032,2026-02-21,6,inodoro,65.59,10.93,Saturday,0
H032,2026-02-21,6,lavado_ropa,53.06,8.84,Saturday,0
H032,2026-02-21,6,limpieza_vivienda,15.78,2.63,Saturday,0
H032,2026-02-25,6,aseo_personal,755.8,125.97,Wednesday,1
H032,2026-02-25,6,cocina,130.16,21.69,Wednesday,1
H032,2026-02-25,6,inodoro,63.25,10.54,Wednesday,1
H032,2026-02-25,6,lavado_ropa,49.09,8.18,Wednesday,1
H032,2026-02-25,6,limpieza_vivienda,11.51,1.92,Wednesday,1
H032,2026-03-04,6,aseo_personal,575.73,95.96,Wednesday,1
H032,2026-03-04,6,cocina,256.16,42.69,Wednesday,1
H032,2026-03-04,6,inodoro,99.72,16.62,Wednesday,1
H032,2026-03-04,6,lavado_ropa,144.23,24.04,Wednesday,1
H032,2026-03-04,6,limpieza_vivienda,20.19,3.36,Wednesday,1
H032,2026-03-19,6,aseo_personal,309.76,51.63,Thursday,0
H032,2026-03-19,6,cocina,132.17,22.03,Thursday,0
H032,2026-03-19,6,inodoro,67.61,11.27,Thursday,0
H032,2026-03-19,6,lavado_ropa,38.88,6.48,Thursday,0
H032,2026-03-19,6,limpieza_vivienda,11.02,1.84,Thursday,0
H032,2026-03-21,6,aseo_personal,373.31,62.22,Saturday,0
H032,2026-03-21,6,cocina,163.62,27.27,Saturday,0
H032,2026-03-21,6,inodoro,62.29,10.38,Saturday,0
H032,2026-03-21,6,lavado_ropa,48.23,8.04,Saturday,0
H032,2026-03-21,6,limpieza_vivienda,15.54,2.59,Saturday,0
H032,2026-03-23,6,aseo_personal,311.56,51.93,Monday,0
H032,2026-03-23,6,cocina,151.4,25.23,Monday,0
H032,2026-03-23,6,inodoro,63.73,10.62,Monday,0
H032,2026-03-23,6,lavado_ropa,35.51,5.92,Monday,0
H032,2026-03-23,6,limpieza_vivienda,10.52,1.75,Monday,0
H032,2026-03-27,6,aseo_personal,300.46,50.08,Friday,0
H032,2026-03-27,6,cocina,127.03,21.17,Friday,0
H032,2026-03-27,6,inodoro,58.45,9.74,Friday,0
H032,2026-03-27,6,lavado_ropa,36.19,6.03,Friday,0
H032,2026-03-27,6,limpieza_vivienda,12.06,2.01,Friday,0
H032,2026-03-31,6,aseo_personal,334.29,55.72,Tuesday,0
H032,2026-03-31,6,cocina,150.15,25.03,Tuesday,0
H032,2026-03-31,6,inodoro,60.41,10.07,Tuesday,0
H032,2026-03-31,6,lavado_ropa,40.56,6.76,Tuesday,0
H032,2026-03-31,6,limpieza_vivienda,13.01,2.17,Tuesday,0
H032,2026-04-01,6,aseo_personal,317.36,52.89,Wednesday,0
H032,2026-04-01,6,cocina,157.95,26.33,Wednesday,0
H032,2026-04-01,6,inodoro,68.87,11.48,Wednesday,0
H032,2026-04-01,6,lavado_ropa,41.49,6.91,Wednesday,0
H032,2026-04-01,6,limpieza_vivienda,12.13,2.02,Wednesday,0
H032,2026-04-07,6,aseo_personal,351.65,58.61,Tuesday,0
H032,2026-04-07,6,cocina,141.01,23.5,Tuesday,0
H032,2026-04-07,6,inodoro,60.6,10.1,Tuesday,0
H032,2026-04-07,6,lavado_ropa,50.25,8.37,Tuesday,0
H032,2026-04-07,6,limpieza_vivienda,12.78,2.13,Tuesday,0
H032,2026-04-10,6,aseo_personal,338.11,56.35,Friday,0
H032,2026-04-10,6,cocina,97.94,16.32,Friday,0
H032,2026-04-10,6,inodoro,49.44,8.24,Friday,0
H032,2026-04-10,6,lavado_ropa,34.64,5.77,Friday,0
H032,2026-04-10,6,limpieza_vivienda,8.99,1.5,Friday,0
H033,2026-01-04,3,aseo_personal,211.66,70.55,Sunday,0
H033,2026-01-04,3,cocina,83.49,27.83,Sunday,0
H033,2026-01-04,3,inodoro,35.56,11.85,Sunday,0
H033,2026-01-04,3,lavado_ropa,22.05,7.35,Sunday,0
H033,2026-01-04,3,limpieza_vivienda,7.62,2.54,Sunday,0
H033,2026-01-08,3,aseo_personal,189.22,63.07,Thursday,0
H033,2026-01-08,3,cocina,67.5,22.5,Thursday,0
H033,2026-01-08,3,inodoro,29.58,9.86,Thursday,0
H033,2026-01-08,3,lavado_ropa,19.14,6.38,Thursday,0
H033,2026-01-08,3,limpieza_vivienda,6.36,2.12,Thursday,0
H033,2026-01-10,3,aseo_personal,166.01,55.34,Saturday,0
H033,2026-01-10,3,cocina,70.81,23.6,Saturday,0
H033,2026-01-10,3,inodoro,29.06,9.69,Saturday,0
H033,2026-01-10,3,lavado_ropa,18.61,6.2,Saturday,0
H033,2026-01-10,3,limpieza_vivienda,6.44,2.15,Saturday,0
H033,2026-01-12,3,aseo_personal,172.76,57.59,Monday,0
H033,2026-01-12,3,cocina,64.97,21.66,Monday,0
H033,2026-01-12,3,inodoro,28.13,9.38,Monday,0
H033,2026-01-12,3,lavado_ropa,20.4,6.8,Monday,0
H033,2026-01-12,3,limpieza_vivienda,5.32,1.77,Monday,0
H033,2026-01-18,3,aseo_personal,178.47,59.49,Sunday,0
H033,2026-01-18,3,cocina,73.27,24.42,Sunday,0
H033,2026-01-18,3,inodoro,26.35,8.78,Sunday,0
H033,2026-01-18,3,lavado_ropa,16.96,5.65,Sunday,0
H033,2026-01-18,3,limpieza_vivienda,6.12,2.04,Sunday,0
H033,2026-01-24,3,aseo_personal,193.1,64.37,Saturday,0
H033,2026-01-24,3,cocina,81.73,27.24,Saturday,0
H033,2026-01-24,3,inodoro,27.94,9.31,Saturday,0
H033,2026-01-24,3,lavado_ropa,21.05,7.02,Saturday,0
H033,2026-01-24,3,limpieza_vivienda,6.42,2.14,Saturday,0
H033,2026-01-31,3,aseo_personal,451.4,150.47,Saturday,1
H033,2026-01-31,3,cocina,95.98,31.99,Saturday,1
H033,2026-01-31,3,inodoro,39.54,13.18,Saturday,1
H033,2026-01-31,3,lavado_ropa,25.04,8.35,Saturday,1
H033,2026-01-31,3,limpieza_vivienda,6.41,2.14,Saturday,1
H033,2026-02-04,3,aseo_personal,171.8,57.27,Wednesday,0
H033,2026-02-04,3,cocina,63.49,21.16,Wednesday,0
H033,2026-02-04,3,inodoro,24.8,8.27,Wednesday,0
H033,2026-02-04,3,lavado_ropa,17.41,5.8,Wednesday,0
H033,2026-02-04,3,limpieza_vivienda,5.24,1.75,Wednesday,0
H033,2026-02-08,3,aseo_personal,188.95,62.98,Sunday,0
H033,2026-02-08,3,cocina,63.87,21.29,Sunday,0
H033,2026-02-08,3,inodoro,29.83,9.94,Sunday,0
H033,2026-02-08,3,lavado_ropa,21.02,7.01,Sunday,0
H033,2026-02-08,3,limpieza_vivienda,6.05,2.02,Sunday,0
H033,2026-02-14,3,aseo_personal,229.15,76.38,Saturday,0
H033,2026-02-14,3,cocina,85.36,28.45,Saturday,0
H033,2026-02-14,3,inodoro,35.54,11.85,Saturday,0
H033,2026-02-14,3,lavado_ropa,27.39,9.13,Saturday,0
H033,2026-02-14,3,limpieza_vivienda,6.41,2.14,Saturday,0
H033,2026-02-16,3,aseo_personal,155.62,51.87,Monday,0
H033,2026-02-16,3,cocina,70.51,23.5,Monday,0
H033,2026-02-16,3,inodoro,29.28,9.76,Monday,0
H033,2026-02-16,3,lavado_ropa,22.51,7.5,Monday,0
H033,2026-02-16,3,limpieza_vivienda,5.44,1.81,Monday,0
H033,2026-02-24,3,aseo_personal,187.57,62.52,Tuesday,0
H033,2026-02-24,3,cocina,76.4,25.47,Tuesday,0
H033,2026-02-24,3,inodoro,29.42,9.81,Tuesday,0
H033,2026-02-24,3,lavado_ropa,19.5,6.5,Tuesday,0
H033,2026-02-24,3,limpieza_vivienda,6.31,2.1,Tuesday,0
H033,2026-02-25,3,aseo_personal,186.76,62.25,Wednesday,0
H033,2026-02-25,3,cocina,61.84,20.61,Wednesday,0
H033,2026-02-25,3,inodoro,27.82,9.27,Wednesday,0
H033,2026-02-25,3,lavado_ropa,17.92,5.97,Wednesday,0
H033,2026-02-25,3,limpieza_vivienda,5.07,1.69,Wednesday,0
H033,2026-02-26,3,aseo_personal,185.02,61.67,Thursday,0
H033,2026-02-26,3,cocina,67.62,22.54,Thursday,0
H033,2026-02-26,3,inodoro,31.08,10.36,Thursday,0
H033,2026-02-26,3,lavado_ropa,23.53,7.84,Thursday,0
H033,2026-02-26,3,limpieza_vivienda,5.48,1.83,Thursday,0
H033,2026-03-05,3,aseo_personal,185.29,61.76,Thursday,0
H033,2026-03-05,3,cocina,78.35,26.12,Thursday,0
H033,2026-03-05,3,inodoro,34.2,11.4,Thursday,0
H033,2026-03-05,3,lavado_ropa,23.38,7.79,Thursday,0
H033,2026-03-05,3,limpieza_vivienda,7.56,2.52,Thursday,0
H033,2026-03-07,3,aseo_personal,222.0,74.0,Saturday,0
H033,2026-03-07,3,cocina,79.56,26.52,Saturday,0
H033,2026-03-07,3,inodoro,38.2,12.73,Saturday,0
H033,2026-03-07,3,lavado_ropa,28.04,9.35,Saturday,0
H033,2026-03-07,3,limpieza_vivienda,8.19,2.73,Saturday,0
H033,2026-03-23,3,aseo_personal,177.89,59.3,Monday,0
H033,2026-03-23,3,cocina,66.71,22.24,Monday,0
H033,2026-03-23,3,inodoro,30.92,10.31,Monday,0
H033,2026-03-23,3,lavado_ropa,21.49,7.16,Monday,0
H033,2026-03-23,3,limpieza_vivienda,5.65,1.88,Monday,0
H033,2026-03-31,3,aseo_personal,184.62,61.54,Tuesday,0
H033,2026-03-31,3,cocina,67.15,22.38,Tuesday,0
H033,2026-03-31,3,inodoro,29.26,9.75,Tuesday,0
H033,2026-03-31,3,lavado_ropa,19.77,6.59,Tuesday,0
H033,2026-03-31,3,limpieza_vivienda,6.03,2.01,Tuesday,0
H033,2026-04-01,3,aseo_personal,153.64,51.21,Wednesday,0
H033,2026-04-01,3,cocina,58.85,19.62,Wednesday,0
H033,2026-04-01,3,inodoro,27.03,9.01,Wednesday,0
H033,2026-04-01,3,lavado_ropa,19.57,6.52,Wednesday,0
H033,2026-04-01,3,limpieza_vivienda,5.01,1.67,Wednesday,0
H033,2026-04-05,3,aseo_personal,169.66,56.55,Sunday,0
H033,2026-04-05,3,cocina,72.31,24.1,Sunday,0
H033,2026-04-05,3,inodoro,31.42,10.47,Sunday,0
H033,2026-04-05,3,lavado_ropa,19.83,6.61,Sunday,0
H033,2026-04-05,3,limpieza_vivienda,6.29,2.1,Sunday,0
H034,2026-01-05,3,aseo_personal,144.36,48.12,Monday,0
H034,2026-01-05,3,cocina,55.56,18.52,Monday,0
H034,2026-01-05,3,inodoro,22.01,7.34,Monday,0
H034,2026-01-05,3,lavado_ropa,14.01,4.67,Monday,0
H034,2026-01-05,3,limpieza_vivienda,4.21,1.4,Monday,0
H034,2026-01-07,3,aseo_personal,171.26,57.09,Wednesday,0
H034,2026-01-07,3,cocina,60.85,20.28,Wednesday,0
H034,2026-01-07,3,inodoro,30.66,10.22,Wednesday,0
H034,2026-01-07,3,lavado_ropa,18.15,6.05,Wednesday,0
H034,2026-01-07,3,limpieza_vivienda,5.14,1.71,Wednesday,0
H034,2026-01-20,3,aseo_personal,150.68,50.23,Tuesday,0
H034,2026-01-20,3,cocina,55.84,18.61,Tuesday,0
H034,2026-01-20,3,inodoro,24.88,8.29,Tuesday,0
H034,2026-01-20,3,lavado_ropa,17.09,5.7,Tuesday,0
H034,2026-01-20,3,limpieza_vivienda,5.76,1.92,Tuesday,0
H034,2026-01-21,3,aseo_personal,171.89,57.3,Wednesday,0
H034,2026-01-21,3,cocina,70.45,23.48,Wednesday,0
H034,2026-01-21,3,inodoro,27.58,9.19,Wednesday,0
H034,2026-01-21,3,lavado_ropa,18.48,6.16,Wednesday,0
H034,2026-01-21,3,limpieza_vivienda,5.95,1.98,Wednesday,0
H034,2026-02-06,3,aseo_personal,170.37,56.79,Friday,0
H034,2026-02-06,3,cocina,66.59,22.2,Friday,0
H034,2026-02-06,3,inodoro,30.4,10.13,Friday,0
H034,2026-02-06,3,lavado_ropa,20.68,6.89,Friday,0
H034,2026-02-06,3,limpieza_vivienda,5.29,1.76,Friday,0
H034,2026-02-11,3,aseo_personal,184.54,61.51,Wednesday,0
H034,2026-02-11,3,cocina,55.93,18.64,Wednesday,0
H034,2026-02-11,3,inodoro,27.96,9.32,Wednesday,0
H034,2026-02-11,3,lavado_ropa,19.3,6.43,Wednesday,0
H034,2026-02-11,3,limpieza_vivienda,5.55,1.85,Wednesday,0
H034,2026-02-20,3,aseo_personal,127.29,42.43,Friday,0
H034,2026-02-20,3,cocina,51.81,17.27,Friday,0
H034,2026-02-20,3,inodoro,25.76,8.59,Friday,0
H034,2026-02-20,3,lavado_ropa,15.32,5.11,Friday,0
H034,2026-02-20,3,limpieza_vivienda,4.37,1.46,Friday,0
H034,2026-02-24,3,aseo_personal,174.27,58.09,Tuesday,0
H034,2026-02-24,3,cocina,74.0,24.67,Tuesday,0
H034,2026-02-24,3,inodoro,30.8,10.27,Tuesday,0
H034,2026-02-24,3,lavado_ropa,21.37,7.12,Tuesday,0
H034,2026-02-24,3,limpieza_vivienda,7.26,2.42,Tuesday,0
H034,2026-03-03,3,aseo_personal,156.48,52.16,Tuesday,0
H034,2026-03-03,3,cocina,66.98,22.33,Tuesday,0
H034,2026-03-03,3,inodoro,30.22,10.07,Tuesday,0
H034,2026-03-03,3,lavado_ropa,23.62,7.87,Tuesday,0
H034,2026-03-03,3,limpieza_vivienda,7.02,2.34,Tuesday,0
H034,2026-03-10,3,aseo_personal,172.62,57.54,Tuesday,0
H034,2026-03-10,3,cocina,71.07,23.69,Tuesday,0
H034,2026-03-10,3,inodoro,25.37,8.46,Tuesday,0
H034,2026-03-10,3,lavado_ropa,21.91,7.3,Tuesday,0
H034,2026-03-10,3,limpieza_vivienda,4.55,1.52,Tuesday,0
H034,2026-03-12,3,aseo_personal,168.82,56.27,Thursday,0
H034,2026-03-12,3,cocina,61.69,20.56,Thursday,0
H034,2026-03-12,3,inodoro,24.24,8.08,Thursday,0
H034,2026-03-12,3,lavado_ropa,18.24,6.08,Thursday,0
H034,2026-03-12,3,limpieza_vivienda,4.75,1.58,Thursday,0
H034,2026-03-13,3,aseo_personal,168.21,56.07,Friday,0
H034,2026-03-13,3,cocina,69.52,23.17,Friday,0
H034,2026-03-13,3,inodoro,26.61,8.87,Friday,0
H034,2026-03-13,3,lavado_ropa,21.01,7.0,Friday,0
H034,2026-03-13,3,limpieza_vivienda,6.03,2.01,Friday,0
H034,2026-03-20,3,aseo_personal,152.59,50.86,Friday,0
H034,2026-03-20,3,cocina,64.07,21.36,Friday,0
H034,2026-03-20,3,inodoro,26.4,8.8,Friday,0
H034,2026-03-20,3,lavado_ropa,20.72,6.91,Friday,0
H034,2026-03-20,3,limpieza_vivienda,5.74,1.91,Friday,0
H034,2026-03-21,3,aseo_personal,161.97,53.99,Saturday,0
H034,2026-03-21,3,cocina,75.37,25.12,Saturday,0
H034,2026-03-21,3,inodoro,29.63,9.88,Saturday,0
H034,2026-03-21,3,lavado_ropa,20.99,7.0,Saturday,0
H034,2026-03-21,3,limpieza_vivienda,6.05,2.02,Saturday,0
H034,2026-03-27,3,aseo_personal,146.75,48.92,Friday,0
H034,2026-03-27,3,cocina,72.29,24.1,Friday,0
H034,2026-03-27,3,inodoro,32.11,10.7,Friday,0
H034,2026-03-27,3,lavado_ropa,19.59,6.53,Friday,0
H034,2026-03-27,3,limpieza_vivienda,7.28,2.43,Friday,0
H034,2026-03-29,3,aseo_personal,219.67,73.22,Sunday,0
H034,2026-03-29,3,cocina,75.09,25.03,Sunday,0
H034,2026-03-29,3,inodoro,25.99,8.66,Sunday,0
H034,2026-03-29,3,lavado_ropa,24.99,8.33,Sunday,0
H034,2026-03-29,3,limpieza_vivienda,7.01,2.34,Sunday,0
H034,2026-03-30,3,aseo_personal,159.5,53.17,Monday,0
H034,2026-03-30,3,cocina,56.45,18.82,Monday,0
H034,2026-03-30,3,inodoro,25.88,8.63,Monday,0
H034,2026-03-30,3,lavado_ropa,20.12,6.71,Monday,0
H034,2026-03-30,3,limpieza_vivienda,4.95,1.65,Monday,0
H034,2026-04-06,3,aseo_personal,135.07,45.02,Monday,0
H034,2026-04-06,3,cocina,61.96,20.65,Monday,0
H034,2026-04-06,3,inodoro,31.55,10.52,Monday,0
H034,2026-04-06,3,lavado_ropa,17.84,5.95,Monday,0
H034,2026-04-06,3,limpieza_vivienda,5.77,1.92,Monday,0
H034,2026-04-07,3,aseo_personal,118.67,39.56,Tuesday,0
H034,2026-04-07,3,cocina,50.89,16.96,Tuesday,0
H034,2026-04-07,3,inodoro,20.64,6.88,Tuesday,0
H034,2026-04-07,3,lavado_ropa,14.45,4.82,Tuesday,0
H034,2026-04-07,3,limpieza_vivienda,4.16,1.39,Tuesday,0
H035,2026-01-09,3,aseo_personal,155.19,51.73,Friday,0
H035,2026-01-09,3,cocina,71.95,23.98,Friday,0
H035,2026-01-09,3,inodoro,28.44,9.48,Friday,0
H035,2026-01-09,3,lavado_ropa,17.87,5.96,Friday,0
H035,2026-01-09,3,limpieza_vivienda,5.32,1.77,Friday,0
H035,2026-01-14,3,aseo_personal,135.86,45.29,Wednesday,0
H035,2026-01-14,3,cocina,64.23,21.41,Wednesday,0
H035,2026-01-14,3,inodoro,28.04,9.35,Wednesday,0
H035,2026-01-14,3,lavado_ropa,18.04,6.01,Wednesday,0
H035,2026-01-14,3,limpieza_vivienda,5.43,1.81,Wednesday,0
H035,2026-01-22,3,aseo_personal,168.45,56.15,Thursday,0
H035,2026-01-22,3,cocina,57.7,19.23,Thursday,0
H035,2026-01-22,3,inodoro,30.69,10.23,Thursday,0
H035,2026-01-22,3,lavado_ropa,17.25,5.75,Thursday,0
H035,2026-01-22,3,limpieza_vivienda,4.73,1.58,Thursday,0
H035,2026-01-31,3,aseo_personal,162.06,54.02,Saturday,0
H035,2026-01-31,3,cocina,76.58,25.53,Saturday,0
H035,2026-01-31,3,inodoro,28.23,9.41,Saturday,0
H035,2026-01-31,3,lavado_ropa,17.86,5.95,Saturday,0
H035,2026-01-31,3,limpieza_vivienda,5.57,1.86,Saturday,0
H035,2026-02-05,3,aseo_personal,169.46,56.49,Thursday,0
H035,2026-02-05,3,cocina,55.72,18.57,Thursday,0
H035,2026-02-05,3,inodoro,27.05,9.02,Thursday,0
H035,2026-02-05,3,lavado_ropa,18.52,6.17,Thursday,0
H035,2026-02-05,3,limpieza_vivienda,4.67,1.56,Thursday,0
H035,2026-02-10,3,aseo_personal,171.17,57.06,Tuesday,0
H035,2026-02-10,3,cocina,74.1,24.7,Tuesday,0
H035,2026-02-10,3,inodoro,32.13,10.71,Tuesday,0
H035,2026-02-10,3,lavado_ropa,22.27,7.42,Tuesday,0
H035,2026-02-10,3,limpieza_vivienda,6.04,2.01,Tuesday,0
H035,2026-02-12,3,aseo_personal,177.86,59.29,Thursday,0
H035,2026-02-12,3,cocina,75.21,25.07,Thursday,0
H035,2026-02-12,3,inodoro,31.94,10.65,Thursday,0
H035,2026-02-12,3,lavado_ropa,22.27,7.42,Thursday,0
H035,2026-02-12,3,limpieza_vivienda,6.82,2.27,Thursday,0
H035,2026-02-21,3,aseo_personal,180.24,60.08,Saturday,0
H035,2026-02-21,3,cocina,83.06,27.69,Saturday,0
H035,2026-02-21,3,inodoro,37.42,12.47,Saturday,0
H035,2026-02-21,3,lavado_ropa,23.89,7.96,Saturday,0
H035,2026-02-21,3,limpieza_vivienda,8.08,2.69,Saturday,0
H035,2026-02-23,3,aseo_personal,163.97,54.66,Monday,0
H035,2026-02-23,3,cocina,61.13,20.38,Monday,0
H035,2026-02-23,3,inodoro,26.87,8.96,Monday,0
H035,2026-02-23,3,lavado_ropa,17.37,5.79,Monday,0
H035,2026-02-23,3,limpieza_vivienda,6.3,2.1,Monday,0
H035,2026-02-28,3,aseo_personal,170.48,56.83,Saturday,0
H035,2026-02-28,3,cocina,74.29,24.76,Saturday,0
H035,2026-02-28,3,inodoro,33.59,11.2,Saturday,0
H035,2026-02-28,3,lavado_ropa,23.23,7.74,Saturday,0
H035,2026-02-28,3,limpieza_vivienda,5.73,1.91,Saturday,0
H035,2026-03-03,3,aseo_personal,165.32,55.11,Tuesday,0
H035,2026-03-03,3,cocina,68.94,22.98,Tuesday,0
H035,2026-03-03,3,inodoro,26.82,8.94,Tuesday,0
H035,2026-03-03,3,lavado_ropa,26.36,8.79,Tuesday,0
H035,2026-03-03,3,limpieza_vivienda,7.41,2.47,Tuesday,0
H035,2026-03-04,3,aseo_personal,178.22,59.41,Wednesday,0
H035,2026-03-04,3,cocina,73.48,24.49,Wednesday,0
H035,2026-03-04,3,inodoro,33.56,11.19,Wednesday,0
H035,2026-03-04,3,lavado_ropa,23.75,7.92,Wednesday,0
H035,2026-03-04,3,limpieza_vivienda,6.26,2.09,Wednesday,0
H035,2026-03-10,3,aseo_personal,138.14,46.05,Tuesday,0
H035,2026-03-10,3,cocina,53.27,17.76,Tuesday,0
H035,2026-03-10,3,inodoro,26.16,8.72,Tuesday,0
H035,2026-03-10,3,lavado_ropa,15.08,5.03,Tuesday,0
H035,2026-03-10,3,limpieza_vivienda,4.65,1.55,Tuesday,0
H035,2026-03-12,3,aseo_personal,171.98,57.33,Thursday,0
H035,2026-03-12,3,cocina,64.89,21.63,Thursday,0
H035,2026-03-12,3,inodoro,28.86,9.62,Thursday,0
H035,2026-03-12,3,lavado_ropa,18.39,6.13,Thursday,0
H035,2026-03-12,3,limpieza_vivienda,4.93,1.64,Thursday,0
H035,2026-03-21,3,aseo_personal,171.07,57.02,Saturday,0
H035,2026-03-21,3,cocina,88.35,29.45,Saturday,0
H035,2026-03-21,3,inodoro,32.47,10.82,Saturday,0
H035,2026-03-21,3,lavado_ropa,22.87,7.62,Saturday,0
H035,2026-03-21,3,limpieza_vivienda,6.89,2.3,Saturday,0
H035,2026-03-29,3,aseo_personal,193.14,64.38,Sunday,0
H035,2026-03-29,3,cocina,75.67,25.22,Sunday,0
H035,2026-03-29,3,inodoro,28.74,9.58,Sunday,0
H035,2026-03-29,3,lavado_ropa,22.77,7.59,Sunday,0
H035,2026-03-29,3,limpieza_vivienda,6.42,2.14,Sunday,0
H035,2026-04-02,3,aseo_personal,166.86,55.62,Thursday,0
H035,2026-04-02,3,cocina,65.86,21.95,Thursday,0
H035,2026-04-02,3,inodoro,33.63,11.21,Thursday,0
H035,2026-04-02,3,lavado_ropa,23.8,7.93,Thursday,0
H035,2026-04-02,3,limpieza_vivienda,5.95,1.98,Thursday,0
H035,2026-04-09,3,aseo_personal,194.47,64.82,Thursday,0
H035,2026-04-09,3,cocina,79.67,26.56,Thursday,0
H035,2026-04-09,3,inodoro,31.68,10.56,Thursday,0
H035,2026-04-09,3,lavado_ropa,20.1,6.7,Thursday,0
H035,2026-04-09,3,limpieza_vivienda,5.75,1.92,Thursday,0
H035,2026-04-10,3,aseo_personal,159.67,53.22,Friday,0
H035,2026-04-10,3,cocina,70.83,23.61,Friday,0
H035,2026-04-10,3,inodoro,28.06,9.35,Friday,0
H035,2026-04-10,3,lavado_ropa,17.71,5.9,Friday,0
H035,2026-04-10,3,limpieza_vivienda,4.99,1.66,Friday,0
H036,2026-01-04,2,aseo_personal,118.52,59.26,Sunday,0
H036,2026-01-04,2,cocina,46.87,23.43,Sunday,0
H036,2026-01-04,2,inodoro,19.45,9.73,Sunday,0
H036,2026-01-04,2,lavado_ropa,12.34,6.17,Sunday,0
H036,2026-01-04,2,limpieza_vivienda,4.73,2.37,Sunday,0
H036,2026-01-05,2,aseo_personal,105.65,52.82,Monday,0
H036,2026-01-05,2,cocina,40.55,20.28,Monday,0
H036,2026-01-05,2,inodoro,17.29,8.64,Monday,0
H036,2026-01-05,2,lavado_ropa,12.08,6.04,Monday,0
H036,2026-01-05,2,limpieza_vivienda,3.68,1.84,Monday,0
H036,2026-01-07,2,aseo_personal,119.51,59.76,Wednesday,0
H036,2026-01-07,2,cocina,39.37,19.68,Wednesday,0
H036,2026-01-07,2,inodoro,18.38,9.19,Wednesday,0
H036,2026-01-07,2,lavado_ropa,12.31,6.16,Wednesday,0
H036,2026-01-07,2,limpieza_vivienda,3.79,1.9,Wednesday,0
H036,2026-01-11,2,aseo_personal,114.21,57.11,Sunday,0
H036,2026-01-11,2,cocina,51.17,25.59,Sunday,0
H036,2026-01-11,2,inodoro,24.69,12.35,Sunday,0
H036,2026-01-11,2,lavado_ropa,18.1,9.05,Sunday,0
H036,2026-01-11,2,limpieza_vivienda,4.6,2.3,Sunday,0
H036,2026-01-12,2,aseo_personal,82.25,41.13,Monday,0
H036,2026-01-12,2,cocina,36.12,18.06,Monday,0
H036,2026-01-12,2,inodoro,13.75,6.87,Monday,0
H036,2026-01-12,2,lavado_ropa,9.65,4.82,Monday,0
H036,2026-01-12,2,limpieza_vivienda,2.7,1.35,Monday,0
H036,2026-01-13,2,aseo_personal,120.32,60.16,Tuesday,0
H036,2026-01-13,2,cocina,45.86,22.93,Tuesday,0
H036,2026-01-13,2,inodoro,19.61,9.8,Tuesday,0
H036,2026-01-13,2,lavado_ropa,13.81,6.9,Tuesday,0
H036,2026-01-13,2,limpieza_vivienda,4.02,2.01,Tuesday,0
H036,2026-01-15,2,aseo_personal,121.17,60.59,Thursday,0
H036,2026-01-15,2,cocina,48.17,24.09,Thursday,0
H036,2026-01-15,2,inodoro,22.4,11.2,Thursday,0
H036,2026-01-15,2,lavado_ropa,14.06,7.03,Thursday,0
H036,2026-01-15,2,limpieza_vivienda,4.08,2.04,Thursday,0
H036,2026-01-26,2,aseo_personal,107.46,53.73,Monday,0
H036,2026-01-26,2,cocina,40.83,20.41,Monday,0
H036,2026-01-26,2,inodoro,18.39,9.2,Monday,0
H036,2026-01-26,2,lavado_ropa,13.35,6.68,Monday,0
H036,2026-01-26,2,limpieza_vivienda,3.55,1.78,Monday,0
H036,2026-01-31,2,aseo_personal,118.84,59.42,Saturday,0
H036,2026-01-31,2,cocina,45.57,22.79,Saturday,0
H036,2026-01-31,2,inodoro,18.94,9.47,Saturday,0
H036,2026-01-31,2,lavado_ropa,13.65,6.83,Saturday,0
H036,2026-01-31,2,limpieza_vivienda,4.74,2.37,Saturday,0
H036,2026-02-01,2,aseo_personal,99.18,49.59,Sunday,0
H036,2026-02-01,2,cocina,38.5,19.25,Sunday,0
H036,2026-02-01,2,inodoro,16.28,8.14,Sunday,0
H036,2026-02-01,2,lavado_ropa,13.41,6.71,Sunday,0
H036,2026-02-01,2,limpieza_vivienda,3.98,1.99,Sunday,0
H036,2026-02-10,2,aseo_personal,127.63,63.81,Tuesday,0
H036,2026-02-10,2,cocina,46.16,23.08,Tuesday,0
H036,2026-02-10,2,inodoro,19.85,9.92,Tuesday,0
H036,2026-02-10,2,lavado_ropa,14.37,7.19,Tuesday,0
H036,2026-02-10,2,limpieza_vivienda,4.08,2.04,Tuesday,0
H036,2026-02-12,2,aseo_personal,93.0,46.5,Thursday,0
H036,2026-02-12,2,cocina,46.01,23.01,Thursday,0
H036,2026-02-12,2,inodoro,16.32,8.16,Thursday,0
H036,2026-02-12,2,lavado_ropa,13.29,6.64,Thursday,0
H036,2026-02-12,2,limpieza_vivienda,3.47,1.73,Thursday,0
H036,2026-02-15,2,aseo_personal,100.07,50.03,Sunday,0
H036,2026-02-15,2,cocina,50.23,25.11,Sunday,0
H036,2026-02-15,2,inodoro,17.6,8.8,Sunday,0
H036,2026-02-15,2,lavado_ropa,13.43,6.71,Sunday,0
H036,2026-02-15,2,limpieza_vivienda,4.37,2.19,Sunday,0
H036,2026-02-16,2,aseo_personal,98.39,49.2,Monday,0
H036,2026-02-16,2,cocina,37.42,18.71,Monday,0
H036,2026-02-16,2,inodoro,13.03,6.51,Monday,0
H036,2026-02-16,2,lavado_ropa,9.98,4.99,Monday,0
H036,2026-02-16,2,limpieza_vivienda,2.51,1.25,Monday,0
H036,2026-02-24,2,aseo_personal,113.99,57.0,Tuesday,0
H036,2026-02-24,2,cocina,45.88,22.94,Tuesday,0
H036,2026-02-24,2,inodoro,23.66,11.83,Tuesday,0
H036,2026-02-24,2,lavado_ropa,14.62,7.31,Tuesday,0
H036,2026-02-24,2,limpieza_vivienda,3.87,1.94,Tuesday,0
H036,2026-02-26,2,aseo_personal,144.09,72.05,Thursday,1
H036,2026-02-26,2,cocina,139.86,69.93,Thursday,1
H036,2026-02-26,2,inodoro,26.14,13.07,Thursday,1
H036,2026-02-26,2,lavado_ropa,21.74,10.87,Thursday,1
H036,2026-02-26,2,limpieza_vivienda,5.31,2.66,Thursday,1
H036,2026-02-27,2,aseo_personal,111.2,55.6,Friday,0
H036,2026-02-27,2,cocina,41.88,20.94,Friday,0
H036,2026-02-27,2,inodoro,19.03,9.52,Friday,0
H036,2026-02-27,2,lavado_ropa,13.35,6.68,Friday,0
H036,2026-02-27,2,limpieza_vivienda,3.76,1.88,Friday,0
H036,2026-03-06,2,aseo_personal,94.37,47.18,Friday,0
H036,2026-03-06,2,cocina,37.17,18.59,Friday,0
H036,2026-03-06,2,inodoro,18.95,9.48,Friday,0
H036,2026-03-06,2,lavado_ropa,13.36,6.68,Friday,0
H036,2026-03-06,2,limpieza_vivienda,3.91,1.96,Friday,0
H036,2026-03-10,2,aseo_personal,101.05,50.53,Tuesday,0
H036,2026-03-10,2,cocina,42.29,21.14,Tuesday,0
H036,2026-03-10,2,inodoro,19.83,9.92,Tuesday,0
H036,2026-03-10,2,lavado_ropa,11.48,5.74,Tuesday,0
H036,2026-03-10,2,limpieza_vivienda,3.84,1.92,Tuesday,0
H036,2026-03-15,2,aseo_personal,106.1,53.05,Sunday,0
H036,2026-03-15,2,cocina,45.82,22.91,Sunday,0
H036,2026-03-15,2,inodoro,17.03,8.52,Sunday,0
H036,2026-03-15,2,lavado_ropa,13.75,6.88,Sunday,0
H036,2026-03-15,2,limpieza_vivienda,3.85,1.93,Sunday,0
H036,2026-03-16,2,aseo_personal,104.52,52.26,Monday,0
H036,2026-03-16,2,cocina,40.67,20.33,Monday,0
H036,2026-03-16,2,inodoro,15.26,7.63,Monday,0
H036,2026-03-16,2,lavado_ropa,12.17,6.09,Monday,0
H036,2026-03-16,2,limpieza_vivienda,3.69,1.85,Monday,0
H036,2026-03-24,2,aseo_personal,111.48,55.74,Tuesday,0
H036,2026-03-24,2,cocina,48.25,24.13,Tuesday,0
H036,2026-03-24,2,inodoro,20.23,10.12,Tuesday,0
H036,2026-03-24,2,lavado_ropa,14.85,7.43,Tuesday,0
H036,2026-03-24,2,limpieza_vivienda,4.3,2.15,Tuesday,0
H036,2026-03-28,2,aseo_personal,119.35,59.68,Saturday,0
H036,2026-03-28,2,cocina,43.88,21.94,Saturday,0
H036,2026-03-28,2,inodoro,20.88,10.44,Saturday,0
H036,2026-03-28,2,lavado_ropa,12.46,6.23,Saturday,0
H036,2026-03-28,2,limpieza_vivienda,4.25,2.13,Saturday,0
H036,2026-03-31,2,aseo_personal,105.36,52.68,Tuesday,0
H036,2026-03-31,2,cocina,41.32,20.66,Tuesday,0
H036,2026-03-31,2,inodoro,17.09,8.54,Tuesday,0
H036,2026-03-31,2,lavado_ropa,12.05,6.02,Tuesday,0
H036,2026-03-31,2,limpieza_vivienda,3.69,1.84,Tuesday,0
H036,2026-04-02,2,aseo_personal,111.44,55.72,Thursday,0
H036,2026-04-02,2,cocina,43.22,21.61,Thursday,0
H036,2026-04-02,2,inodoro,18.33,9.17,Thursday,0
H036,2026-04-02,2,lavado_ropa,13.41,6.71,Thursday,0
H036,2026-04-02,2,limpieza_vivienda,4.54,2.27,Thursday,0
H036,2026-04-07,2,aseo_personal,110.36,55.18,Tuesday,0
H036,2026-04-07,2,cocina,42.91,21.45,Tuesday,0
H036,2026-04-07,2,inodoro,21.33,10.67,Tuesday,0
H036,2026-04-07,2,lavado_ropa,14.27,7.14,Tuesday,0
H036,2026-04-07,2,limpieza_vivienda,3.85,1.92,Tuesday,0
H037,2026-01-01,2,aseo_personal,103.53,51.77,Thursday,0
H037,2026-01-01,2,cocina,37.69,18.85,Thursday,0
H037,2026-01-01,2,inodoro,15.63,7.81,Thursday,0
H037,2026-01-01,2,lavado_ropa,12.22,6.11,Thursday,0
H037,2026-01-01,2,limpieza_vivienda,4.03,2.01,Thursday,0
H037,2026-01-02,2,aseo_personal,93.19,46.6,Friday,0
H037,2026-01-02,2,cocina,38.35,19.18,Friday,0
H037,2026-01-02,2,inodoro,16.12,8.06,Friday,0
H037,2026-01-02,2,lavado_ropa,13.02,6.51,Friday,0
H037,2026-01-02,2,limpieza_vivienda,2.93,1.46,Friday,0
H037,2026-01-11,2,aseo_personal,105.57,52.78,Sunday,0
H037,2026-01-11,2,cocina,43.83,21.91,Sunday,0
H037,2026-01-11,2,inodoro,20.52,10.26,Sunday,0
H037,2026-01-11,2,lavado_ropa,13.98,6.99,Sunday,0
H037,2026-01-11,2,limpieza_vivienda,3.71,1.86,Sunday,0
H037,2026-01-16,2,aseo_personal,107.74,53.87,Friday,0
H037,2026-01-16,2,cocina,49.66,24.83,Friday,0
H037,2026-01-16,2,inodoro,18.46,9.23,Friday,0
H037,2026-01-16,2,lavado_ropa,15.1,7.55,Friday,0
H037,2026-01-16,2,limpieza_vivienda,4.34,2.17,Friday,0
H037,2026-01-23,2,aseo_personal,92.13,46.07,Friday,0
H037,2026-01-23,2,cocina,29.96,14.98,Friday,0
H037,2026-01-23,2,inodoro,15.03,7.52,Friday,0
H037,2026-01-23,2,lavado_ropa,10.52,5.26,Friday,0
H037,2026-01-23,2,limpieza_vivienda,3.47,1.73,Friday,0
H037,2026-01-24,2,aseo_personal,107.92,53.96,Saturday,0
H037,2026-01-24,2,cocina,49.45,24.72,Saturday,0
H037,2026-01-24,2,inodoro,20.48,10.24,Saturday,0
H037,2026-01-24,2,lavado_ropa,12.28,6.14,Saturday,0
H037,2026-01-24,2,limpieza_vivienda,3.91,1.95,Saturday,0
H037,2026-01-28,2,aseo_personal,97.16,48.58,Wednesday,0
H037,2026-01-28,2,cocina,42.02,21.01,Wednesday,0
H037,2026-01-28,2,inodoro,17.08,8.54,Wednesday,0
H037,2026-01-28,2,lavado_ropa,12.79,6.39,Wednesday,0
H037,2026-01-28,2,limpieza_vivienda,3.14,1.57,Wednesday,0
H037,2026-01-30,2,aseo_personal,112.35,56.18,Friday,0
H037,2026-01-30,2,cocina,43.1,21.55,Friday,0
H037,2026-01-30,2,inodoro,19.71,9.86,Friday,0
H037,2026-01-30,2,lavado_ropa,15.06,7.53,Friday,0
H037,2026-01-30,2,limpieza_vivienda,3.53,1.76,Friday,0
H037,2026-02-04,2,aseo_personal,84.85,42.42,Wednesday,0
H037,2026-02-04,2,cocina,34.0,17.0,Wednesday,0
H037,2026-02-04,2,inodoro,16.14,8.07,Wednesday,0
H037,2026-02-04,2,lavado_ropa,10.93,5.46,Wednesday,0
H037,2026-02-04,2,limpieza_vivienda,3.08,1.54,Wednesday,0
H037,2026-02-09,2,aseo_personal,107.14,53.57,Monday,0
H037,2026-02-09,2,cocina,42.03,21.02,Monday,0
H037,2026-02-09,2,inodoro,17.33,8.67,Monday,0
H037,2026-02-09,2,lavado_ropa,12.74,6.37,Monday,0
H037,2026-02-09,2,limpieza_vivienda,3.93,1.96,Monday,0
H037,2026-02-20,2,aseo_personal,97.91,48.96,Friday,0
H037,2026-02-20,2,cocina,37.11,18.56,Friday,0
H037,2026-02-20,2,inodoro,18.45,9.22,Friday,0
H037,2026-02-20,2,lavado_ropa,11.47,5.74,Friday,0
H037,2026-02-20,2,limpieza_vivienda,3.25,1.62,Friday,0
H037,2026-03-05,2,aseo_personal,187.17,93.58,Thursday,1
H037,2026-03-05,2,cocina,153.88,76.94,Thursday,1
H037,2026-03-05,2,inodoro,38.85,19.42,Thursday,1
H037,2026-03-05,2,lavado_ropa,22.15,11.07,Thursday,1
H037,2026-03-05,2,limpieza_vivienda,6.61,3.31,Thursday,1
H037,2026-03-06,2,aseo_personal,90.37,45.19,Friday,0
H037,2026-03-06,2,cocina,40.16,20.08,Friday,0
H037,2026-03-06,2,inodoro,17.2,8.6,Friday,0
H037,2026-03-06,2,lavado_ropa,13.05,6.52,Friday,0
H037,2026-03-06,2,limpieza_vivienda,4.2,2.1,Friday,0
H037,2026-03-10,2,aseo_personal,94.21,47.1,Tuesday,0
H037,2026-03-10,2,cocina,37.84,18.92,Tuesday,0
H037,2026-03-10,2,inodoro,16.06,8.03,Tuesday,0
H037,2026-03-10,2,lavado_ropa,10.68,5.34,Tuesday,0
H037,2026-03-10,2,limpieza_vivienda,3.18,1.59,Tuesday,0
H037,2026-03-22,2,aseo_personal,102.8,51.4,Sunday,0
H037,2026-03-22,2,cocina,43.24,21.62,Sunday,0
H037,2026-03-22,2,inodoro,15.36,7.68,Sunday,0
H037,2026-03-22,2,lavado_ropa,13.47,6.74,Sunday,0
H037,2026-03-22,2,limpieza_vivienda,3.52,1.76,Sunday,0
H037,2026-03-25,2,aseo_personal,112.55,56.28,Wednesday,0
H037,2026-03-25,2,cocina,39.6,19.8,Wednesday,0
H037,2026-03-25,2,inodoro,18.46,9.23,Wednesday,0
H037,2026-03-25,2,lavado_ropa,12.31,6.16,Wednesday,0
H037,2026-03-25,2,limpieza_vivienda,3.83,1.92,Wednesday,0
H037,2026-03-26,2,aseo_personal,97.46,48.73,Thursday,0
H037,2026-03-26,2,cocina,37.2,18.6,Thursday,0
H037,2026-03-26,2,inodoro,15.57,7.79,Thursday,0
H037,2026-03-26,2,lavado_ropa,10.24,5.12,Thursday,0
H037,2026-03-26,2,limpieza_vivienda,3.12,1.56,Thursday,0
H037,2026-03-29,2,aseo_personal,107.34,53.67,Sunday,0
H037,2026-03-29,2,cocina,39.01,19.51,Sunday,0
H037,2026-03-29,2,inodoro,19.08,9.54,Sunday,0
H037,2026-03-29,2,lavado_ropa,12.63,6.32,Sunday,0
H037,2026-03-29,2,limpieza_vivienda,3.66,1.83,Sunday,0
H037,2026-04-02,2,aseo_personal,89.4,44.7,Thursday,0
H037,2026-04-02,2,cocina,28.95,14.47,Thursday,0
H037,2026-04-02,2,inodoro,16.45,8.22,Thursday,0
H037,2026-04-02,2,lavado_ropa,10.26,5.13,Thursday,0
H037,2026-04-02,2,limpieza_vivienda,3.05,1.52,Thursday,0
H037,2026-04-09,2,aseo_personal,85.34,42.67,Thursday,0
H037,2026-04-09,2,cocina,37.51,18.75,Thursday,0
H037,2026-04-09,2,inodoro,15.16,7.58,Thursday,0
H037,2026-04-09,2,lavado_ropa,10.51,5.26,Thursday,0
H037,2026-04-09,2,limpieza_vivienda,2.86,1.43,Thursday,0
H038,2026-01-01,3,aseo_personal,152.33,50.78,Thursday,0
H038,2026-01-01,3,cocina,66.21,22.07,Thursday,0
H038,2026-01-01,3,inodoro,29.58,9.86,Thursday,0
H038,2026-01-01,3,lavado_ropa,19.56,6.52,Thursday,0
H038,2026-01-01,3,limpieza_vivienda,6.19,2.06,Thursday,0
H038,2026-01-07,3,aseo_personal,195.73,65.24,Wednesday,0
H038,2026-01-07,3,cocina,76.19,25.4,Wednesday,0
H038,2026-01-07,3,inodoro,31.93,10.64,Wednesday,0
H038,2026-01-07,3,lavado_ropa,21.3,7.1,Wednesday,0
H038,2026-01-07,3,limpieza_vivienda,5.77,1.92,Wednesday,0
H038,2026-01-16,3,aseo_personal,217.59,72.53,Friday,0
H038,2026-01-16,3,cocina,63.52,21.17,Friday,0
H038,2026-01-16,3,inodoro,32.92,10.97,Friday,0
H038,2026-01-16,3,lavado_ropa,20.45,6.82,Friday,0
H038,2026-01-16,3,limpieza_vivienda,6.23,2.08,Friday,0
H038,2026-01-21,3,aseo_personal,170.2,56.73,Wednesday,0
H038,2026-01-21,3,cocina,75.41,25.14,Wednesday,0
H038,2026-01-21,3,inodoro,30.81,10.27,Wednesday,0
H038,2026-01-21,3,lavado_ropa,21.03,7.01,Wednesday,0
H038,2026-01-21,3,limpieza_vivienda,5.4,1.8,Wednesday,0
H038,2026-01-26,3,aseo_personal,186.3,62.1,Monday,0
H038,2026-01-26,3,cocina,83.31,27.77,Monday,0
H038,2026-01-26,3,inodoro,33.45,11.15,Monday,0
H038,2026-01-26,3,lavado_ropa,21.24,7.08,Monday,0
H038,2026-01-26,3,limpieza_vivienda,6.53,2.18,Monday,0
H038,2026-01-28,3,aseo_personal,207.23,69.08,Wednesday,0
H038,2026-01-28,3,cocina,71.95,23.98,Wednesday,0
H038,2026-01-28,3,inodoro,32.83,10.94,Wednesday,0
H038,2026-01-28,3,lavado_ropa,22.95,7.65,Wednesday,0
H038,2026-01-28,3,limpieza_vivienda,6.94,2.31,Wednesday,0
H038,2026-01-31,3,aseo_personal,175.55,58.52,Saturday,0
H038,2026-01-31,3,cocina,80.49,26.83,Saturday,0
H038,2026-01-31,3,inodoro,29.62,9.87,Saturday,0
H038,2026-01-31,3,lavado_ropa,22.76,7.59,Saturday,0
H038,2026-01-31,3,limpieza_vivienda,8.05,2.68,Saturday,0
H038,2026-02-01,3,aseo_personal,191.98,63.99,Sunday,0
H038,2026-02-01,3,cocina,82.17,27.39,Sunday,0
H038,2026-02-01,3,inodoro,42.35,14.12,Sunday,0
H038,2026-02-01,3,lavado_ropa,26.19,8.73,Sunday,0
H038,2026-02-01,3,limpieza_vivienda,7.81,2.6,Sunday,0
H038,2026-02-03,3,aseo_personal,172.75,57.58,Tuesday,0
H038,2026-02-03,3,cocina,61.46,20.49,Tuesday,0
H038,2026-02-03,3,inodoro,34.25,11.42,Tuesday,0
H038,2026-02-03,3,lavado_ropa,20.94,6.98,Tuesday,0
H038,2026-02-03,3,limpieza_vivienda,5.79,1.93,Tuesday,0
H038,2026-02-06,3,aseo_personal,208.94,69.65,Friday,0
H038,2026-02-06,3,cocina,89.64,29.88,Friday,0
H038,2026-02-06,3,inodoro,34.79,11.6,Friday,0
H038,2026-02-06,3,lavado_ropa,31.97,10.66,Friday,0
H038,2026-02-06,3,limpieza_vivienda,6.84,2.28,Friday,0
H038,2026-02-15,3,aseo_personal,224.28,74.76,Sunday,0
H038,2026-02-15,3,cocina,92.37,30.79,Sunday,0
H038,2026-02-15,3,inodoro,37.27,12.42,Sunday,0
H038,2026-02-15,3,lavado_ropa,26.3,8.77,Sunday,0
H038,2026-02-15,3,limpieza_vivienda,8.34,2.78,Sunday,0
H038,2026-02-19,3,aseo_personal,175.46,58.49,Thursday,0
H038,2026-02-19,3,cocina,72.84,24.28,Thursday,0
H038,2026-02-19,3,inodoro,34.76,11.59,Thursday,0
H038,2026-02-19,3,lavado_ropa,20.81,6.94,Thursday,0
H038,2026-02-19,3,limpieza_vivienda,6.59,2.2,Thursday,0
H038,2026-02-26,3,aseo_personal,199.56,66.52,Thursday,0
H038,2026-02-26,3,cocina,77.86,25.95,Thursday,0
H038,2026-02-26,3,inodoro,31.27,10.42,Thursday,0
H038,2026-02-26,3,lavado_ropa,25.28,8.43,Thursday,0
H038,2026-02-26,3,limpieza_vivienda,6.79,2.26,Thursday,0
H038,2026-03-02,3,aseo_personal,165.44,55.15,Monday,0
H038,2026-03-02,3,cocina,82.68,27.56,Monday,0
H038,2026-03-02,3,inodoro,33.73,11.24,Monday,0
H038,2026-03-02,3,lavado_ropa,23.18,7.73,Monday,0
H038,2026-03-02,3,limpieza_vivienda,6.74,2.25,Monday,0
H038,2026-03-06,3,aseo_personal,187.27,62.42,Friday,0
H038,2026-03-06,3,cocina,84.49,28.16,Friday,0
H038,2026-03-06,3,inodoro,28.5,9.5,Friday,0
H038,2026-03-06,3,lavado_ropa,25.92,8.64,Friday,0
H038,2026-03-06,3,limpieza_vivienda,6.3,2.1,Friday,0
H038,2026-03-07,3,aseo_personal,210.94,70.31,Saturday,0
H038,2026-03-07,3,cocina,91.75,30.58,Saturday,0
H038,2026-03-07,3,inodoro,37.67,12.56,Saturday,0
H038,2026-03-07,3,lavado_ropa,22.73,7.58,Saturday,0
H038,2026-03-07,3,limpieza_vivienda,8.25,2.75,Saturday,0
H038,2026-03-09,3,aseo_personal,194.48,64.83,Monday,0
H038,2026-03-09,3,cocina,68.91,22.97,Monday,0
H038,2026-03-09,3,inodoro,31.15,10.38,Monday,0
H038,2026-03-09,3,lavado_ropa,19.88,6.63,Monday,0
H038,2026-03-09,3,limpieza_vivienda,6.08,2.03,Monday,0
H038,2026-03-15,3,aseo_personal,185.1,61.7,Sunday,0
H038,2026-03-15,3,cocina,78.03,26.01,Sunday,0
H038,2026-03-15,3,inodoro,29.11,9.7,Sunday,0
H038,2026-03-15,3,lavado_ropa,22.75,7.58,Sunday,0
H038,2026-03-15,3,limpieza_vivienda,6.31,2.1,Sunday,0
H038,2026-03-20,3,aseo_personal,160.42,53.47,Friday,0
H038,2026-03-20,3,cocina,66.38,22.13,Friday,0
H038,2026-03-20,3,inodoro,25.01,8.34,Friday,0
H038,2026-03-20,3,lavado_ropa,19.73,6.58,Friday,0
H038,2026-03-20,3,limpieza_vivienda,5.57,1.86,Friday,0
H038,2026-03-24,3,aseo_personal,211.24,70.41,Tuesday,0
H038,2026-03-24,3,cocina,86.07,28.69,Tuesday,0
H038,2026-03-24,3,inodoro,30.36,10.12,Tuesday,0
H038,2026-03-24,3,lavado_ropa,28.13,9.38,Tuesday,0
H038,2026-03-24,3,limpieza_vivienda,6.07,2.02,Tuesday,0
H038,2026-03-25,3,aseo_personal,193.35,64.45,Wednesday,0
H038,2026-03-25,3,cocina,67.01,22.34,Wednesday,0
H038,2026-03-25,3,inodoro,29.48,9.83,Wednesday,0
H038,2026-03-25,3,lavado_ropa,22.43,7.48,Wednesday,0
H038,2026-03-25,3,limpieza_vivienda,5.77,1.92,Wednesday,0
H038,2026-03-27,3,aseo_personal,210.66,70.22,Friday,0
H038,2026-03-27,3,cocina,72.94,24.31,Friday,0
H038,2026-03-27,3,inodoro,39.8,13.27,Friday,0
H038,2026-03-27,3,lavado_ropa,23.9,7.97,Friday,0
H038,2026-03-27,3,limpieza_vivienda,7.58,2.53,Friday,0
H038,2026-03-28,3,aseo_personal,191.14,63.71,Saturday,0
H038,2026-03-28,3,cocina,93.73,31.24,Saturday,0
H038,2026-03-28,3,inodoro,36.94,12.31,Saturday,0
H038,2026-03-28,3,lavado_ropa,26.8,8.93,Saturday,0
H038,2026-03-28,3,limpieza_vivienda,6.79,2.26,Saturday,0
H038,2026-04-01,3,aseo_personal,147.81,49.27,Wednesday,0
H038,2026-04-01,3,cocina,69.79,23.26,Wednesday,0
H038,2026-04-01,3,inodoro,37.85,12.62,Wednesday,0
H038,2026-04-01,3,lavado_ropa,20.91,6.97,Wednesday,0
H038,2026-04-01,3,limpieza_vivienda,5.9,1.97,Wednesday,0
H038,2026-04-02,3,aseo_personal,211.05,70.35,Thursday,0
H038,2026-04-02,3,cocina,84.9,28.3,Thursday,0
H038,2026-04-02,3,inodoro,36.29,12.1,Thursday,0
H038,2026-04-02,3,lavado_ropa,22.75,7.58,Thursday,0
H038,2026-04-02,3,limpieza_vivienda,6.6,2.2,Thursday,0
H038,2026-04-08,3,aseo_personal,190.63,63.54,Wednesday,0
H038,2026-04-08,3,cocina,81.85,27.28,Wednesday,0
H038,2026-04-08,3,inodoro,33.52,11.17,Wednesday,0
H038,2026-04-08,3,lavado_ropa,24.63,8.21,Wednesday,0
H038,2026-04-08,3,limpieza_vivienda,8.16,2.72,Wednesday,0
H039,2026-01-01,2,aseo_personal,111.44,55.72,Thursday,0
H039,2026-01-01,2,cocina,41.18,20.59,Thursday,0
H039,2026-01-01,2,inodoro,17.86,8.93,Thursday,0
H039,2026-01-01,2,lavado_ropa,14.15,7.07,Thursday,0
H039,2026-01-01,2,limpieza_vivienda,2.8,1.4,Thursday,0
H039,2026-01-02,2,aseo_personal,126.04,63.02,Friday,0
H039,2026-01-02,2,cocina,52.99,26.5,Friday,0
H039,2026-01-02,2,inodoro,23.08,11.54,Friday,0
H039,2026-01-02,2,lavado_ropa,16.52,8.26,Friday,0
H039,2026-01-02,2,limpieza_vivienda,3.89,1.94,Friday,0
H039,2026-01-06,2,aseo_personal,116.09,58.04,Tuesday,0
H039,2026-01-06,2,cocina,38.53,19.27,Tuesday,0
H039,2026-01-06,2,inodoro,18.67,9.33,Tuesday,0
H039,2026-01-06,2,lavado_ropa,12.47,6.24,Tuesday,0
H039,2026-01-06,2,limpieza_vivienda,3.64,1.82,Tuesday,0
H039,2026-01-12,2,aseo_personal,100.49,50.25,Monday,0
H039,2026-01-12,2,cocina,36.35,18.18,Monday,0
H039,2026-01-12,2,inodoro,18.69,9.34,Monday,0
H039,2026-01-12,2,lavado_ropa,15.08,7.54,Monday,0
H039,2026-01-12,2,limpieza_vivienda,3.79,1.9,Monday,0
H039,2026-01-31,2,aseo_personal,115.84,57.92,Saturday,0
H039,2026-01-31,2,cocina,44.99,22.49,Saturday,0
H039,2026-01-31,2,inodoro,21.38,10.69,Saturday,0
H039,2026-01-31,2,lavado_ropa,14.55,7.28,Saturday,0
H039,2026-01-31,2,limpieza_vivienda,4.53,2.27,Saturday,0
H039,2026-02-07,2,aseo_personal,102.5,51.25,Saturday,0
H039,2026-02-07,2,cocina,39.8,19.9,Saturday,0
H039,2026-02-07,2,inodoro,19.03,9.52,Saturday,0
H039,2026-02-07,2,lavado_ropa,11.46,5.73,Saturday,0
H039,2026-02-07,2,limpieza_vivienda,3.41,1.7,Saturday,0
H039,2026-02-11,2,aseo_personal,107.93,53.96,Wednesday,0
H039,2026-02-11,2,cocina,40.73,20.36,Wednesday,0
H039,2026-02-11,2,inodoro,20.22,10.11,Wednesday,0
H039,2026-02-11,2,lavado_ropa,13.14,6.57,Wednesday,0
H039,2026-02-11,2,limpieza_vivienda,4.11,2.05,Wednesday,0
H039,2026-02-15,2,aseo_personal,109.34,54.67,Sunday,0
H039,2026-02-15,2,cocina,46.96,23.48,Sunday,0
H039,2026-02-15,2,inodoro,19.65,9.82,Sunday,0
H039,2026-02-15,2,lavado_ropa,13.58,6.79,Sunday,0
H039,2026-02-15,2,limpieza_vivienda,5.13,2.56,Sunday,0
H039,2026-02-19,2,aseo_personal,117.87,58.94,Thursday,0
H039,2026-02-19,2,cocina,40.05,20.02,Thursday,0
H039,2026-02-19,2,inodoro,20.5,10.25,Thursday,0
H039,2026-02-19,2,lavado_ropa,13.1,6.55,Thursday,0
H039,2026-02-19,2,limpieza_vivienda,3.9,1.95,Thursday,0
H039,2026-03-02,2,aseo_personal,132.95,66.47,Monday,0
H039,2026-03-02,2,cocina,41.7,20.85,Monday,0
H039,2026-03-02,2,inodoro,21.1,10.55,Monday,0
H039,2026-03-02,2,lavado_ropa,16.31,8.16,Monday,0
H039,2026-03-02,2,limpieza_vivienda,4.29,2.14,Monday,0
H039,2026-03-08,2,aseo_personal,109.76,54.88,Sunday,0
H039,2026-03-08,2,cocina,53.98,26.99,Sunday,0
H039,2026-03-08,2,inodoro,19.8,9.9,Sunday,0
H039,2026-03-08,2,lavado_ropa,15.7,7.85,Sunday,0
H039,2026-03-08,2,limpieza_vivienda,3.81,1.9,Sunday,0
H039,2026-03-11,2,aseo_personal,105.21,52.61,Wednesday,0
H039,2026-03-11,2,cocina,36.03,18.02,Wednesday,0
H039,2026-03-11,2,inodoro,16.81,8.4,Wednesday,0
H039,2026-03-11,2,lavado_ropa,13.64,6.82,Wednesday,0
H039,2026-03-11,2,limpieza_vivienda,3.63,1.82,Wednesday,0
H039,2026-03-19,2,aseo_personal,103.05,51.53,Thursday,0
H039,2026-03-19,2,cocina,43.87,21.94,Thursday,0
H039,2026-03-19,2,inodoro,18.0,9.0,Thursday,0
H039,2026-03-19,2,lavado_ropa,11.78,5.89,Thursday,0
H039,2026-03-19,2,limpieza_vivienda,3.55,1.78,Thursday,0
H039,2026-04-10,2,aseo_personal,119.27,59.63,Friday,0
H039,2026-04-10,2,cocina,47.84,23.92,Friday,0
H039,2026-04-10,2,inodoro,21.17,10.59,Friday,0
H039,2026-04-10,2,lavado_ropa,15.92,7.96,Friday,0
H039,2026-04-10,2,limpieza_vivienda,4.25,2.13,Friday,0
H040,2026-01-01,4,aseo_personal,240.43,60.11,Thursday,0
H040,2026-01-01,4,cocina,91.92,22.98,Thursday,0
H040,2026-01-01,4,inodoro,39.98,10.0,Thursday,0
H040,2026-01-01,4,lavado_ropa,27.87,6.97,Thursday,0
H040,2026-01-01,4,limpieza_vivienda,7.42,1.86,Thursday,0
H040,2026-01-06,4,aseo_personal,219.61,54.9,Tuesday,0
H040,2026-01-06,4,cocina,107.63,26.91,Tuesday,0
H040,2026-01-06,4,inodoro,36.98,9.25,Tuesday,0
H040,2026-01-06,4,lavado_ropa,26.03,6.51,Tuesday,0
H040,2026-01-06,4,limpieza_vivienda,7.32,1.83,Tuesday,0
H040,2026-01-08,4,aseo_personal,272.52,68.13,Thursday,0
H040,2026-01-08,4,cocina,94.84,23.71,Thursday,0
H040,2026-01-08,4,inodoro,35.64,8.91,Thursday,0
H040,2026-01-08,4,lavado_ropa,26.98,6.75,Thursday,0
H040,2026-01-08,4,limpieza_vivienda,7.9,1.97,Thursday,0
H040,2026-01-09,4,aseo_personal,248.26,62.07,Friday,0
H040,2026-01-09,4,cocina,102.89,25.72,Friday,0
H040,2026-01-09,4,inodoro,38.97,9.74,Friday,0
H040,2026-01-09,4,lavado_ropa,28.64,7.16,Friday,0
H040,2026-01-09,4,limpieza_vivienda,9.01,2.25,Friday,0
H040,2026-01-12,4,aseo_personal,382.52,95.63,Monday,1
H040,2026-01-12,4,cocina,158.75,39.69,Monday,1
H040,2026-01-12,4,inodoro,69.98,17.5,Monday,1
H040,2026-01-12,4,lavado_ropa,109.33,27.33,Monday,1
H040,2026-01-12,4,limpieza_vivienda,14.45,3.61,Monday,1
H040,2026-01-18,4,aseo_personal,261.56,65.39,Sunday,0
H040,2026-01-18,4,cocina,102.87,25.72,Sunday,0
H040,2026-01-18,4,inodoro,39.55,9.89,Sunday,0
H040,2026-01-18,4,lavado_ropa,30.46,7.62,Sunday,0
H040,2026-01-18,4,limpieza_vivienda,9.74,2.44,Sunday,0
H040,2026-01-19,4,aseo_personal,239.03,59.76,Monday,0
H040,2026-01-19,4,cocina,97.56,24.39,Monday,0
H040,2026-01-19,4,inodoro,40.28,10.07,Monday,0
H040,2026-01-19,4,lavado_ropa,30.3,7.57,Monday,0
H040,2026-01-19,4,limpieza_vivienda,8.99,2.25,Monday,0
H040,2026-01-30,4,aseo_personal,238.05,59.51,Friday,0
H040,2026-01-30,4,cocina,88.44,22.11,Friday,0
H040,2026-01-30,4,inodoro,39.42,9.85,Friday,0
H040,2026-01-30,4,lavado_ropa,27.37,6.84,Friday,0
H040,2026-01-30,4,limpieza_vivienda,7.42,1.85,Friday,0
H040,2026-02-02,4,aseo_personal,235.77,58.94,Monday,0
H040,2026-02-02,4,cocina,94.26,23.57,Monday,0
H040,2026-02-02,4,inodoro,35.97,8.99,Monday,0
H040,2026-02-02,4,lavado_ropa,29.09,7.27,Monday,0
H040,2026-02-02,4,limpieza_vivienda,7.24,1.81,Monday,0
H040,2026-02-21,4,aseo_personal,245.7,61.43,Saturday,0
H040,2026-02-21,4,cocina,93.3,23.32,Saturday,0
H040,2026-02-21,4,inodoro,36.56,9.14,Saturday,0
H040,2026-02-21,4,lavado_ropa,30.13,7.53,Saturday,0
H040,2026-02-21,4,limpieza_vivienda,8.33,2.08,Saturday,0
H040,2026-02-23,4,aseo_personal,224.32,56.08,Monday,0
H040,2026-02-23,4,cocina,93.34,23.34,Monday,0
H040,2026-02-23,4,inodoro,38.83,9.71,Monday,0
H040,2026-02-23,4,lavado_ropa,28.18,7.05,Monday,0
H040,2026-02-23,4,limpieza_vivienda,8.39,2.1,Monday,0
H040,2026-02-24,4,aseo_personal,245.37,61.34,Tuesday,0
H040,2026-02-24,4,cocina,88.35,22.09,Tuesday,0
H040,2026-02-24,4,inodoro,29.84,7.46,Tuesday,0
H040,2026-02-24,4,lavado_ropa,24.5,6.13,Tuesday,0
H040,2026-02-24,4,limpieza_vivienda,7.14,1.78,Tuesday,0
H040,2026-03-02,4,aseo_personal,208.38,52.09,Monday,0
H040,2026-03-02,4,cocina,85.78,21.45,Monday,0
H040,2026-03-02,4,inodoro,35.07,8.77,Monday,0
H040,2026-03-02,4,lavado_ropa,26.2,6.55,Monday,0
H040,2026-03-02,4,limpieza_vivienda,7.48,1.87,Monday,0
H040,2026-03-04,4,aseo_personal,220.99,55.25,Wednesday,0
H040,2026-03-04,4,cocina,78.98,19.75,Wednesday,0
H040,2026-03-04,4,inodoro,36.84,9.21,Wednesday,0
H040,2026-03-04,4,lavado_ropa,28.45,7.11,Wednesday,0
H040,2026-03-04,4,limpieza_vivienda,8.0,2.0,Wednesday,0
H040,2026-03-10,4,aseo_personal,269.81,67.45,Tuesday,0
H040,2026-03-10,4,cocina,86.03,21.51,Tuesday,0
H040,2026-03-10,4,inodoro,34.07,8.52,Tuesday,0
H040,2026-03-10,4,lavado_ropa,26.4,6.6,Tuesday,0
H040,2026-03-10,4,limpieza_vivienda,7.01,1.75,Tuesday,0
H040,2026-03-14,4,aseo_personal,276.18,69.05,Saturday,0
H040,2026-03-14,4,cocina,104.74,26.18,Saturday,0
H040,2026-03-14,4,inodoro,53.85,13.46,Saturday,0
H040,2026-03-14,4,lavado_ropa,33.06,8.27,Saturday,0
H040,2026-03-14,4,limpieza_vivienda,9.79,2.45,Saturday,0
H040,2026-03-26,4,aseo_personal,197.53,49.38,Thursday,0
H040,2026-03-26,4,cocina,85.6,21.4,Thursday,0
H040,2026-03-26,4,inodoro,35.01,8.75,Thursday,0
H040,2026-03-26,4,lavado_ropa,25.42,6.36,Thursday,0
H040,2026-03-26,4,limpieza_vivienda,6.7,1.67,Thursday,0
H040,2026-04-06,4,aseo_personal,207.23,51.81,Monday,0
H040,2026-04-06,4,cocina,74.49,18.62,Monday,0
H040,2026-04-06,4,inodoro,40.71,10.18,Monday,0
H040,2026-04-06,4,lavado_ropa,25.59,6.4,Monday,0
H040,2026-04-06,4,limpieza_vivienda,6.63,1.66,Monday,0
H040,2026-04-09,4,aseo_personal,255.86,63.97,Thursday,0
H040,2026-04-09,4,cocina,101.22,25.31,Thursday,0
H040,2026-04-09,4,inodoro,41.61,10.4,Thursday,0
H040,2026-04-09,4,lavado_ropa,28.94,7.23,Thursday,0
H040,2026-04-09,4,limpieza_vivienda,8.53,2.13,Thursday,0
H040,2026-04-10,4,aseo_personal,223.33,55.83,Friday,0
H040,2026-04-10,4,cocina,86.32,21.58,Friday,0
H040,2026-04-10,4,inodoro,34.73,8.68,Friday,0
H040,2026-04-10,4,lavado_ropa,21.2,5.3,Friday,0
H040,2026-04-10,4,limpieza_vivienda,7.43,1.86,Friday,0
H041,2026-01-10,3,aseo_personal,188.07,62.69,Saturday,0
H041,2026-01-10,3,cocina,88.16,29.39,Saturday,0
H041,2026-01-10,3,inodoro,36.1,12.03,Saturday,0
H041,2026-01-10,3,lavado_ropa,26.35,8.78,Saturday,0
H041,2026-01-10,3,limpieza_vivienda,6.8,2.27,Saturday,0
H041,2026-01-12,3,aseo_personal,170.45,56.82,Monday,0
H041,2026-01-12,3,cocina,74.61,24.87,Monday,0
H041,2026-01-12,3,inodoro,29.18,9.73,Monday,0
H041,2026-01-12,3,lavado_ropa,21.32,7.11,Monday,0
H041,2026-01-12,3,limpieza_vivienda,5.83,1.94,Monday,0
H041,2026-01-17,3,aseo_personal,216.21,72.07,Saturday,0
H041,2026-01-17,3,cocina,82.88,27.63,Saturday,0
H041,2026-01-17,3,inodoro,41.37,13.79,Saturday,0
H041,2026-01-17,3,lavado_ropa,25.11,8.37,Saturday,0
H041,2026-01-17,3,limpieza_vivienda,7.15,2.38,Saturday,0
H041,2026-01-26,3,aseo_personal,186.51,62.17,Monday,0
H041,2026-01-26,3,cocina,63.39,21.13,Monday,0
H041,2026-01-26,3,inodoro,32.12,10.71,Monday,0
H041,2026-01-26,3,lavado_ropa,22.02,7.34,Monday,0
H041,2026-01-26,3,limpieza_vivienda,6.03,2.01,Monday,0
H041,2026-02-02,3,aseo_personal,199.36,66.45,Monday,0
H041,2026-02-02,3,cocina,82.13,27.38,Monday,0
H041,2026-02-02,3,inodoro,38.48,12.83,Monday,0
H041,2026-02-02,3,lavado_ropa,26.49,8.83,Monday,0
H041,2026-02-02,3,limpieza_vivienda,9.76,3.25,Monday,0
H041,2026-02-05,3,aseo_personal,215.67,71.89,Thursday,0
H041,2026-02-05,3,cocina,85.48,28.49,Thursday,0
H041,2026-02-05,3,inodoro,34.85,11.62,Thursday,0
H041,2026-02-05,3,lavado_ropa,26.23,8.74,Thursday,0
H041,2026-02-05,3,limpieza_vivienda,6.56,2.19,Thursday,0
H041,2026-02-09,3,aseo_personal,169.18,56.39,Monday,0
H041,2026-02-09,3,cocina,90.66,30.22,Monday,0
H041,2026-02-09,3,inodoro,28.87,9.62,Monday,0
H041,2026-02-09,3,lavado_ropa,19.43,6.48,Monday,0
H041,2026-02-09,3,limpieza_vivienda,6.5,2.17,Monday,0
H041,2026-02-21,3,aseo_personal,196.37,65.46,Saturday,0
H041,2026-02-21,3,cocina,73.61,24.54,Saturday,0
H041,2026-02-21,3,inodoro,33.63,11.21,Saturday,0
H041,2026-02-21,3,lavado_ropa,21.77,7.26,Saturday,0
H041,2026-02-21,3,limpieza_vivienda,7.52,2.51,Saturday,0
H041,2026-02-24,3,aseo_personal,189.96,63.32,Tuesday,0
H041,2026-02-24,3,cocina,74.02,24.67,Tuesday,0
H041,2026-02-24,3,inodoro,30.64,10.21,Tuesday,0
H041,2026-02-24,3,lavado_ropa,19.55,6.52,Tuesday,0
H041,2026-02-24,3,limpieza_vivienda,6.1,2.03,Tuesday,0
H041,2026-02-27,3,aseo_personal,170.22,56.74,Friday,0
H041,2026-02-27,3,cocina,75.94,25.31,Friday,0
H041,2026-02-27,3,inodoro,33.74,11.25,Friday,0
H041,2026-02-27,3,lavado_ropa,23.52,7.84,Friday,0
H041,2026-02-27,3,limpieza_vivienda,6.09,2.03,Friday,0
H041,2026-03-03,3,aseo_personal,446.89,148.96,Tuesday,1
H041,2026-03-03,3,cocina,94.77,31.59,Tuesday,1
H041,2026-03-03,3,inodoro,41.55,13.85,Tuesday,1
H041,2026-03-03,3,lavado_ropa,29.29,9.76,Tuesday,1
H041,2026-03-03,3,limpieza_vivienda,8.83,2.94,Tuesday,1
H041,2026-03-05,3,aseo_personal,208.98,69.66,Thursday,0
H041,2026-03-05,3,cocina,73.48,24.49,Thursday,0
H041,2026-03-05,3,inodoro,29.88,9.96,Thursday,0
H041,2026-03-05,3,lavado_ropa,22.67,7.56,Thursday,0
H041,2026-03-05,3,limpieza_vivienda,6.67,2.22,Thursday,0
H041,2026-03-15,3,aseo_personal,178.3,59.43,Sunday,0
H041,2026-03-15,3,cocina,90.09,30.03,Sunday,0
H041,2026-03-15,3,inodoro,32.51,10.84,Sunday,0
H041,2026-03-15,3,lavado_ropa,21.84,7.28,Sunday,0
H041,2026-03-15,3,limpieza_vivienda,6.84,2.28,Sunday,0
H041,2026-03-18,3,aseo_personal,182.34,60.78,Wednesday,0
H041,2026-03-18,3,cocina,86.15,28.72,Wednesday,0
H041,2026-03-18,3,inodoro,32.11,10.7,Wednesday,0
H041,2026-03-18,3,lavado_ropa,22.67,7.56,Wednesday,0
H041,2026-03-18,3,limpieza_vivienda,6.17,2.06,Wednesday,0
H041,2026-03-22,3,aseo_personal,227.18,75.73,Sunday,0
H041,2026-03-22,3,cocina,89.41,29.8,Sunday,0
H041,2026-03-22,3,inodoro,42.66,14.22,Sunday,0
H041,2026-03-22,3,lavado_ropa,23.09,7.7,Sunday,0
H041,2026-03-22,3,limpieza_vivienda,6.9,2.3,Sunday,0
H041,2026-03-29,3,aseo_personal,195.97,65.32,Sunday,0
H041,2026-03-29,3,cocina,88.79,29.6,Sunday,0
H041,2026-03-29,3,inodoro,36.65,12.22,Sunday,0
H041,2026-03-29,3,lavado_ropa,22.16,7.39,Sunday,0
H041,2026-03-29,3,limpieza_vivienda,7.69,2.56,Sunday,0
H041,2026-03-31,3,aseo_personal,179.13,59.71,Tuesday,0
H041,2026-03-31,3,cocina,64.81,21.6,Tuesday,0
H041,2026-03-31,3,inodoro,33.34,11.11,Tuesday,0
H041,2026-03-31,3,lavado_ropa,22.31,7.44,Tuesday,0
H041,2026-03-31,3,limpieza_vivienda,5.53,1.84,Tuesday,0
H041,2026-04-05,3,aseo_personal,190.39,63.46,Sunday,0
H041,2026-04-05,3,cocina,80.76,26.92,Sunday,0
H041,2026-04-05,3,inodoro,32.33,10.78,Sunday,0
H041,2026-04-05,3,lavado_ropa,21.44,7.15,Sunday,0
H041,2026-04-05,3,limpieza_vivienda,7.01,2.34,Sunday,0
H041,2026-04-06,3,aseo_personal,193.47,64.49,Monday,0
H041,2026-04-06,3,cocina,83.69,27.9,Monday,0
H041,2026-04-06,3,inodoro,44.05,14.68,Monday,0
H041,2026-04-06,3,lavado_ropa,26.0,8.67,Monday,0
H041,2026-04-06,3,limpieza_vivienda,7.05,2.35,Monday,0
H041,2026-04-09,3,aseo_personal,189.72,63.24,Thursday,0
H041,2026-04-09,3,cocina,76.52,25.51,Thursday,0
H041,2026-04-09,3,inodoro,30.5,10.17,Thursday,0
H041,2026-04-09,3,lavado_ropa,21.26,7.09,Thursday,0
H041,2026-04-09,3,limpieza_vivienda,6.96,2.32,Thursday,0
H042,2026-01-11,5,aseo_personal,328.62,65.72,Sunday,0
H042,2026-01-11,5,cocina,147.86,29.57,Sunday,0
H042,2026-01-11,5,inodoro,53.13,10.63,Sunday,0
H042,2026-01-11,5,lavado_ropa,36.37,7.27,Sunday,0
H042,2026-01-11,5,limpieza_vivienda,11.53,2.31,Sunday,0
H042,2026-01-15,5,aseo_personal,299.26,59.85,Thursday,0
H042,2026-01-15,5,cocina,143.07,28.61,Thursday,0
H042,2026-01-15,5,inodoro,56.31,11.26,Thursday,0
H042,2026-01-15,5,lavado_ropa,36.74,7.35,Thursday,0
H042,2026-01-15,5,limpieza_vivienda,12.38,2.48,Thursday,0
H042,2026-01-19,5,aseo_personal,316.28,63.26,Monday,0
H042,2026-01-19,5,cocina,110.21,22.04,Monday,0
H042,2026-01-19,5,inodoro,48.07,9.61,Monday,0
H042,2026-01-19,5,lavado_ropa,32.19,6.44,Monday,0
H042,2026-01-19,5,limpieza_vivienda,10.16,2.03,Monday,0
H042,2026-02-07,5,aseo_personal,303.01,60.6,Saturday,0
H042,2026-02-07,5,cocina,158.19,31.64,Saturday,0
H042,2026-02-07,5,inodoro,71.41,14.28,Saturday,0
H042,2026-02-07,5,lavado_ropa,45.72,9.14,Saturday,0
H042,2026-02-07,5,limpieza_vivienda,13.97,2.79,Saturday,0
H042,2026-02-09,5,aseo_personal,303.74,60.75,Monday,0
H042,2026-02-09,5,cocina,138.76,27.75,Monday,0
H042,2026-02-09,5,inodoro,57.15,11.43,Monday,0
H042,2026-02-09,5,lavado_ropa,37.36,7.47,Monday,0
H042,2026-02-09,5,limpieza_vivienda,11.14,2.23,Monday,0
H042,2026-02-10,5,aseo_personal,199.89,39.98,Tuesday,0
H042,2026-02-10,5,cocina,78.51,15.7,Tuesday,0
H042,2026-02-10,5,inodoro,35.13,7.03,Tuesday,0
H042,2026-02-10,5,lavado_ropa,25.02,5.0,Tuesday,0
H042,2026-02-10,5,limpieza_vivienda,6.04,1.21,Tuesday,0
H042,2026-02-11,5,aseo_personal,321.04,64.21,Wednesday,0
H042,2026-02-11,5,cocina,139.59,27.92,Wednesday,0
H042,2026-02-11,5,inodoro,51.39,10.28,Wednesday,0
H042,2026-02-11,5,lavado_ropa,35.74,7.15,Wednesday,0
H042,2026-02-11,5,limpieza_vivienda,11.94,2.39,Wednesday,0
H042,2026-02-12,5,aseo_personal,379.32,75.86,Thursday,0
H042,2026-02-12,5,cocina,117.91,23.58,Thursday,0
H042,2026-02-12,5,inodoro,55.96,11.19,Thursday,0
H042,2026-02-12,5,lavado_ropa,47.52,9.5,Thursday,0
H042,2026-02-12,5,limpieza_vivienda,11.83,2.37,Thursday,0
H042,2026-02-13,5,aseo_personal,249.1,49.82,Friday,0
H042,2026-02-13,5,cocina,109.24,21.85,Friday,0
H042,2026-02-13,5,inodoro,45.38,9.08,Friday,0
H042,2026-02-13,5,lavado_ropa,33.15,6.63,Friday,0
H042,2026-02-13,5,limpieza_vivienda,9.4,1.88,Friday,0
H042,2026-02-14,5,aseo_personal,386.43,77.29,Saturday,0
H042,2026-02-14,5,cocina,150.1,30.02,Saturday,0
H042,2026-02-14,5,inodoro,61.18,12.24,Saturday,0
H042,2026-02-14,5,lavado_ropa,42.49,8.5,Saturday,0
H042,2026-02-14,5,limpieza_vivienda,14.8,2.96,Saturday,0
H042,2026-02-23,5,aseo_personal,251.05,50.21,Monday,0
H042,2026-02-23,5,cocina,108.06,21.61,Monday,0
H042,2026-02-23,5,inodoro,45.31,9.06,Monday,0
H042,2026-02-23,5,lavado_ropa,33.18,6.64,Monday,0
H042,2026-02-23,5,limpieza_vivienda,9.01,1.8,Monday,0
H042,2026-02-24,5,aseo_personal,274.56,54.91,Tuesday,0
H042,2026-02-24,5,cocina,99.91,19.98,Tuesday,0
H042,2026-02-24,5,inodoro,48.37,9.67,Tuesday,0
H042,2026-02-24,5,lavado_ropa,34.01,6.8,Tuesday,0
H042,2026-02-24,5,limpieza_vivienda,9.86,1.97,Tuesday,0
H042,2026-02-28,5,aseo_personal,351.02,70.2,Saturday,0
H042,2026-02-28,5,cocina,139.81,27.96,Saturday,0
H042,2026-02-28,5,inodoro,63.21,12.64,Saturday,0
H042,2026-02-28,5,lavado_ropa,38.51,7.7,Saturday,0
H042,2026-02-28,5,limpieza_vivienda,12.71,2.54,Saturday,0
H042,2026-03-03,5,aseo_personal,316.23,63.25,Tuesday,0
H042,2026-03-03,5,cocina,117.9,23.58,Tuesday,0
H042,2026-03-03,5,inodoro,44.91,8.98,Tuesday,0
H042,2026-03-03,5,lavado_ropa,33.16,6.63,Tuesday,0
H042,2026-03-03,5,limpieza_vivienda,11.53,2.31,Tuesday,0
H042,2026-03-08,5,aseo_personal,323.26,64.65,Sunday,0
H042,2026-03-08,5,cocina,140.02,28.0,Sunday,0
H042,2026-03-08,5,inodoro,59.4,11.88,Sunday,0
H042,2026-03-08,5,lavado_ropa,46.02,9.2,Sunday,0
H042,2026-03-08,5,limpieza_vivienda,11.55,2.31,Sunday,0
H042,2026-03-09,5,aseo_personal,313.08,62.62,Monday,0
H042,2026-03-09,5,cocina,117.44,23.49,Monday,0
H042,2026-03-09,5,inodoro,61.96,12.39,Monday,0
H042,2026-03-09,5,lavado_ropa,38.17,7.63,Monday,0
H042,2026-03-09,5,limpieza_vivienda,12.58,2.52,Monday,0
H042,2026-03-10,5,aseo_personal,314.33,62.87,Tuesday,0
H042,2026-03-10,5,cocina,130.38,26.08,Tuesday,0
H042,2026-03-10,5,inodoro,69.33,13.87,Tuesday,0
H042,2026-03-10,5,lavado_ropa,46.77,9.35,Tuesday,0
H042,2026-03-10,5,limpieza_vivienda,12.83,2.57,Tuesday,0
H042,2026-03-21,5,aseo_personal,825.31,165.06,Saturday,1
H042,2026-03-21,5,cocina,183.38,36.68,Saturday,1
H042,2026-03-21,5,inodoro,77.57,15.51,Saturday,1
H042,2026-03-21,5,lavado_ropa,51.35,10.27,Saturday,1
H042,2026-03-21,5,limpieza_vivienda,16.1,3.22,Saturday,1
H042,2026-03-22,5,aseo_personal,302.1,60.42,Sunday,0
H042,2026-03-22,5,cocina,130.31,26.06,Sunday,0
H042,2026-03-22,5,inodoro,57.76,11.55,Sunday,0
H042,2026-03-22,5,lavado_ropa,40.12,8.02,Sunday,0
H042,2026-03-22,5,limpieza_vivienda,12.8,2.56,Sunday,0
H042,2026-03-25,5,aseo_personal,284.42,56.88,Wednesday,0
H042,2026-03-25,5,cocina,113.19,22.64,Wednesday,0
H042,2026-03-25,5,inodoro,45.11,9.02,Wednesday,0
H042,2026-03-25,5,lavado_ropa,36.48,7.3,Wednesday,0
H042,2026-03-25,5,limpieza_vivienda,9.63,1.93,Wednesday,0
H043,2026-01-04,4,aseo_personal,339.45,84.86,Sunday,0
H043,2026-01-04,4,cocina,118.54,29.64,Sunday,0
H043,2026-01-04,4,inodoro,69.35,17.34,Sunday,0
H043,2026-01-04,4,lavado_ropa,44.11,11.03,Sunday,0
H043,2026-01-04,4,limpieza_vivienda,11.74,2.94,Sunday,0
H043,2026-01-08,4,aseo_personal,282.56,70.64,Thursday,0
H043,2026-01-08,4,cocina,100.48,25.12,Thursday,0
H043,2026-01-08,4,inodoro,47.48,11.87,Thursday,0
H043,2026-01-08,4,lavado_ropa,33.25,8.31,Thursday,0
H043,2026-01-08,4,limpieza_vivienda,8.55,2.14,Thursday,0
H043,2026-01-17,4,aseo_personal,243.13,60.78,Saturday,0
H043,2026-01-17,4,cocina,100.87,25.22,Saturday,0
H043,2026-01-17,4,inodoro,43.84,10.96,Saturday,0
H043,2026-01-17,4,lavado_ropa,30.3,7.58,Saturday,0
H043,2026-01-17,4,limpieza_vivienda,9.29,2.32,Saturday,0
H043,2026-01-27,4,aseo_personal,271.83,67.96,Tuesday,0
H043,2026-01-27,4,cocina,99.52,24.88,Tuesday,0
H043,2026-01-27,4,inodoro,41.08,10.27,Tuesday,0
H043,2026-01-27,4,lavado_ropa,33.78,8.45,Tuesday,0
H043,2026-01-27,4,limpieza_vivienda,8.11,2.03,Tuesday,0
H043,2026-01-29,4,aseo_personal,199.94,49.98,Thursday,0
H043,2026-01-29,4,cocina,89.92,22.48,Thursday,0
H043,2026-01-29,4,inodoro,42.48,10.62,Thursday,0
H043,2026-01-29,4,lavado_ropa,30.53,7.63,Thursday,0
H043,2026-01-29,4,limpieza_vivienda,9.83,2.46,Thursday,0
H043,2026-01-30,4,aseo_personal,222.05,55.51,Friday,0
H043,2026-01-30,4,cocina,88.82,22.21,Friday,0
H043,2026-01-30,4,inodoro,39.95,9.99,Friday,0
H043,2026-01-30,4,lavado_ropa,25.87,6.47,Friday,0
H043,2026-01-30,4,limpieza_vivienda,7.08,1.77,Friday,0
H043,2026-02-01,4,aseo_personal,282.09,70.52,Sunday,0
H043,2026-02-01,4,cocina,123.17,30.79,Sunday,0
H043,2026-02-01,4,inodoro,50.0,12.5,Sunday,0
H043,2026-02-01,4,lavado_ropa,32.71,8.18,Sunday,0
H043,2026-02-01,4,limpieza_vivienda,10.03,2.51,Sunday,0
H043,2026-02-11,4,aseo_personal,275.83,68.96,Wednesday,0
H043,2026-02-11,4,cocina,118.8,29.7,Wednesday,0
H043,2026-02-11,4,inodoro,60.94,15.23,Wednesday,0
H043,2026-02-11,4,lavado_ropa,37.02,9.26,Wednesday,0
H043,2026-02-11,4,limpieza_vivienda,10.82,2.7,Wednesday,0
H043,2026-02-13,4,aseo_personal,269.13,67.28,Friday,0
H043,2026-02-13,4,cocina,85.6,21.4,Friday,0
H043,2026-02-13,4,inodoro,44.24,11.06,Friday,0
H043,2026-02-13,4,lavado_ropa,32.79,8.2,Friday,0
H043,2026-02-13,4,limpieza_vivienda,9.01,2.25,Friday,0
H043,2026-02-23,4,aseo_personal,238.72,59.68,Monday,0
H043,2026-02-23,4,cocina,96.4,24.1,Monday,0
H043,2026-02-23,4,inodoro,46.36,11.59,Monday,0
H043,2026-02-23,4,lavado_ropa,35.71,8.93,Monday,0
H043,2026-02-23,4,limpieza_vivienda,9.25,2.31,Monday,0
H043,2026-02-26,4,aseo_personal,237.44,59.36,Thursday,0
H043,2026-02-26,4,cocina,98.35,24.59,Thursday,0
H043,2026-02-26,4,inodoro,48.44,12.11,Thursday,0
H043,2026-02-26,4,lavado_ropa,26.32,6.58,Thursday,0
H043,2026-02-26,4,limpieza_vivienda,7.55,1.89,Thursday,0
H043,2026-03-01,4,aseo_personal,229.12,57.28,Sunday,0
H043,2026-03-01,4,cocina,103.04,25.76,Sunday,0
H043,2026-03-01,4,inodoro,46.68,11.67,Sunday,0
H043,2026-03-01,4,lavado_ropa,36.72,9.18,Sunday,0
H043,2026-03-01,4,limpieza_vivienda,10.44,2.61,Sunday,0
H043,2026-03-02,4,aseo_personal,268.03,67.01,Monday,0
H043,2026-03-02,4,cocina,120.86,30.22,Monday,0
H043,2026-03-02,4,inodoro,52.57,13.14,Monday,0
H043,2026-03-02,4,lavado_ropa,32.12,8.03,Monday,0
H043,2026-03-02,4,limpieza_vivienda,10.54,2.63,Monday,0
H043,2026-03-11,4,aseo_personal,252.13,63.03,Wednesday,0
H043,2026-03-11,4,cocina,88.61,22.15,Wednesday,0
H043,2026-03-11,4,inodoro,41.54,10.39,Wednesday,0
H043,2026-03-11,4,lavado_ropa,28.06,7.02,Wednesday,0
H043,2026-03-11,4,limpieza_vivienda,9.4,2.35,Wednesday,0
H043,2026-03-20,4,aseo_personal,275.61,68.9,Friday,0
H043,2026-03-20,4,cocina,97.45,24.36,Friday,0
H043,2026-03-20,4,inodoro,41.68,10.42,Friday,0
H043,2026-03-20,4,lavado_ropa,28.9,7.23,Friday,0
H043,2026-03-20,4,limpieza_vivienda,8.79,2.2,Friday,0
H043,2026-03-29,4,aseo_personal,278.74,69.69,Sunday,0
H043,2026-03-29,4,cocina,104.67,26.17,Sunday,0
H043,2026-03-29,4,inodoro,42.85,10.71,Sunday,0
H043,2026-03-29,4,lavado_ropa,28.24,7.06,Sunday,0
H043,2026-03-29,4,limpieza_vivienda,8.77,2.19,Sunday,0
H043,2026-04-01,4,aseo_personal,305.87,76.47,Wednesday,0
H043,2026-04-01,4,cocina,116.05,29.01,Wednesday,0
H043,2026-04-01,4,inodoro,53.87,13.47,Wednesday,0
H043,2026-04-01,4,lavado_ropa,38.43,9.61,Wednesday,0
H043,2026-04-01,4,limpieza_vivienda,10.15,2.54,Wednesday,0
H043,2026-04-03,4,aseo_personal,246.38,61.6,Friday,0
H043,2026-04-03,4,cocina,86.27,21.57,Friday,0
H043,2026-04-03,4,inodoro,42.34,10.59,Friday,0
H043,2026-04-03,4,lavado_ropa,33.14,8.28,Friday,0
H043,2026-04-03,4,limpieza_vivienda,9.23,2.31,Friday,0
H043,2026-04-04,4,aseo_personal,272.13,68.03,Saturday,0
H043,2026-04-04,4,cocina,85.63,21.41,Saturday,0
H043,2026-04-04,4,inodoro,43.35,10.84,Saturday,0
H043,2026-04-04,4,lavado_ropa,28.42,7.1,Saturday,0
H043,2026-04-04,4,limpieza_vivienda,9.23,2.31,Saturday,0
H043,2026-04-07,4,aseo_personal,209.07,52.27,Tuesday,0
H043,2026-04-07,4,cocina,89.83,22.46,Tuesday,0
H043,2026-04-07,4,inodoro,36.42,9.11,Tuesday,0
H043,2026-04-07,4,lavado_ropa,25.1,6.27,Tuesday,0
H043,2026-04-07,4,limpieza_vivienda,6.69,1.67,Tuesday,0
H044,2026-01-01,2,aseo_personal,114.98,57.49,Thursday,0
H044,2026-01-01,2,cocina,46.22,23.11,Thursday,0
H044,2026-01-01,2,inodoro,19.25,9.62,Thursday,0
H044,2026-01-01,2,lavado_ropa,14.09,7.04,Thursday,0
H044,2026-01-01,2,limpieza_vivienda,4.26,2.13,Thursday,0
H044,2026-01-04,2,aseo_personal,130.84,65.42,Sunday,0
H044,2026-01-04,2,cocina,55.74,27.87,Sunday,0
H044,2026-01-04,2,inodoro,21.4,10.7,Sunday,0
H044,2026-01-04,2,lavado_ropa,16.5,8.25,Sunday,0
H044,2026-01-04,2,limpieza_vivienda,4.66,2.33,Sunday,0
H044,2026-01-12,2,aseo_personal,119.69,59.85,Monday,0
H044,2026-01-12,2,cocina,40.52,20.26,Monday,0
H044,2026-01-12,2,inodoro,20.61,10.31,Monday,0
H044,2026-01-12,2,lavado_ropa,13.71,6.86,Monday,0
H044,2026-01-12,2,limpieza_vivienda,4.11,2.05,Monday,0
H044,2026-01-13,2,aseo_personal,126.64,63.32,Tuesday,0
H044,2026-01-13,2,cocina,47.37,23.69,Tuesday,0
H044,2026-01-13,2,inodoro,22.18,11.09,Tuesday,0
H044,2026-01-13,2,lavado_ropa,16.71,8.36,Tuesday,0
H044,2026-01-13,2,limpieza_vivienda,4.16,2.08,Tuesday,0
H044,2026-01-22,2,aseo_personal,123.79,61.89,Thursday,0
H044,2026-01-22,2,cocina,51.58,25.79,Thursday,0
H044,2026-01-22,2,inodoro,21.86,10.93,Thursday,0
H044,2026-01-22,2,lavado_ropa,18.45,9.23,Thursday,0
H044,2026-01-22,2,limpieza_vivienda,4.38,2.19,Thursday,0
H044,2026-01-27,2,aseo_personal,131.12,65.56,Tuesday,0
H044,2026-01-27,2,cocina,45.35,22.67,Tuesday,0
H044,2026-01-27,2,inodoro,21.64,10.82,Tuesday,0
H044,2026-01-27,2,lavado_ropa,14.85,7.42,Tuesday,0
H044,2026-01-27,2,limpieza_vivienda,3.7,1.85,Tuesday,0
H044,2026-01-29,2,aseo_personal,106.8,53.4,Thursday,0
H044,2026-01-29,2,cocina,46.08,23.04,Thursday,0
H044,2026-01-29,2,inodoro,18.58,9.29,Thursday,0
H044,2026-01-29,2,lavado_ropa,13.53,6.76,Thursday,0
H044,2026-01-29,2,limpieza_vivienda,3.69,1.84,Thursday,0
H044,2026-01-31,2,aseo_personal,119.55,59.78,Saturday,0
H044,2026-01-31,2,cocina,73.55,36.77,Saturday,0
H044,2026-01-31,2,inodoro,26.13,13.06,Saturday,0
H044,2026-01-31,2,lavado_ropa,18.54,9.27,Saturday,0
H044,2026-01-31,2,limpieza_vivienda,5.38,2.69,Saturday,0
H044,2026-02-06,2,aseo_personal,134.62,67.31,Friday,0
H044,2026-02-06,2,cocina,52.87,26.44,Friday,0
H044,2026-02-06,2,inodoro,22.1,11.05,Friday,0
H044,2026-02-06,2,lavado_ropa,16.0,8.0,Friday,0
H044,2026-02-06,2,limpieza_vivienda,4.82,2.41,Friday,0
H044,2026-02-16,2,aseo_personal,119.33,59.67,Monday,0
H044,2026-02-16,2,cocina,43.4,21.7,Monday,0
H044,2026-02-16,2,inodoro,18.17,9.09,Monday,0
H044,2026-02-16,2,lavado_ropa,12.17,6.09,Monday,0
H044,2026-02-16,2,limpieza_vivienda,3.32,1.66,Monday,0
H044,2026-02-20,2,aseo_personal,112.1,56.05,Friday,0
H044,2026-02-20,2,cocina,47.95,23.97,Friday,0
H044,2026-02-20,2,inodoro,21.17,10.59,Friday,0
H044,2026-02-20,2,lavado_ropa,14.81,7.4,Friday,0
H044,2026-02-20,2,limpieza_vivienda,3.78,1.89,Friday,0
H044,2026-02-24,2,aseo_personal,116.32,58.16,Tuesday,0
H044,2026-02-24,2,cocina,52.17,26.09,Tuesday,0
H044,2026-02-24,2,inodoro,21.87,10.93,Tuesday,0
H044,2026-02-24,2,lavado_ropa,13.86,6.93,Tuesday,0
H044,2026-02-24,2,limpieza_vivienda,3.9,1.95,Tuesday,0
H044,2026-02-26,2,aseo_personal,120.55,60.27,Thursday,0
H044,2026-02-26,2,cocina,48.03,24.01,Thursday,0
H044,2026-02-26,2,inodoro,19.94,9.97,Thursday,0
H044,2026-02-26,2,lavado_ropa,14.51,7.25,Thursday,0
H044,2026-02-26,2,limpieza_vivienda,4.36,2.18,Thursday,0
H044,2026-03-05,2,aseo_personal,103.54,51.77,Thursday,0
H044,2026-03-05,2,cocina,42.48,21.24,Thursday,0
H044,2026-03-05,2,inodoro,18.29,9.14,Thursday,0
H044,2026-03-05,2,lavado_ropa,11.94,5.97,Thursday,0
H044,2026-03-05,2,limpieza_vivienda,3.56,1.78,Thursday,0
H044,2026-03-06,2,aseo_personal,101.96,50.98,Friday,0
H044,2026-03-06,2,cocina,41.57,20.79,Friday,0
H044,2026-03-06,2,inodoro,17.69,8.84,Friday,0
H044,2026-03-06,2,lavado_ropa,13.49,6.74,Friday,0
H044,2026-03-06,2,limpieza_vivienda,4.23,2.11,Friday,0
H044,2026-03-12,2,aseo_personal,113.42,56.71,Thursday,0
H044,2026-03-12,2,cocina,42.2,21.1,Thursday,0
H044,2026-03-12,2,inodoro,18.96,9.48,Thursday,0
H044,2026-03-12,2,lavado_ropa,15.96,7.98,Thursday,0
H044,2026-03-12,2,limpieza_vivienda,4.55,2.27,Thursday,0
H044,2026-03-22,2,aseo_personal,99.0,49.5,Sunday,0
H044,2026-03-22,2,cocina,51.65,25.82,Sunday,0
H044,2026-03-22,2,inodoro,17.87,8.94,Sunday,0
H044,2026-03-22,2,lavado_ropa,14.05,7.03,Sunday,0
H044,2026-03-22,2,limpieza_vivienda,4.1,2.05,Sunday,0
H044,2026-03-31,2,aseo_personal,100.89,50.44,Tuesday,0
H044,2026-03-31,2,cocina,38.3,19.15,Tuesday,0
H044,2026-03-31,2,inodoro,19.9,9.95,Tuesday,0
H044,2026-03-31,2,lavado_ropa,13.14,6.57,Tuesday,0
H044,2026-03-31,2,limpieza_vivienda,3.69,1.85,Tuesday,0
H044,2026-04-03,2,aseo_personal,107.37,53.68,Friday,0
H044,2026-04-03,2,cocina,37.47,18.73,Friday,0
H044,2026-04-03,2,inodoro,15.86,7.93,Friday,0
H044,2026-04-03,2,lavado_ropa,12.22,6.11,Friday,0
H044,2026-04-03,2,limpieza_vivienda,3.74,1.87,Friday,0
H044,2026-04-04,2,aseo_personal,130.27,65.14,Saturday,0
H044,2026-04-04,2,cocina,61.39,30.69,Saturday,0
H044,2026-04-04,2,inodoro,23.46,11.73,Saturday,0
H044,2026-04-04,2,lavado_ropa,15.59,7.8,Saturday,0
H044,2026-04-04,2,limpieza_vivienda,4.95,2.47,Saturday,0
H044,2026-04-07,2,aseo_personal,113.44,56.72,Tuesday,0
H044,2026-04-07,2,cocina,46.25,23.12,Tuesday,0
H044,2026-04-07,2,inodoro,19.3,9.65,Tuesday,0
H044,2026-04-07,2,lavado_ropa,14.46,7.23,Tuesday,0
H044,2026-04-07,2,limpieza_vivienda,4.17,2.09,Tuesday,0
H044,2026-04-09,2,aseo_personal,123.04,61.52,Thursday,0
H044,2026-04-09,2,cocina,52.81,26.41,Thursday,0
H044,2026-04-09,2,inodoro,22.93,11.47,Thursday,0
H044,2026-04-09,2,lavado_ropa,19.95,9.97,Thursday,0
H044,2026-04-09,2,limpieza_vivienda,4.54,2.27,Thursday,0
H045,2026-01-06,5,aseo_personal,257.37,51.47,Tuesday,0
H045,2026-01-06,5,cocina,100.89,20.18,Tuesday,0
H045,2026-01-06,5,inodoro,48.34,9.67,Tuesday,0
H045,2026-01-06,5,lavado_ropa,34.51,6.9,Tuesday,0
H045,2026-01-06,5,limpieza_vivienda,8.58,1.72,Tuesday,0
H045,2026-01-13,5,aseo_personal,266.01,53.2,Tuesday,0
H045,2026-01-13,5,cocina,102.02,20.4,Tuesday,0
H045,2026-01-13,5,inodoro,45.94,9.19,Tuesday,0
H045,2026-01-13,5,lavado_ropa,35.4,7.08,Tuesday,0
H045,2026-01-13,5,limpieza_vivienda,10.08,2.02,Tuesday,0
H045,2026-01-19,5,aseo_personal,327.63,65.53,Monday,0
H045,2026-01-19,5,cocina,121.67,24.33,Monday,0
H045,2026-01-19,5,inodoro,48.84,9.77,Monday,0
H045,2026-01-19,5,lavado_ropa,32.36,6.47,Monday,0
H045,2026-01-19,5,limpieza_vivienda,9.68,1.94,Monday,0
H045,2026-01-20,5,aseo_personal,287.26,57.45,Tuesday,0
H045,2026-01-20,5,cocina,107.99,21.6,Tuesday,0
H045,2026-01-20,5,inodoro,49.86,9.97,Tuesday,0
H045,2026-01-20,5,lavado_ropa,31.11,6.22,Tuesday,0
H045,2026-01-20,5,limpieza_vivienda,9.98,2.0,Tuesday,0
H045,2026-01-21,5,aseo_personal,233.36,46.67,Wednesday,0
H045,2026-01-21,5,cocina,105.67,21.13,Wednesday,0
H045,2026-01-21,5,inodoro,48.59,9.72,Wednesday,0
H045,2026-01-21,5,lavado_ropa,28.87,5.77,Wednesday,0
H045,2026-01-21,5,limpieza_vivienda,9.02,1.8,Wednesday,0
H045,2026-01-25,5,aseo_personal,233.01,46.6,Sunday,0
H045,2026-01-25,5,cocina,100.63,20.13,Sunday,0
H045,2026-01-25,5,inodoro,33.93,6.79,Sunday,0
H045,2026-01-25,5,lavado_ropa,26.7,5.34,Sunday,0
H045,2026-01-25,5,limpieza_vivienda,7.89,1.58,Sunday,0
H045,2026-01-30,5,aseo_personal,234.4,46.88,Friday,0
H045,2026-01-30,5,cocina,95.48,19.1,Friday,0
H045,2026-01-30,5,inodoro,50.54,10.11,Friday,0
H045,2026-01-30,5,lavado_ropa,26.92,5.38,Friday,0
H045,2026-01-30,5,limpieza_vivienda,8.29,1.66,Friday,0
H045,2026-01-31,5,aseo_personal,290.77,58.15,Saturday,0
H045,2026-01-31,5,cocina,139.23,27.85,Saturday,0
H045,2026-01-31,5,inodoro,49.86,9.97,Saturday,0
H045,2026-01-31,5,lavado_ropa,35.71,7.14,Saturday,0
H045,2026-01-31,5,limpieza_vivienda,11.78,2.36,Saturday,0
H045,2026-02-12,5,aseo_personal,281.11,56.22,Thursday,0
H045,2026-02-12,5,cocina,88.47,17.69,Thursday,0
H045,2026-02-12,5,inodoro,44.15,8.83,Thursday,0
H045,2026-02-12,5,lavado_ropa,30.34,6.07,Thursday,0
H045,2026-02-12,5,limpieza_vivienda,9.72,1.94,Thursday,0
H045,2026-02-16,5,aseo_personal,298.26,59.65,Monday,0
H045,2026-02-16,5,cocina,106.64,21.33,Monday,0
H045,2026-02-16,5,inodoro,47.33,9.47,Monday,0
H045,2026-02-16,5,lavado_ropa,32.51,6.5,Monday,0
H045,2026-02-16,5,limpieza_vivienda,8.59,1.72,Monday,0
H045,2026-02-25,5,aseo_personal,293.02,58.6,Wednesday,0
H045,2026-02-25,5,cocina,95.95,19.19,Wednesday,0
H045,2026-02-25,5,inodoro,44.06,8.81,Wednesday,0
H045,2026-02-25,5,lavado_ropa,34.13,6.83,Wednesday,0
H045,2026-02-25,5,limpieza_vivienda,8.97,1.79,Wednesday,0
H045,2026-02-26,5,aseo_personal,312.81,62.56,Thursday,0
H045,2026-02-26,5,cocina,103.54,20.71,Thursday,0
H045,2026-02-26,5,inodoro,46.07,9.21,Thursday,0
H045,2026-02-26,5,lavado_ropa,39.91,7.98,Thursday,0
H045,2026-02-26,5,limpieza_vivienda,9.65,1.93,Thursday,0
H045,2026-02-28,5,aseo_personal,314.13,62.83,Saturday,0
H045,2026-02-28,5,cocina,139.65,27.93,Saturday,0
H045,2026-02-28,5,inodoro,44.66,8.93,Saturday,0
H045,2026-02-28,5,lavado_ropa,36.98,7.4,Saturday,0
H045,2026-02-28,5,limpieza_vivienda,12.17,2.43,Saturday,0
H045,2026-03-01,5,aseo_personal,272.31,54.46,Sunday,0
H045,2026-03-01,5,cocina,117.53,23.51,Sunday,0
H045,2026-03-01,5,inodoro,43.76,8.75,Sunday,0
H045,2026-03-01,5,lavado_ropa,30.42,6.08,Sunday,0
H045,2026-03-01,5,limpieza_vivienda,9.75,1.95,Sunday,0
H045,2026-03-06,5,aseo_personal,271.49,54.3,Friday,0
H045,2026-03-06,5,cocina,104.45,20.89,Friday,0
H045,2026-03-06,5,inodoro,41.25,8.25,Friday,0
H045,2026-03-06,5,lavado_ropa,31.21,6.24,Friday,0
H045,2026-03-06,5,limpieza_vivienda,9.49,1.9,Friday,0
H045,2026-03-09,5,aseo_personal,249.45,49.89,Monday,0
H045,2026-03-09,5,cocina,111.1,22.22,Monday,0
H045,2026-03-09,5,inodoro,44.59,8.92,Monday,0
H045,2026-03-09,5,lavado_ropa,28.97,5.79,Monday,0
H045,2026-03-09,5,limpieza_vivienda,11.0,2.2,Monday,0
H045,2026-03-12,5,aseo_personal,319.73,63.95,Thursday,0
H045,2026-03-12,5,cocina,115.94,23.19,Thursday,0
H045,2026-03-12,5,inodoro,56.34,11.27,Thursday,0
H045,2026-03-12,5,lavado_ropa,38.91,7.78,Thursday,0
H045,2026-03-12,5,limpieza_vivienda,10.39,2.08,Thursday,0
H045,2026-03-15,5,aseo_personal,259.5,51.9,Sunday,0
H045,2026-03-15,5,cocina,110.97,22.19,Sunday,0
H045,2026-03-15,5,inodoro,50.52,10.1,Sunday,0
H045,2026-03-15,5,lavado_ropa,35.11,7.02,Sunday,0
H045,2026-03-15,5,limpieza_vivienda,10.72,2.14,Sunday,0
H045,2026-03-19,5,aseo_personal,559.57,111.91,Thursday,1
H045,2026-03-19,5,cocina,238.55,47.71,Thursday,1
H045,2026-03-19,5,inodoro,104.68,20.94,Thursday,1
H045,2026-03-19,5,lavado_ropa,63.21,12.64,Thursday,1
H045,2026-03-19,5,limpieza_vivienda,40.86,8.17,Thursday,1
H045,2026-03-21,5,aseo_personal,348.32,69.66,Saturday,0
H045,2026-03-21,5,cocina,131.56,26.31,Saturday,0
H045,2026-03-21,5,inodoro,61.36,12.27,Saturday,0
H045,2026-03-21,5,lavado_ropa,39.93,7.99,Saturday,0
H045,2026-03-21,5,limpieza_vivienda,12.1,2.42,Saturday,0
H045,2026-03-22,5,aseo_personal,349.7,69.94,Sunday,0
H045,2026-03-22,5,cocina,139.04,27.81,Sunday,0
H045,2026-03-22,5,inodoro,58.21,11.64,Sunday,0
H045,2026-03-22,5,lavado_ropa,38.38,7.68,Sunday,0
H045,2026-03-22,5,limpieza_vivienda,13.22,2.64,Sunday,0
H045,2026-03-30,5,aseo_personal,256.03,51.21,Monday,0
H045,2026-03-30,5,cocina,109.77,21.95,Monday,0
H045,2026-03-30,5,inodoro,40.94,8.19,Monday,0
H045,2026-03-30,5,lavado_ropa,36.98,7.4,Monday,0
H045,2026-03-30,5,limpieza_vivienda,8.46,1.69,Monday,0
H045,2026-03-31,5,aseo_personal,285.56,57.11,Tuesday,0
H045,2026-03-31,5,cocina,111.38,22.28,Tuesday,0
H045,2026-03-31,5,inodoro,45.21,9.04,Tuesday,0
H045,2026-03-31,5,lavado_ropa,34.86,6.97,Tuesday,0
H045,2026-03-31,5,limpieza_vivienda,9.79,1.96,Tuesday,0
H045,2026-04-06,5,aseo_personal,293.97,58.79,Monday,0
H045,2026-04-06,5,cocina,124.54,24.91,Monday,0
H045,2026-04-06,5,inodoro,53.39,10.68,Monday,0
H045,2026-04-06,5,lavado_ropa,34.26,6.85,Monday,0
H045,2026-04-06,5,limpieza_vivienda,10.48,2.1,Monday,0
H046,2026-01-01,5,aseo_personal,279.17,55.83,Thursday,0
H046,2026-01-01,5,cocina,127.68,25.54,Thursday,0
H046,2026-01-01,5,inodoro,53.14,10.63,Thursday,0
H046,2026-01-01,5,lavado_ropa,34.09,6.82,Thursday,0
H046,2026-01-01,5,limpieza_vivienda,11.46,2.29,Thursday,0
H046,2026-01-02,5,aseo_personal,288.27,57.65,Friday,0
H046,2026-01-02,5,cocina,100.33,20.07,Friday,0
H046,2026-01-02,5,inodoro,44.34,8.87,Friday,0
H046,2026-01-02,5,lavado_ropa,42.68,8.54,Friday,0
H046,2026-01-02,5,limpieza_vivienda,12.48,2.5,Friday,0
H046,2026-01-06,5,aseo_personal,290.41,58.08,Tuesday,0
H046,2026-01-06,5,cocina,120.18,24.04,Tuesday,0
H046,2026-01-06,5,inodoro,48.86,9.77,Tuesday,0
H046,2026-01-06,5,lavado_ropa,33.52,6.7,Tuesday,0
H046,2026-01-06,5,limpieza_vivienda,11.4,2.28,Tuesday,0
H046,2026-01-19,5,aseo_personal,312.92,62.58,Monday,0
H046,2026-01-19,5,cocina,113.94,22.79,Monday,0
H046,2026-01-19,5,inodoro,46.31,9.26,Monday,0
H046,2026-01-19,5,lavado_ropa,30.49,6.1,Monday,0
H046,2026-01-19,5,limpieza_vivienda,11.25,2.25,Monday,0
H046,2026-01-30,5,aseo_personal,294.01,58.8,Friday,0
H046,2026-01-30,5,cocina,125.35,25.07,Friday,0
H046,2026-01-30,5,inodoro,46.44,9.29,Friday,0
H046,2026-01-30,5,lavado_ropa,37.35,7.47,Friday,0
H046,2026-01-30,5,limpieza_vivienda,9.59,1.92,Friday,0
H046,2026-02-03,5,aseo_personal,285.02,57.0,Tuesday,0
H046,2026-02-03,5,cocina,96.9,19.38,Tuesday,0
H046,2026-02-03,5,inodoro,43.23,8.65,Tuesday,0
H046,2026-02-03,5,lavado_ropa,36.87,7.37,Tuesday,0
H046,2026-02-03,5,limpieza_vivienda,9.53,1.91,Tuesday,0
H046,2026-02-05,5,aseo_personal,301.54,60.31,Thursday,0
H046,2026-02-05,5,cocina,142.74,28.55,Thursday,0
H046,2026-02-05,5,inodoro,60.33,12.07,Thursday,0
H046,2026-02-05,5,lavado_ropa,35.47,7.09,Thursday,0
H046,2026-02-05,5,limpieza_vivienda,9.82,1.96,Thursday,0
H046,2026-02-24,5,aseo_personal,283.52,56.7,Tuesday,0
H046,2026-02-24,5,cocina,98.67,19.73,Tuesday,0
H046,2026-02-24,5,inodoro,45.19,9.04,Tuesday,0
H046,2026-02-24,5,lavado_ropa,31.72,6.34,Tuesday,0
H046,2026-02-24,5,limpieza_vivienda,8.84,1.77,Tuesday,0
H046,2026-02-26,5,aseo_personal,229.06,45.81,Thursday,0
H046,2026-02-26,5,cocina,90.86,18.17,Thursday,0
H046,2026-02-26,5,inodoro,40.18,8.04,Thursday,0
H046,2026-02-26,5,lavado_ropa,26.65,5.33,Thursday,0
H046,2026-02-26,5,limpieza_vivienda,7.82,1.56,Thursday,0
H046,2026-03-02,5,aseo_personal,308.53,61.71,Monday,0
H046,2026-03-02,5,cocina,127.97,25.59,Monday,0
H046,2026-03-02,5,inodoro,57.5,11.5,Monday,0
H046,2026-03-02,5,lavado_ropa,33.4,6.68,Monday,0
H046,2026-03-02,5,limpieza_vivienda,11.44,2.29,Monday,0
H046,2026-03-15,5,aseo_personal,329.42,65.88,Sunday,0
H046,2026-03-15,5,cocina,147.82,29.56,Sunday,0
H046,2026-03-15,5,inodoro,61.66,12.33,Sunday,0
H046,2026-03-15,5,lavado_ropa,45.31,9.06,Sunday,0
H046,2026-03-15,5,limpieza_vivienda,11.66,2.33,Sunday,0
H046,2026-03-22,5,aseo_personal,307.41,61.48,Sunday,0
H046,2026-03-22,5,cocina,116.24,23.25,Sunday,0
H046,2026-03-22,5,inodoro,47.21,9.44,Sunday,0
H046,2026-03-22,5,lavado_ropa,37.83,7.57,Sunday,0
H046,2026-03-22,5,limpieza_vivienda,10.65,2.13,Sunday,0
H046,2026-03-24,5,aseo_personal,286.41,57.28,Tuesday,0
H046,2026-03-24,5,cocina,95.45,19.09,Tuesday,0
H046,2026-03-24,5,inodoro,50.46,10.09,Tuesday,0
H046,2026-03-24,5,lavado_ropa,32.14,6.43,Tuesday,0
H046,2026-03-24,5,limpieza_vivienda,9.15,1.83,Tuesday,0
H046,2026-03-25,5,aseo_personal,320.12,64.02,Wednesday,0
H046,2026-03-25,5,cocina,130.17,26.03,Wednesday,0
H046,2026-03-25,5,inodoro,52.6,10.52,Wednesday,0
H046,2026-03-25,5,lavado_ropa,34.15,6.83,Wednesday,0
H046,2026-03-25,5,limpieza_vivienda,9.91,1.98,Wednesday,0
H046,2026-03-28,5,aseo_personal,328.55,65.71,Saturday,0
H046,2026-03-28,5,cocina,132.62,26.52,Saturday,0
H046,2026-03-28,5,inodoro,51.29,10.26,Saturday,0
H046,2026-03-28,5,lavado_ropa,40.7,8.14,Saturday,0
H046,2026-03-28,5,limpieza_vivienda,9.45,1.89,Saturday,0
H046,2026-04-08,5,aseo_personal,286.08,57.22,Wednesday,0
H046,2026-04-08,5,cocina,110.8,22.16,Wednesday,0
H046,2026-04-08,5,inodoro,53.25,10.65,Wednesday,0
H046,2026-04-08,5,lavado_ropa,32.91,6.58,Wednesday,0
H046,2026-04-08,5,limpieza_vivienda,10.49,2.1,Wednesday,0
H046,2026-04-10,5,aseo_personal,306.13,61.23,Friday,0
H046,2026-04-10,5,cocina,124.82,24.96,Friday,0
H046,2026-04-10,5,inodoro,56.55,11.31,Friday,0
H046,2026-04-10,5,lavado_ropa,34.77,6.95,Friday,0
H046,2026-04-10,5,limpieza_vivienda,10.78,2.16,Friday,0
H047,2026-01-07,3,aseo_personal,134.54,44.85,Wednesday,0
H047,2026-01-07,3,cocina,57.24,19.08,Wednesday,0
H047,2026-01-07,3,inodoro,23.44,7.81,Wednesday,0
H047,2026-01-07,3,lavado_ropa,16.31,5.44,Wednesday,0
H047,2026-01-07,3,limpieza_vivienda,5.55,1.85,Wednesday,0
H047,2026-01-09,3,aseo_personal,160.29,53.43,Friday,0
H047,2026-01-09,3,cocina,64.96,21.65,Friday,0
H047,2026-01-09,3,inodoro,26.52,8.84,Friday,0
H047,2026-01-09,3,lavado_ropa,19.43,6.48,Friday,0
H047,2026-01-09,3,limpieza_vivienda,6.06,2.02,Friday,0
H047,2026-01-12,3,aseo_personal,142.71,47.57,Monday,0
H047,2026-01-12,3,cocina,61.76,20.59,Monday,0
H047,2026-01-12,3,inodoro,25.4,8.47,Monday,0
H047,2026-01-12,3,lavado_ropa,16.79,5.6,Monday,0
H047,2026-01-12,3,limpieza_vivienda,4.75,1.58,Monday,0
H047,2026-01-18,3,aseo_personal,140.36,46.79,Sunday,0
H047,2026-01-18,3,cocina,60.28,20.09,Sunday,0
H047,2026-01-18,3,inodoro,25.42,8.47,Sunday,0
H047,2026-01-18,3,lavado_ropa,17.2,5.73,Sunday,0
H047,2026-01-18,3,limpieza_vivienda,5.17,1.72,Sunday,0
H047,2026-01-20,3,aseo_personal,120.54,40.18,Tuesday,0
H047,2026-01-20,3,cocina,60.66,20.22,Tuesday,0
H047,2026-01-20,3,inodoro,24.88,8.29,Tuesday,0
H047,2026-01-20,3,lavado_ropa,15.96,5.32,Tuesday,0
H047,2026-01-20,3,limpieza_vivienda,5.2,1.73,Tuesday,0
H047,2026-01-21,3,aseo_personal,120.39,40.13,Wednesday,0
H047,2026-01-21,3,cocina,60.27,20.09,Wednesday,0
H047,2026-01-21,3,inodoro,28.42,9.47,Wednesday,0
H047,2026-01-21,3,lavado_ropa,20.98,6.99,Wednesday,0
H047,2026-01-21,3,limpieza_vivienda,5.47,1.82,Wednesday,0
H047,2026-01-25,3,aseo_personal,160.27,53.42,Sunday,0
H047,2026-01-25,3,cocina,58.85,19.62,Sunday,0
H047,2026-01-25,3,inodoro,31.41,10.47,Sunday,0
H047,2026-01-25,3,lavado_ropa,18.58,6.19,Sunday,0
H047,2026-01-25,3,limpieza_vivienda,5.74,1.91,Sunday,0
H047,2026-01-26,3,aseo_personal,139.57,46.52,Monday,0
H047,2026-01-26,3,cocina,54.99,18.33,Monday,0
H047,2026-01-26,3,inodoro,27.65,9.22,Monday,0
H047,2026-01-26,3,lavado_ropa,17.43,5.81,Monday,0
H047,2026-01-26,3,limpieza_vivienda,5.44,1.81,Monday,0
H047,2026-01-30,3,aseo_personal,142.79,47.6,Friday,0
H047,2026-01-30,3,cocina,66.86,22.29,Friday,0
H047,2026-01-30,3,inodoro,24.36,8.12,Friday,0
H047,2026-01-30,3,lavado_ropa,18.6,6.2,Friday,0
H047,2026-01-30,3,limpieza_vivienda,4.64,1.55,Friday,0
H047,2026-02-03,3,aseo_personal,165.67,55.22,Tuesday,0
H047,2026-02-03,3,cocina,56.46,18.82,Tuesday,0
H047,2026-02-03,3,inodoro,20.6,6.87,Tuesday,0
H047,2026-02-03,3,lavado_ropa,18.44,6.15,Tuesday,0
H047,2026-02-03,3,limpieza_vivienda,4.72,1.57,Tuesday,0
H047,2026-02-10,3,aseo_personal,136.18,45.39,Tuesday,0
H047,2026-02-10,3,cocina,54.18,18.06,Tuesday,0
H047,2026-02-10,3,inodoro,19.02,6.34,Tuesday,0
H047,2026-02-10,3,lavado_ropa,14.23,4.74,Tuesday,0
H047,2026-02-10,3,limpieza_vivienda,4.18,1.39,Tuesday,0
H047,2026-02-13,3,aseo_personal,265.39,88.46,Friday,1
H047,2026-02-13,3,cocina,93.63,31.21,Friday,1
H047,2026-02-13,3,inodoro,41.07,13.69,Friday,1
H047,2026-02-13,3,lavado_ropa,74.34,24.78,Friday,1
H047,2026-02-13,3,limpieza_vivienda,7.59,2.53,Friday,1
H047,2026-02-15,3,aseo_personal,146.44,48.81,Sunday,0
H047,2026-02-15,3,cocina,53.3,17.77,Sunday,0
H047,2026-02-15,3,inodoro,23.29,7.76,Sunday,0
H047,2026-02-15,3,lavado_ropa,13.65,4.55,Sunday,0
H047,2026-02-15,3,limpieza_vivienda,4.81,1.6,Sunday,0
H047,2026-02-21,3,aseo_personal,139.28,46.43,Saturday,0
H047,2026-02-21,3,cocina,57.18,19.06,Saturday,0
H047,2026-02-21,3,inodoro,28.22,9.41,Saturday,0
H047,2026-02-21,3,lavado_ropa,17.6,5.87,Saturday,0
H047,2026-02-21,3,limpieza_vivienda,4.49,1.5,Saturday,0
H047,2026-02-24,3,aseo_personal,117.88,39.29,Tuesday,0
H047,2026-02-24,3,cocina,51.32,17.11,Tuesday,0
H047,2026-02-24,3,inodoro,22.3,7.43,Tuesday,0
H047,2026-02-24,3,lavado_ropa,15.09,5.03,Tuesday,0
H047,2026-02-24,3,limpieza_vivienda,5.3,1.77,Tuesday,0
H047,2026-02-25,3,aseo_personal,137.41,45.8,Wednesday,0
H047,2026-02-25,3,cocina,56.6,18.87,Wednesday,0
H047,2026-02-25,3,inodoro,25.29,8.43,Wednesday,0
H047,2026-02-25,3,lavado_ropa,16.51,5.5,Wednesday,0
H047,2026-02-25,3,limpieza_vivienda,4.02,1.34,Wednesday,0
H047,2026-02-26,3,aseo_personal,160.08,53.36,Thursday,0
H047,2026-02-26,3,cocina,62.3,20.77,Thursday,0
H047,2026-02-26,3,inodoro,25.31,8.44,Thursday,0
H047,2026-02-26,3,lavado_ropa,18.81,6.27,Thursday,0
H047,2026-02-26,3,limpieza_vivienda,5.12,1.71,Thursday,0
H047,2026-03-14,3,aseo_personal,157.55,52.52,Saturday,0
H047,2026-03-14,3,cocina,68.45,22.82,Saturday,0
H047,2026-03-14,3,inodoro,28.73,9.58,Saturday,0
H047,2026-03-14,3,lavado_ropa,19.46,6.49,Saturday,0
H047,2026-03-14,3,limpieza_vivienda,6.59,2.2,Saturday,0
H047,2026-03-17,3,aseo_personal,123.21,41.07,Tuesday,0
H047,2026-03-17,3,cocina,48.08,16.03,Tuesday,0
H047,2026-03-17,3,inodoro,20.3,6.77,Tuesday,0
H047,2026-03-17,3,lavado_ropa,15.9,5.3,Tuesday,0
H047,2026-03-17,3,limpieza_vivienda,3.98,1.33,Tuesday,0
H047,2026-03-18,3,aseo_personal,121.47,40.49,Wednesday,0
H047,2026-03-18,3,cocina,51.29,17.1,Wednesday,0
H047,2026-03-18,3,inodoro,22.71,7.57,Wednesday,0
H047,2026-03-18,3,lavado_ropa,15.32,5.11,Wednesday,0
H047,2026-03-18,3,limpieza_vivienda,3.89,1.3,Wednesday,0
H047,2026-03-24,3,aseo_personal,147.41,49.14,Tuesday,0
H047,2026-03-24,3,cocina,59.73,19.91,Tuesday,0
H047,2026-03-24,3,inodoro,26.93,8.98,Tuesday,0
H047,2026-03-24,3,lavado_ropa,19.6,6.53,Tuesday,0
H047,2026-03-24,3,limpieza_vivienda,5.26,1.75,Tuesday,0
H047,2026-03-25,3,aseo_personal,129.2,43.07,Wednesday,0
H047,2026-03-25,3,cocina,50.77,16.92,Wednesday,0
H047,2026-03-25,3,inodoro,26.87,8.96,Wednesday,0
H047,2026-03-25,3,lavado_ropa,18.96,6.32,Wednesday,0
H047,2026-03-25,3,limpieza_vivienda,4.98,1.66,Wednesday,0
H047,2026-03-28,3,aseo_personal,164.97,54.99,Saturday,0
H047,2026-03-28,3,cocina,54.0,18.0,Saturday,0
H047,2026-03-28,3,inodoro,25.39,8.46,Saturday,0
H047,2026-03-28,3,lavado_ropa,17.08,5.69,Saturday,0
H047,2026-03-28,3,limpieza_vivienda,5.37,1.79,Saturday,0
H047,2026-03-31,3,aseo_personal,124.26,41.42,Tuesday,0
H047,2026-03-31,3,cocina,53.41,17.8,Tuesday,0
H047,2026-03-31,3,inodoro,28.4,9.47,Tuesday,0
H047,2026-03-31,3,lavado_ropa,19.79,6.6,Tuesday,0
H047,2026-03-31,3,limpieza_vivienda,4.68,1.56,Tuesday,0
H048,2026-01-05,2,aseo_personal,85.34,42.67,Monday,0
H048,2026-01-05,2,cocina,40.58,20.29,Monday,0
H048,2026-01-05,2,inodoro,20.5,10.25,Monday,0
H048,2026-01-05,2,lavado_ropa,12.81,6.4,Monday,0
H048,2026-01-05,2,limpieza_vivienda,3.93,1.96,Monday,0
H048,2026-01-09,2,aseo_personal,83.21,41.61,Friday,0
H048,2026-01-09,2,cocina,34.12,17.06,Friday,0
H048,2026-01-09,2,inodoro,15.68,7.84,Friday,0
H048,2026-01-09,2,lavado_ropa,9.33,4.66,Friday,0
H048,2026-01-09,2,limpieza_vivienda,2.88,1.44,Friday,0
H048,2026-01-20,2,aseo_personal,105.65,52.82,Tuesday,0
H048,2026-01-20,2,cocina,37.16,18.58,Tuesday,0
H048,2026-01-20,2,inodoro,18.27,9.13,Tuesday,0
H048,2026-01-20,2,lavado_ropa,10.41,5.21,Tuesday,0
H048,2026-01-20,2,limpieza_vivienda,2.97,1.48,Tuesday,0
H048,2026-01-26,2,aseo_personal,106.56,53.28,Monday,0
H048,2026-01-26,2,cocina,41.84,20.92,Monday,0
H048,2026-01-26,2,inodoro,19.42,9.71,Monday,0
H048,2026-01-26,2,lavado_ropa,12.05,6.02,Monday,0
H048,2026-01-26,2,limpieza_vivienda,4.04,2.02,Monday,0
H048,2026-02-01,2,aseo_personal,105.15,52.58,Sunday,0
H048,2026-02-01,2,cocina,42.84,21.42,Sunday,0
H048,2026-02-01,2,inodoro,15.72,7.86,Sunday,0
H048,2026-02-01,2,lavado_ropa,13.14,6.57,Sunday,0
H048,2026-02-01,2,limpieza_vivienda,3.71,1.85,Sunday,0
H048,2026-02-06,2,aseo_personal,225.16,112.58,Friday,1
H048,2026-02-06,2,cocina,75.6,37.8,Friday,1
H048,2026-02-06,2,inodoro,37.97,18.99,Friday,1
H048,2026-02-06,2,lavado_ropa,24.04,12.02,Friday,1
H048,2026-02-06,2,limpieza_vivienda,12.49,6.24,Friday,1
H048,2026-02-11,2,aseo_personal,98.8,49.4,Wednesday,0
H048,2026-02-11,2,cocina,44.19,22.09,Wednesday,0
H048,2026-02-11,2,inodoro,19.36,9.68,Wednesday,0
H048,2026-02-11,2,lavado_ropa,11.97,5.98,Wednesday,0
H048,2026-02-11,2,limpieza_vivienda,3.6,1.8,Wednesday,0
H048,2026-02-13,2,aseo_personal,103.67,51.84,Friday,0
H048,2026-02-13,2,cocina,36.38,18.19,Friday,0
H048,2026-02-13,2,inodoro,16.83,8.42,Friday,0
H048,2026-02-13,2,lavado_ropa,11.53,5.77,Friday,0
H048,2026-02-13,2,limpieza_vivienda,3.6,1.8,Friday,0
H048,2026-02-19,2,aseo_personal,103.88,51.94,Thursday,0
H048,2026-02-19,2,cocina,39.56,19.78,Thursday,0
H048,2026-02-19,2,inodoro,15.41,7.7,Thursday,0
H048,2026-02-19,2,lavado_ropa,10.22,5.11,Thursday,0
H048,2026-02-19,2,limpieza_vivienda,2.84,1.42,Thursday,0
H048,2026-03-11,2,aseo_personal,100.11,50.06,Wednesday,0
H048,2026-03-11,2,cocina,39.55,19.77,Wednesday,0
H048,2026-03-11,2,inodoro,19.44,9.72,Wednesday,0
H048,2026-03-11,2,lavado_ropa,10.85,5.42,Wednesday,0
H048,2026-03-11,2,limpieza_vivienda,2.89,1.45,Wednesday,0
H048,2026-03-12,2,aseo_personal,96.19,48.09,Thursday,0
H048,2026-03-12,2,cocina,36.09,18.04,Thursday,0
H048,2026-03-12,2,inodoro,17.26,8.63,Thursday,0
H048,2026-03-12,2,lavado_ropa,11.49,5.75,Thursday,0
H048,2026-03-12,2,limpieza_vivienda,3.13,1.56,Thursday,0
H048,2026-03-13,2,aseo_personal,100.2,50.1,Friday,0
H048,2026-03-13,2,cocina,44.2,22.1,Friday,0
H048,2026-03-13,2,inodoro,20.48,10.24,Friday,0
H048,2026-03-13,2,lavado_ropa,12.67,6.34,Friday,0
H048,2026-03-13,2,limpieza_vivienda,3.93,1.96,Friday,0
H048,2026-03-15,2,aseo_personal,97.76,48.88,Sunday,0
H048,2026-03-15,2,cocina,44.52,22.26,Sunday,0
H048,2026-03-15,2,inodoro,14.99,7.5,Sunday,0
H048,2026-03-15,2,lavado_ropa,12.33,6.16,Sunday,0
H048,2026-03-15,2,limpieza_vivienda,3.33,1.67,Sunday,0
H048,2026-03-21,2,aseo_personal,118.4,59.2,Saturday,0
H048,2026-03-21,2,cocina,50.98,25.49,Saturday,0
H048,2026-03-21,2,inodoro,21.12,10.56,Saturday,0
H048,2026-03-21,2,lavado_ropa,13.8,6.9,Saturday,0
H048,2026-03-21,2,limpieza_vivienda,4.24,2.12,Saturday,0
H048,2026-03-31,2,aseo_personal,116.31,58.15,Tuesday,0
H048,2026-03-31,2,cocina,41.84,20.92,Tuesday,0
H048,2026-03-31,2,inodoro,16.68,8.34,Tuesday,0
H048,2026-03-31,2,lavado_ropa,14.28,7.14,Tuesday,0
H048,2026-03-31,2,limpieza_vivienda,3.48,1.74,Tuesday,0
H049,2026-01-12,4,aseo_personal,180.22,45.05,Monday,0
H049,2026-01-12,4,cocina,71.35,17.84,Monday,0
H049,2026-01-12,4,inodoro,27.15,6.79,Monday,0
H049,2026-01-12,4,lavado_ropa,20.01,5.0,Monday,0
H049,2026-01-12,4,limpieza_vivienda,4.85,1.21,Monday,0
H049,2026-01-13,4,aseo_personal,184.81,46.2,Tuesday,0
H049,2026-01-13,4,cocina,63.88,15.97,Tuesday,0
H049,2026-01-13,4,inodoro,32.77,8.19,Tuesday,0
H049,2026-01-13,4,lavado_ropa,23.57,5.89,Tuesday,0
H049,2026-01-13,4,limpieza_vivienda,7.02,1.76,Tuesday,0
H049,2026-01-15,4,aseo_personal,204.85,51.21,Thursday,0
H049,2026-01-15,4,cocina,79.77,19.94,Thursday,0
H049,2026-01-15,4,inodoro,37.42,9.36,Thursday,0
H049,2026-01-15,4,lavado_ropa,25.62,6.41,Thursday,0
H049,2026-01-15,4,limpieza_vivienda,7.3,1.83,Thursday,0
H049,2026-01-17,4,aseo_personal,227.45,56.86,Saturday,0
H049,2026-01-17,4,cocina,96.4,24.1,Saturday,0
H049,2026-01-17,4,inodoro,36.96,9.24,Saturday,0
H049,2026-01-17,4,lavado_ropa,31.48,7.87,Saturday,0
H049,2026-01-17,4,limpieza_vivienda,9.68,2.42,Saturday,0
H049,2026-01-20,4,aseo_personal,219.79,54.95,Tuesday,0
H049,2026-01-20,4,cocina,86.87,21.72,Tuesday,0
H049,2026-01-20,4,inodoro,32.77,8.19,Tuesday,0
H049,2026-01-20,4,lavado_ropa,27.44,6.86,Tuesday,0
H049,2026-01-20,4,limpieza_vivienda,6.92,1.73,Tuesday,0
H049,2026-01-26,4,aseo_personal,210.74,52.68,Monday,0
H049,2026-01-26,4,cocina,100.31,25.08,Monday,0
H049,2026-01-26,4,inodoro,36.51,9.13,Monday,0
H049,2026-01-26,4,lavado_ropa,29.6,7.4,Monday,0
H049,2026-01-26,4,limpieza_vivienda,9.62,2.4,Monday,0
H049,2026-01-29,4,aseo_personal,187.26,46.81,Thursday,0
H049,2026-01-29,4,cocina,65.02,16.25,Thursday,0
H049,2026-01-29,4,inodoro,31.03,7.76,Thursday,0
H049,2026-01-29,4,lavado_ropa,22.76,5.69,Thursday,0
H049,2026-01-29,4,limpieza_vivienda,5.32,1.33,Thursday,0
H049,2026-02-16,4,aseo_personal,170.73,42.68,Monday,0
H049,2026-02-16,4,cocina,70.63,17.66,Monday,0
H049,2026-02-16,4,inodoro,27.96,6.99,Monday,0
H049,2026-02-16,4,lavado_ropa,20.52,5.13,Monday,0
H049,2026-02-16,4,limpieza_vivienda,5.92,1.48,Monday,0
H049,2026-02-18,4,aseo_personal,184.98,46.24,Wednesday,0
H049,2026-02-18,4,cocina,80.84,20.21,Wednesday,0
H049,2026-02-18,4,inodoro,34.67,8.67,Wednesday,0
H049,2026-02-18,4,lavado_ropa,24.17,6.04,Wednesday,0
H049,2026-02-18,4,limpieza_vivienda,6.53,1.63,Wednesday,0
H049,2026-02-25,4,aseo_personal,220.92,55.23,Wednesday,0
H049,2026-02-25,4,cocina,88.57,22.14,Wednesday,0
H049,2026-02-25,4,inodoro,37.63,9.41,Wednesday,0
H049,2026-02-25,4,lavado_ropa,29.14,7.28,Wednesday,0
H049,2026-02-25,4,limpieza_vivienda,8.21,2.05,Wednesday,0
H049,2026-02-27,4,aseo_personal,199.44,49.86,Friday,0
H049,2026-02-27,4,cocina,72.25,18.06,Friday,0
H049,2026-02-27,4,inodoro,30.79,7.7,Friday,0
H049,2026-02-27,4,lavado_ropa,21.29,5.32,Friday,0
H049,2026-02-27,4,limpieza_vivienda,7.22,1.81,Friday,0
H049,2026-03-04,4,aseo_personal,199.59,49.9,Wednesday,0
H049,2026-03-04,4,cocina,69.49,17.37,Wednesday,0
H049,2026-03-04,4,inodoro,34.94,8.74,Wednesday,0
H049,2026-03-04,4,lavado_ropa,21.14,5.29,Wednesday,0
H049,2026-03-04,4,limpieza_vivienda,6.13,1.53,Wednesday,0
H049,2026-03-05,4,aseo_personal,219.09,54.77,Thursday,0
H049,2026-03-05,4,cocina,65.17,16.29,Thursday,0
H049,2026-03-05,4,inodoro,31.98,8.0,Thursday,0
H049,2026-03-05,4,lavado_ropa,25.38,6.35,Thursday,0
H049,2026-03-05,4,limpieza_vivienda,6.42,1.6,Thursday,0
H049,2026-03-21,4,aseo_personal,230.32,57.58,Saturday,0
H049,2026-03-21,4,cocina,80.89,20.22,Saturday,0
H049,2026-03-21,4,inodoro,32.61,8.15,Saturday,0
H049,2026-03-21,4,lavado_ropa,25.9,6.48,Saturday,0
H049,2026-03-21,4,limpieza_vivienda,6.97,1.74,Saturday,0
H049,2026-03-25,4,aseo_personal,171.03,42.76,Wednesday,0
H049,2026-03-25,4,cocina,54.05,13.51,Wednesday,0
H049,2026-03-25,4,inodoro,26.3,6.58,Wednesday,0
H049,2026-03-25,4,lavado_ropa,17.94,4.49,Wednesday,0
H049,2026-03-25,4,limpieza_vivienda,5.55,1.39,Wednesday,0
H049,2026-04-10,4,aseo_personal,204.67,51.17,Friday,0
H049,2026-04-10,4,cocina,72.47,18.12,Friday,0
H049,2026-04-10,4,inodoro,28.49,7.12,Friday,0
H049,2026-04-10,4,lavado_ropa,21.82,5.45,Friday,0
H049,2026-04-10,4,limpieza_vivienda,6.29,1.57,Friday,0
H050,2026-01-16,2,aseo_personal,98.26,49.13,Friday,0
H050,2026-01-16,2,cocina,35.2,17.6,Friday,0
H050,2026-01-16,2,inodoro,15.98,7.99,Friday,0
H050,2026-01-16,2,lavado_ropa,10.94,5.47,Friday,0
H050,2026-01-16,2,limpieza_vivienda,2.62,1.31,Friday,0
H050,2026-01-18,2,aseo_personal,106.8,53.4,Sunday,0
H050,2026-01-18,2,cocina,41.81,20.9,Sunday,0
H050,2026-01-18,2,inodoro,16.8,8.4,Sunday,0
H050,2026-01-18,2,lavado_ropa,11.23,5.62,Sunday,0
H050,2026-01-18,2,limpieza_vivienda,3.35,1.67,Sunday,0
H050,2026-01-26,2,aseo_personal,108.27,54.13,Monday,0
H050,2026-01-26,2,cocina,46.64,23.32,Monday,0
H050,2026-01-26,2,inodoro,17.41,8.7,Monday,0
H050,2026-01-26,2,lavado_ropa,14.18,7.09,Monday,0
H050,2026-01-26,2,limpieza_vivienda,3.74,1.87,Monday,0
H050,2026-01-29,2,aseo_personal,92.64,46.32,Thursday,0
H050,2026-01-29,2,cocina,43.58,21.79,Thursday,0
H050,2026-01-29,2,inodoro,22.67,11.33,Thursday,0
H050,2026-01-29,2,lavado_ropa,13.34,6.67,Thursday,0
H050,2026-01-29,2,limpieza_vivienda,3.94,1.97,Thursday,0
H050,2026-02-01,2,aseo_personal,140.55,70.28,Sunday,0
H050,2026-02-01,2,cocina,46.25,23.13,Sunday,0
H050,2026-02-01,2,inodoro,20.59,10.3,Sunday,0
H050,2026-02-01,2,lavado_ropa,13.08,6.54,Sunday,0
H050,2026-02-01,2,limpieza_vivienda,4.89,2.44,Sunday,0
H050,2026-02-05,2,aseo_personal,113.75,56.87,Thursday,0
H050,2026-02-05,2,cocina,52.52,26.26,Thursday,0
H050,2026-02-05,2,inodoro,18.0,9.0,Thursday,0
H050,2026-02-05,2,lavado_ropa,15.68,7.84,Thursday,0
H050,2026-02-05,2,limpieza_vivienda,4.02,2.01,Thursday,0
H050,2026-02-15,2,aseo_personal,109.6,54.8,Sunday,0
H050,2026-02-15,2,cocina,54.87,27.44,Sunday,0
H050,2026-02-15,2,inodoro,18.49,9.24,Sunday,0
H050,2026-02-15,2,lavado_ropa,15.36,7.68,Sunday,0
H050,2026-02-15,2,limpieza_vivienda,4.66,2.33,Sunday,0
H050,2026-02-18,2,aseo_personal,100.11,50.05,Wednesday,0
H050,2026-02-18,2,cocina,36.74,18.37,Wednesday,0
H050,2026-02-18,2,inodoro,18.33,9.17,Wednesday,0
H050,2026-02-18,2,lavado_ropa,12.92,6.46,Wednesday,0
H050,2026-02-18,2,limpieza_vivienda,3.88,1.94,Wednesday,0
H050,2026-02-20,2,aseo_personal,106.75,53.37,Friday,0
H050,2026-02-20,2,cocina,47.4,23.7,Friday,0
H050,2026-02-20,2,inodoro,21.45,10.72,Friday,0
H050,2026-02-20,2,lavado_ropa,13.0,6.5,Friday,0
H050,2026-02-20,2,limpieza_vivienda,3.6,1.8,Friday,0
H050,2026-03-03,2,aseo_personal,98.1,49.05,Tuesday,0
H050,2026-03-03,2,cocina,37.51,18.76,Tuesday,0
H050,2026-03-03,2,inodoro,14.94,7.47,Tuesday,0
H050,2026-03-03,2,lavado_ropa,10.81,5.41,Tuesday,0
H050,2026-03-03,2,limpieza_vivienda,3.09,1.55,Tuesday,0
H050,2026-03-13,2,aseo_personal,102.59,51.3,Friday,0
H050,2026-03-13,2,cocina,36.3,18.15,Friday,0
H050,2026-03-13,2,inodoro,17.63,8.81,Friday,0
H050,2026-03-13,2,lavado_ropa,15.08,7.54,Friday,0
H050,2026-03-13,2,limpieza_vivienda,3.99,1.99,Friday,0
H050,2026-03-14,2,aseo_personal,124.52,62.26,Saturday,0
H050,2026-03-14,2,cocina,56.77,28.38,Saturday,0
H050,2026-03-14,2,inodoro,26.21,13.1,Saturday,0
H050,2026-03-14,2,lavado_ropa,15.98,7.99,Saturday,0
H050,2026-03-14,2,limpieza_vivienda,5.05,2.52,Saturday,0
H050,2026-03-21,2,aseo_personal,124.94,62.47,Saturday,0
H050,2026-03-21,2,cocina,49.98,24.99,Saturday,0
H050,2026-03-21,2,inodoro,23.55,11.77,Saturday,0
H050,2026-03-21,2,lavado_ropa,13.53,6.76,Saturday,0
H050,2026-03-21,2,limpieza_vivienda,4.01,2.01,Saturday,0
H050,2026-03-25,2,aseo_personal,112.19,56.09,Wednesday,0
H050,2026-03-25,2,cocina,45.75,22.88,Wednesday,0
H050,2026-03-25,2,inodoro,24.49,12.25,Wednesday,0
H050,2026-03-25,2,lavado_ropa,13.89,6.94,Wednesday,0
H050,2026-03-25,2,limpieza_vivienda,3.47,1.74,Wednesday,0
H050,2026-04-01,2,aseo_personal,99.59,49.79,Wednesday,0
H050,2026-04-01,2,cocina,33.51,16.75,Wednesday,0
H050,2026-04-01,2,inodoro,18.8,9.4,Wednesday,0
H050,2026-04-01,2,lavado_ropa,12.2,6.1,Wednesday,0
H050,2026-04-01,2,limpieza_vivienda,3.12,1.56,Wednesday,0
H050,2026-04-07,2,aseo_personal,109.81,54.9,Tuesday,0
H050,2026-04-07,2,cocina,45.94,22.97,Tuesday,0
H050,2026-04-07,2,inodoro,18.61,9.31,Tuesday,0
H050,2026-04-07,2,lavado_ropa,13.06,6.53,Tuesday,0
H050,2026-04-07,2,limpieza_vivienda,3.84,1.92,Tuesday,0
H050,2026-04-09,2,aseo_personal,104.5,52.25,Thursday,0
H050,2026-04-09,2,cocina,36.57,18.29,Thursday,0
H050,2026-04-09,2,inodoro,18.35,9.17,Thursday,0
H050,2026-04-09,2,lavado_ropa,11.47,5.74,Thursday,0
H050,2026-04-09,2,limpieza_vivienda,3.45,1.72,Thursday,0
