hogar_id,fecha,personas,litros_consumidos,litros_por_persona,dia_semana,es_anomalia_sintetica,promedio_7_dias,cambio_vs_dia_anterior_pct,diferencia_vs_promedio_pct
H001,2026-01-01,4,482.27,120.57,Thursday,0,,,
H001,2026-01-02,4,424.41,106.1,Friday,0,,-11.997428826176204,
H001,2026-01-03,4,497.78,124.44,Saturday,0,,17.287528569072343,
H001,2026-01-04,4,450.18,112.55,Sunday,0,,-9.562457310458427,
H001,2026-01-05,4,425.01,106.25,Monday,0,,-5.591096894575509,
H001,2026-01-06,4,466.23,116.56,Tuesday,0,,9.698595327168768,
H001,2026-01-07,4,376.5,94.12,Wednesday,0,,-19.245865774403192,
H001,2026-01-08,4,452.05,113.01,Thursday,0,446.05428571428575,20.066401062416993,1.3441669495705135
H001,2026-01-09,4,445.17,111.29,Friday,0,441.7371428571428,-1.52195553589205,0.7771266687364274
H001,2026-01-10,4,461.26,115.31,Saturday,0,444.70285714285717,3.6143495743199194,3.7231923724348763
H001,2026-01-11,4,482.25,120.56,Sunday,0,439.4857142857143,4.55057884923904,9.730529189962283
H001,2026-01-12,4,445.0,111.25,Monday,0,444.06714285714287,-7.724209434940388,0.2100711925802699
H001,2026-01-13,4,437.63,109.41,Tuesday,0,446.92285714285714,-1.656179775280897,-2.0792978014742083
H001,2026-01-14,4,492.84,123.21,Wednesday,0,442.8371428571428,12.61567991225463,11.291477679637154
H001,2026-01-15,4,428.5,107.12,Thursday,0,459.45714285714286,-13.054946838730618,-6.737765064361668
H001,2026-01-16,4,401.09,100.27,Friday,0,456.09285714285716,-6.396732788798143,-12.059574334800253
H001,2026-01-17,4,462.33,115.58,Saturday,0,449.7957142857143,15.268393627365429,2.7866618814255237
H001,2026-01-18,4,516.52,129.13,Sunday,0,449.9485714285714,11.721065040122847,14.795341689843916
H001,2026-01-19,4,449.34,112.33,Monday,0,454.8442857142857,-13.0062727483931,-1.2101472717507782
H001,2026-01-20,4,488.0,122.0,Tuesday,0,455.4642857142857,8.603729914986435,7.143417235160353
H001,2026-01-21,4,395.32,98.83,Wednesday,0,462.65999999999997,-18.991803278688522,-14.554964768944792
H001,2026-01-22,4,414.5,103.63,Thursday,0,448.7285714285714,4.851765658200957,-7.627901053770966
H001,2026-01-23,4,404.48,101.12,Friday,0,446.7285714285714,-2.417370325693602,-9.457324677816498
H001,2026-01-24,4,451.91,112.98,Saturday,0,447.2128571428571,11.726166930379755,1.0503148069471697
H001,2026-01-25,4,478.26,119.57,Sunday,0,445.7242857142857,5.8308070190967065,7.29951571599355
H001,2026-01-26,4,385.46,96.36,Monday,0,440.25857142857143,-19.403671643039356,-12.446906201225907
H001,2026-01-27,4,401.37,100.34,Tuesday,0,431.1328571428571,4.127535931095316,-6.903407302356245
H001,2026-01-28,4,447.82,111.96,Wednesday,0,418.7571428571428,11.572862944415373,6.940265411250992
H001,2026-01-29,4,466.15,116.54,Thursday,0,426.25714285714287,4.093162431334019,9.358871238018626
H001,2026-01-30,4,506.65,126.66,Friday,0,433.6357142857143,8.688190496621262,16.837701164571968
H001,2026-01-31,4,600.66,150.17,Saturday,0,448.2314285714286,18.55521563209317,34.00666747407269
H001,2026-02-01,4,433.61,108.4,Sunday,0,469.4814285714286,-27.811074484733457,-7.640649105243778
H001,2026-02-02,4,446.22,111.55,Monday,0,463.1028571428571,2.9081432623786485,-3.6455955480423805
H001,2026-02-03,4,408.45,102.11,Tuesday,0,471.78285714285715,-8.464434583837576,-13.42415396913835
H001,2026-02-04,4,422.35,105.59,Wednesday,0,472.7942857142857,3.4031093157057324,-10.669394118855672
H001,2026-02-05,4,415.47,103.87,Thursday,0,469.1557142857142,-1.6289807032082382,-11.443048150324731
H001,2026-02-06,4,431.94,107.99,Friday,0,461.9157142857143,3.964185139721277,-6.48943375569445
H001,2026-02-07,4,527.07,131.77,Saturday,0,451.2428571428572,22.023892207251027,16.804064963434325
H001,2026-02-08,4,467.69,116.92,Sunday,0,440.72999999999996,-11.26605574212155,6.1171238626823765
H001,2026-02-09,4,378.33,94.58,Monday,0,445.59857142857146,-19.106673223716562,-15.096226905061902
H001,2026-02-10,4,419.87,104.97,Tuesday,0,435.90000000000003,10.979832421431034,-3.677448956182617
H001,2026-02-11,4,434.98,108.75,Wednesday,0,437.5314285714286,3.5987329411484525,-0.5831417824678722
H001,2026-02-12,4,498.65,124.66,Thursday,0,439.33571428571435,14.637454595613587,13.500902336319424
H001,2026-02-13,4,441.42,110.35,Friday,0,451.2185714285714,-11.47698786724155,-2.1715798171934333
H001,2026-02-14,4,524.59,131.15,Saturday,0,452.5728571428571,18.841466177336773,15.912828557990677
H001,2026-02-15,4,412.45,103.11,Sunday,0,452.2185714285714,-21.376694180216937,-8.79410398890549
H001,2026-02-16,4,411.52,102.88,Monday,0,444.32714285714286,-0.22548187659110486,-7.383555874211091
H001,2026-02-17,4,511.25,127.81,Tuesday,0,449.06857142857143,24.234545101088646,13.84675582475473
H001,2026-02-18,4,408.16,102.04,Wednesday,0,462.1228571428571,-20.1643031784841,-11.677166863480934
H001,2026-02-19,4,466.17,116.54,Thursday,0,458.2914285714286,14.212563700509605,1.7191182154835984
H001,2026-02-20,4,405.31,101.33,Friday,0,453.65142857142865,-13.05532316536886,-10.656073259519596
H001,2026-02-21,4,499.12,124.78,Saturday,0,448.4928571428572,23.14524684809158,11.28828297950277
H001,2026-02-22,4,457.48,114.37,Sunday,0,444.8542857142857,-8.342683122295236,2.8381685174599762
H001,2026-02-23,4,413.98,103.49,Monday,0,451.2871428571429,-9.50861239835621,-8.26683043105277
H001,2026-02-24,4,783.39,195.85,Tuesday,1,451.6385714285715,89.23377940963331,73.4550699516364
H001,2026-02-25,4,394.03,98.51,Wednesday,0,490.5157142857143,-49.70193645566066,-19.67025958102406
H001,2026-02-26,4,392.2,98.05,Thursday,0,488.4971428571429,-0.46443164226074307,-19.71293880940962
H001,2026-02-27,4,442.9,110.72,Friday,0,477.92999999999995,12.927078021417637,-7.329525244282631
H001,2026-02-28,4,546.8,136.7,Saturday,0,483.3,23.45902009482952,13.138837161183517
H001,2026-03-01,4,467.99,117.0,Sunday,0,490.1114285714285,-14.412948061448416,-4.51355085432466
H001,2026-03-02,4,482.51,120.63,Monday,0,491.61285714285714,3.1026303980854264,-1.8516312196879665
H001,2026-03-03,4,444.53,111.13,Tuesday,0,501.4028571428571,-7.871339454104587,-11.342746921494548
H001,2026-03-04,4,422.5,105.63,Wednesday,0,452.9942857142857,-4.95579600926821,-6.731715316497208
H001,2026-03-05,4,475.53,118.88,Thursday,0,457.06142857142856,12.551479289940826,4.0407197532060355
H001,2026-03-06,4,451.85,112.96,Friday,0,468.96571428571434,-4.979706853405663,-3.6496728362719244
H001,2026-03-07,4,520.46,130.11,Saturday,0,470.2442857142857,15.184242558371142,10.678644230506345
H001,2026-03-08,4,417.43,104.36,Sunday,0,466.4814285714286,-19.795949736771323,-10.515194296511575
H001,2026-03-09,4,494.56,123.64,Monday,0,459.25857142857143,18.47734949572384,7.686612894696731
H001,2026-03-10,4,497.1,124.28,Tuesday,0,460.98,0.5135878356518964,7.835480931927632
H001,2026-03-11,4,430.59,107.65,Wednesday,0,468.49000000000007,-13.379601689800857,-8.089820487096862
H001,2026-03-12,4,423.47,105.87,Thursday,0,469.6457142857143,-1.6535451357439723,-9.832031440112907
H001,2026-03-13,4,487.94,121.98,Friday,0,462.2085714285714,15.224218952936441,5.567060016195535
H001,2026-03-14,4,951.5,237.87,Saturday,1,467.36428571428576,95.00348403492234,103.58851309012547
H001,2026-03-15,4,456.94,114.24,Sunday,0,528.9414285714286,-51.97687861271676,-13.612363237625551
H001,2026-03-16,4,431.15,107.79,Monday,0,534.5857142857143,-5.644067054755553,-19.348761390663004
H001,2026-03-17,4,448.66,112.17,Tuesday,0,525.5271428571428,4.0612315899339,-14.626674169337447
H001,2026-03-18,4,486.05,121.51,Wednesday,0,518.6071428571429,8.333704809878295,-6.27780455891468
H001,2026-03-19,4,440.03,110.01,Thursday,0,526.53,-9.46816171175806,-16.428313676333733
H001,2026-03-20,4,459.37,114.84,Friday,0,528.8957142857142,4.3951548758039305,-13.145448603154271
H001,2026-03-21,4,394.61,98.65,Saturday,0,524.8142857142857,-14.097568408907845,-24.80959250891471
H001,2026-03-22,4,442.63,110.66,Sunday,0,445.25857142857143,12.168976964597956,-0.5903471818943097
H001,2026-03-23,4,406.17,101.54,Monday,0,443.2142857142857,-8.237128075367684,-8.358098307816276
H001,2026-03-24,4,425.19,106.3,Tuesday,0,439.6457142857143,4.682768298988105,-3.288037120798567
H001,2026-03-25,4,468.87,117.22,Wednesday,0,436.2928571428571,10.273054399209759,7.46680637186688
H001,2026-03-26,4,390.51,97.63,Thursday,0,433.8385714285714,-16.71252159447182,-9.987256616187059
H001,2026-03-27,4,437.93,109.48,Friday,0,426.7642857142857,12.143094927146558,2.6163656752640407
H001,2026-03-28,4,446.85,111.71,Saturday,0,423.70142857142855,2.0368552051697852,5.46341594991083
H001,2026-03-29,4,515.81,128.95,Sunday,0,431.16428571428565,15.432471746671128,19.631893709722846
H001,2026-03-30,4,483.6,120.9,Monday,0,441.61857142857144,-6.2445474108683285,9.506264294009377
H001,2026-03-31,4,1012.8,253.2,Tuesday,1,452.68,109.42928039702231,123.7342051780507
H001,2026-04-01,4,429.04,107.26,Wednesday,0,536.6242857142857,-57.63823064770932,-20.048344545398884
H001,2026-04-02,4,445.34,111.33,Thursday,0,530.9342857142857,3.7991795636770354,-16.121446291443117
H001,2026-04-03,4,443.03,110.76,Friday,0,538.7671428571429,-0.5187048098082347,-17.769669907752363
H001,2026-04-04,4,419.4,104.85,Saturday,0,539.4957142857144,-5.333724578470989,-22.260735554631722
H001,2026-04-05,4,497.02,124.25,Sunday,0,535.5742857142857,18.50739151168337,-7.198681255368067
H001,2026-04-06,4,502.46,125.61,Monday,0,532.89,1.0945233592209558,-5.710371746514292
H001,2026-04-07,4,407.04,101.76,Tuesday,0,535.5842857142857,-18.990566413246825,-24.000757517157485
H001,2026-04-08,4,426.82,106.7,Wednesday,0,449.04714285714283,4.859473270440251,-4.949846182233488
H001,2026-04-09,4,385.72,96.43,Thursday,0,448.73,-9.629351951642374,-14.041851447418265
H001,2026-04-10,4,416.22,104.05,Friday,0,440.2128571428571,7.907290262366473,-5.450285413874442
H002,2026-01-01,3,252.17,84.06,Thursday,0,,,
H002,2026-01-02,3,300.51,100.17,Friday,0,,19.169607804259027,
H002,2026-01-03,3,309.08,103.03,Saturday,0,,2.8518185750890046,
H002,2026-01-04,3,384.49,128.16,Sunday,0,,24.39821405461371,
H002,2026-01-05,3,283.11,94.37,Monday,0,,-26.36739577102135,
H002,2026-01-06,3,302.18,100.73,Tuesday,0,,6.73589770760481,
H002,2026-01-07,3,261.66,87.22,Wednesday,0,,-13.409226288966835,
H002,2026-01-08,3,268.74,89.58,Thursday,0,299.0285714285714,2.7058014216922555,-10.128989107586463
H002,2026-01-09,3,356.34,118.78,Friday,0,301.3957142857143,32.59656173252956,18.22994923617265
H002,2026-01-10,3,300.34,100.11,Saturday,0,309.3714285714286,-15.715328057473199,-2.9192833394902347
H002,2026-01-11,3,366.12,122.04,Sunday,0,308.1228571428572,21.901844576147056,18.822733047114774
H002,2026-01-12,3,583.91,194.64,Monday,1,305.4985714285714,59.48596088714082,91.13346333160315
H002,2026-01-13,3,312.79,104.26,Tuesday,0,348.46999999999997,-46.43181312188521,-10.23904496800297
H002,2026-01-14,3,346.58,115.53,Wednesday,0,349.9857142857142,10.802775024777,-0.9731009428956114
H002,2026-01-15,3,280.43,93.48,Thursday,0,362.1171428571428,-19.086502394829473,-22.558209261407114
H002,2026-01-16,3,298.5,99.5,Friday,0,363.7871428571429,6.443675783618019,-17.946522888188156
H002,2026-01-17,3,340.62,113.54,Saturday,0,355.5242857142857,14.110552763819095,-4.192199046076821
H002,2026-01-18,3,310.75,103.58,Sunday,0,361.2785714285714,-8.769303035640895,-13.986041637833878
H002,2026-01-19,3,270.98,90.33,Monday,0,353.36857142857144,-12.798069187449713,-23.315194980554498
H002,2026-01-20,3,519.32,173.11,Tuesday,1,308.6642857142857,91.6451398627205,68.24751810797677
H002,2026-01-21,3,310.13,103.38,Wednesday,0,338.16857142857145,-40.28152199029501,-8.291300196858717
H002,2026-01-22,3,290.95,96.98,Thursday,0,332.9614285714286,-6.184503272821074,-12.617506103238052
H002,2026-01-23,3,315.96,105.32,Friday,0,334.4642857142857,8.595978690496642,-5.532514682327825
H002,2026-01-24,3,352.67,117.56,Saturday,0,336.9585714285714,11.618559311305244,4.662718180700476
H002,2026-01-25,3,338.2,112.73,Sunday,0,338.67999999999995,-4.102985794085134,-0.14172670367307236
H002,2026-01-26,3,304.47,101.49,Monday,0,342.6014285714286,-9.973388527498505,-11.129967767626683
H002,2026-01-27,3,286.9,95.63,Tuesday,0,347.38571428571424,-5.770683482773364,-17.411687296952746
H002,2026-01-28,3,312.18,104.06,Wednesday,0,314.18285714285713,8.81143255489718,-0.6374813575351874
H002,2026-01-29,3,302.1,100.7,Thursday,0,314.4757142857143,-3.2289064001537526,-3.9353481758754834
H002,2026-01-30,3,355.46,118.49,Friday,0,316.06857142857143,17.66302548824892,12.462937518079253
H002,2026-01-31,3,367.92,122.64,Saturday,0,321.7114285714286,3.505317053958268,14.363360242986168
H002,2026-02-01,3,305.87,101.96,Sunday,0,323.89,-16.86507936507937,-5.56361727747074
H002,2026-02-02,3,310.83,103.61,Monday,0,319.2714285714286,1.62160394939026,-2.6439661729831454
H002,2026-02-03,3,277.38,92.46,Tuesday,0,320.17999999999995,-10.761509506804357,-13.367480792054456
H002,2026-02-04,3,333.49,111.16,Wednesday,0,318.82,20.228567308385603,4.601342450285433
H002,2026-02-05,3,729.74,243.25,Thursday,1,321.86428571428576,118.81915499715134,126.72288675351189
H002,2026-02-06,3,261.98,87.33,Friday,0,382.9557142857143,-64.09954230273796,-31.590001081811025
H002,2026-02-07,3,363.76,121.25,Saturday,0,369.6014285714286,38.85029391556607,-1.5804669895369976
H002,2026-02-08,3,306.32,102.11,Sunday,0,369.00714285714287,-15.790631185396965,-16.9880567546118
H002,2026-02-09,3,310.9,103.63,Monday,0,369.07142857142856,1.495168451292761,-15.76156377007935
H002,2026-02-10,3,305.75,101.92,Tuesday,0,369.0814285714286,-1.65648118366033,-17.1592021892188
H002,2026-02-11,3,297.36,99.12,Wednesday,0,373.13428571428574,-2.744071954210947,-20.307510892286963
H002,2026-02-12,3,301.95,100.65,Thursday,0,367.97285714285715,1.54358353510895,-17.94231717401517
H002,2026-02-13,3,298.33,99.44,Friday,0,306.86,-1.19887398575923,-2.7797692758912955
H002,2026-02-14,3,341.66,113.89,Saturday,0,312.05285714285714,14.524184627761215,9.487861488667223
H002,2026-02-15,3,259.09,86.36,Sunday,0,308.8957142857143,-24.167300825381975,-16.123795825683203
H002,2026-02-16,3,308.77,102.92,Monday,0,302.1485714285714,19.17480412211974,2.191447915878658
H002,2026-02-17,3,311.68,103.89,Tuesday,0,301.8442857142857,0.9424490721248846,3.258539171095788
H002,2026-02-18,3,295.41,98.47,Wednesday,0,302.6914285714286,-5.220097535934287,-2.4055615336693723
H002,2026-02-19,3,261.68,87.23,Thursday,0,302.41285714285715,-11.418029179784039,-13.46928749250079
H002,2026-02-20,3,312.46,104.15,Friday,0,296.65999999999997,19.40538061754813,5.325962381177109
H002,2026-02-21,3,370.6,123.53,Saturday,0,298.67857142857144,18.60718171926008,24.079875642711947
H002,2026-02-22,3,347.06,115.69,Sunday,0,302.8128571428571,-6.351861845655704,14.612042326944042
H002,2026-02-23,3,302.98,100.99,Monday,0,315.38,-12.700973895003742,-3.9317648550954334
H002,2026-02-24,3,278.83,92.94,Tuesday,0,314.55285714285714,-7.9708231566440135,-11.356710432496017
H002,2026-02-25,3,296.33,98.78,Wednesday,0,309.86,6.276225657210488,-4.366488091396124
H002,2026-02-26,3,336.14,112.05,Thursday,0,309.99142857142857,13.434346843046608,8.435256274367028
H002,2026-02-27,3,318.66,106.22,Friday,0,320.62857142857143,-5.200214196465747,-0.6139725539119524
H002,2026-02-28,3,369.64,123.21,Saturday,0,321.5142857142857,15.998242641059424,14.968452857015915
H002,2026-03-01,3,349.17,116.39,Sunday,0,321.3771428571428,-5.537820582188068,8.648050354723441
H002,2026-03-02,3,315.16,105.05,Monday,0,321.67857142857144,-9.740241143282635,-2.026423892528031
H002,2026-03-03,3,324.64,108.21,Tuesday,0,323.4185714285714,3.007995938570862,0.37766185350254317
H002,2026-03-04,3,297.25,99.08,Wednesday,0,329.96285714285716,-8.437037949728932,-9.914102886039126
H002,2026-03-05,3,306.09,102.03,Thursday,0,330.0942857142858,2.9739276703111717,-7.2719482745189925
H002,2026-03-06,3,287.48,95.83,Friday,0,325.8014285714286,-6.079911137247196,-11.762203971744396
H002,2026-03-07,3,347.04,115.68,Saturday,0,321.34714285714284,20.717962988729653,7.995358824235485
H002,2026-03-08,3,358.75,119.58,Sunday,0,318.11857142857144,3.374250806823409,12.772416394605779
H002,2026-03-09,3,306.19,102.06,Monday,0,319.4871428571428,-14.650871080139371,-4.1620275352014975
H002,2026-03-10,3,588.27,196.09,Tuesday,1,318.2057142857143,92.12580423919788,84.87097295550048
H002,2026-03-11,3,348.82,116.27,Wednesday,0,355.8671428571429,-40.70409845819096,-1.9802735370744382
H002,2026-03-12,3,322.27,107.42,Thursday,0,363.2342857142857,-7.611375494524397,-11.277648428405126
H002,2026-03-13,3,266.18,88.73,Friday,0,365.54571428571427,-17.404660688242767,-27.182842091276445
H002,2026-03-14,3,338.19,112.73,Saturday,0,362.5028571428571,27.053121947554292,-6.706942211292912
H002,2026-03-15,3,317.38,105.79,Sunday,0,361.23857142857145,-6.153345752387707,-12.141165118421943
H002,2026-03-16,3,320.0,106.67,Monday,0,355.32857142857137,0.8255088537399979,-9.942507940336895
H002,2026-03-17,3,287.45,95.82,Tuesday,0,357.3014285714285,-10.171875000000007,-19.549719924353578
H002,2026-03-18,3,279.78,93.26,Wednesday,0,314.32714285714286,-2.668290137415208,-10.990823936844698
H002,2026-03-19,3,305.27,101.76,Thursday,0,304.4642857142857,9.11072985917507,0.26463343108503534
H002,2026-03-20,3,274.84,91.61,Friday,0,302.0357142857143,-9.968224850132668,-9.004138583422023
H002,2026-03-21,3,313.85,104.62,Saturday,0,303.2728571428571,14.193712705574168,3.487665515730786
H002,2026-03-22,3,313.17,104.39,Sunday,0,299.7957142857143,-0.21666401147044656,4.461133057272325
H002,2026-03-23,3,319.3,106.43,Monday,0,299.1942857142857,1.9574033272663494,6.7199526346951
H002,2026-03-24,3,248.66,82.89,Tuesday,0,299.0942857142857,-22.123394926401506,-16.86233676910291
H002,2026-03-25,3,311.89,103.96,Wednesday,0,293.55285714285714,25.428295664763123,6.246623874016359
H002,2026-03-26,3,306.23,102.08,Thursday,0,298.14,-1.8147423771201265,2.713490306567395
H002,2026-03-27,3,314.55,104.85,Friday,0,298.27714285714285,2.7169121248734607,5.455616540705199
H002,2026-03-28,3,374.09,124.7,Saturday,0,303.95,18.92862819901446,23.076163842737287
H002,2026-03-29,3,304.46,101.49,Sunday,0,312.5557142857143,-18.61316795423561,-2.590166781693794
H002,2026-03-30,3,265.95,88.65,Monday,0,311.31142857142856,-12.64862379294488,-14.571077194173956
H002,2026-03-31,3,340.42,113.47,Tuesday,0,303.69,28.00150404211319,12.094570120846921
H002,2026-04-01,3,313.44,104.48,Wednesday,0,316.79857142857145,-7.925503789436583,-1.0601599033184745
H002,2026-04-02,3,325.09,108.36,Thursday,0,317.02000000000004,3.7168198060234747,2.5455807204592564
H002,2026-04-03,3,290.56,96.85,Friday,0,319.7142857142857,-10.621673997969783,-9.118856121537089
H002,2026-04-04,3,345.92,115.31,Saturday,0,316.28714285714284,19.052863436123356,9.368973039868846
H002,2026-04-05,3,341.47,113.82,Sunday,0,312.2628571428572,-1.2864246068455154,9.3533835962376
H002,2026-04-06,3,311.06,103.69,Monday,0,317.55,-8.905613963159286,-2.043772634230833
H002,2026-04-07,3,283.44,94.48,Tuesday,0,323.9942857142857,-8.879315887610106,-12.51697560803541
H002,2026-04-08,3,300.88,100.29,Wednesday,0,315.8542857142857,6.152977702511997,-4.7408841328279765
H002,2026-04-09,3,300.76,100.25,Thursday,0,314.06,-0.039883009837815564,-4.234859580971793
H002,2026-04-10,3,313.81,104.6,Friday,0,310.5842857142857,4.339007846788134,1.0385954583296886
H003,2026-01-01,5,515.91,103.18,Thursday,0,,,
H003,2026-01-02,5,582.89,116.58,Friday,0,,12.982884611657086,
H003,2026-01-03,5,546.44,109.29,Saturday,0,,-6.253323954777046,
H003,2026-01-04,5,571.05,114.21,Sunday,0,,4.503696654710465,
H003,2026-01-05,5,521.6,104.32,Monday,0,,-8.659486910077918,
H003,2026-01-06,5,576.53,115.31,Tuesday,0,,10.531058282208573,
H003,2026-01-07,5,556.84,111.37,Wednesday,0,,-3.4152602639931917,
H003,2026-01-08,5,556.22,111.24,Thursday,0,553.0371428571428,-0.11134257596436825,0.5755232146639677
H003,2026-01-09,5,544.23,108.85,Friday,0,558.7957142857143,-2.1556218762360246,-2.6066259839399564
H003,2026-01-10,5,674.4,134.88,Saturday,0,553.2728571428572,23.918196350807563,21.892840267395812
H003,2026-01-11,5,475.7,95.14,Sunday,0,571.5528571428572,-29.4632265717675,-16.77060239397932
H003,2026-01-12,5,502.04,100.41,Monday,0,557.9314285714286,5.5371032163128,-10.017616092095286
H003,2026-01-13,5,525.62,105.12,Tuesday,0,555.1371428571429,4.696836905425861,-5.31709024282288
H003,2026-01-14,5,575.72,115.14,Wednesday,0,547.8642857142858,9.531600776226167,5.084418716835501
H003,2026-01-15,5,454.33,90.87,Thursday,0,550.5614285714286,-21.0849023831029,-17.478781399765957
H003,2026-01-16,5,468.94,93.79,Friday,0,536.0057142857142,3.2157242532960595,-12.512126736388732
H003,2026-01-17,5,488.62,97.72,Saturday,0,525.25,4.196698938030452,-6.973821989528794
H003,2026-01-18,5,600.67,120.13,Sunday,0,498.71,22.931930743727214,20.444747448416912
H003,2026-01-19,5,532.64,106.53,Monday,0,516.5628571428572,-11.32568631694607,3.11233040371244
H003,2026-01-20,5,462.23,92.45,Tuesday,0,520.9342857142857,-13.219059777711017,-11.269038595490514
H003,2026-01-21,5,424.82,84.96,Wednesday,0,511.87857142857143,-8.0933734288125,-17.00766085706711
H003,2026-01-22,5,523.39,104.68,Thursday,0,490.32142857142856,23.202768231250893,6.7442639667856366
H003,2026-01-23,5,501.46,100.29,Friday,0,500.1871428571429,-4.189992166453315,0.25447618177195797
H003,2026-01-24,5,566.49,113.3,Saturday,0,504.8328571428571,12.96813305148965,12.213377553532577
H003,2026-01-25,5,551.78,110.36,Sunday,0,515.9571428571428,-2.5966919098307173,6.942990835340705
H003,2026-01-26,5,530.68,106.14,Monday,0,508.97285714285715,-3.823987821233099,4.264892037464799
H003,2026-01-27,5,543.22,108.64,Tuesday,0,508.6928571428571,2.3630059546242643,6.7874243509274566
H003,2026-01-28,5,491.75,98.35,Wednesday,0,520.2628571428571,-9.474982511689555,-5.48047141005645
H003,2026-01-29,5,513.64,102.73,Thursday,0,529.8242857142857,4.451448906964917,-3.0546515421554816
H003,2026-01-30,5,529.33,105.87,Friday,0,528.4314285714286,3.0546686395140688,0.17004503895627232
H003,2026-01-31,5,618.0,123.6,Saturday,0,532.4128571428571,16.751364933028533,16.07533358913197
H003,2026-02-01,5,566.14,113.23,Sunday,0,539.7714285714285,-8.391585760517806,4.885136565742127
H003,2026-02-02,5,516.22,103.24,Monday,0,541.8228571428572,-8.817606952343937,-4.72531876522638
H003,2026-02-03,5,555.71,111.14,Tuesday,0,539.7571428571429,7.649839215838217,2.955562025249456
H003,2026-02-04,5,438.03,87.61,Wednesday,0,541.5414285714286,-21.176512929405632,-19.114221573867198
H003,2026-02-05,5,467.07,93.41,Thursday,0,533.8671428571428,6.629682898431621,-12.51194117316506
H003,2026-02-06,5,459.33,91.87,Friday,0,527.2142857142857,-1.6571391868456575,-12.876033057851236
H003,2026-02-07,5,442.73,88.55,Saturday,0,517.2142857142857,-3.6139594626956595,-14.401049578787447
H003,2026-02-08,5,615.46,123.09,Sunday,0,492.17571428571426,39.01474939579428,25.048835636517747
H003,2026-02-09,5,529.37,105.87,Monday,0,499.2214285714286,-13.987911480843596,6.03911805525747
H003,2026-02-10,5,566.53,113.31,Tuesday,0,501.09999999999997,7.019664884674226,13.057273997206147
H003,2026-02-11,5,576.48,115.3,Wednesday,0,502.6457142857143,1.7563059326072938,14.689130657208146
H003,2026-02-12,5,518.24,103.65,Thursday,0,522.4242857142857,-10.102692200943665,-0.8009362942545291
H003,2026-02-13,5,577.56,115.51,Friday,0,529.7342857142858,11.446434084594003,9.02824596698073
H003,2026-02-14,5,581.71,116.34,Saturday,0,546.6242857142857,0.7185400651014806,6.418616077378822
H003,2026-02-15,5,545.37,109.07,Sunday,0,566.4785714285715,-6.247099069983331,-3.7262788908923685
H003,2026-02-16,5,484.1,96.82,Monday,0,556.4657142857143,-11.234574692410648,-13.004523446445162
H003,2026-02-17,5,506.2,101.24,Tuesday,0,549.9985714285715,4.56517248502375,-7.9633973075254865
H003,2026-02-18,5,554.63,110.93,Wednesday,0,541.38,9.567364677992884,2.447449111529794
H003,2026-02-19,5,592.86,118.57,Thursday,0,538.2585714285714,6.892883543984274,10.144089006611281
H003,2026-02-20,5,463.5,92.7,Friday,0,548.9185714285715,-21.81965388118612,-15.561246398763288
H003,2026-02-21,5,585.5,117.1,Saturday,0,532.6242857142857,26.321467098166117,9.927394545069285
H003,2026-02-22,5,600.81,120.16,Sunday,0,533.1657142857142,2.614859094790778,12.687291005744667
H003,2026-02-23,5,444.79,88.96,Monday,0,541.0857142857143,-25.968276160516623,-17.796757841377122
H003,2026-02-24,5,559.82,111.96,Tuesday,0,535.47,25.86164257289958,4.547406950902949
H003,2026-02-25,5,495.9,99.18,Wednesday,0,543.13,-11.41795577149799,-8.69589232780366
H003,2026-02-26,5,498.87,99.77,Thursday,0,534.74,0.5989110707804057,-6.707932827168345
H003,2026-02-27,5,476.53,95.31,Friday,0,521.3128571428571,-4.478120552448539,-8.590399513316646
H003,2026-02-28,5,544.58,108.92,Saturday,0,523.1742857142857,14.280318133171054,4.091507337079705
H003,2026-03-01,5,1003.97,200.79,Sunday,1,517.3285714285714,84.35675199236108,94.06815232098971
H003,2026-03-02,5,576.18,115.24,Monday,0,574.9228571428572,-42.60983893941055,0.2186628765101224
H003,2026-03-03,5,506.83,101.37,Tuesday,0,593.6928571428572,-12.036169252664097,-14.630941925237925
H003,2026-03-04,5,459.55,91.91,Wednesday,0,586.1228571428572,-9.328571710435451,-21.594936215225488
H003,2026-03-05,5,565.62,113.12,Thursday,0,580.9300000000001,23.081275160483084,-2.635429397689921
H003,2026-03-06,5,507.3,101.46,Friday,0,590.4657142857143,-10.310809377320462,-14.084766020042288
H003,2026-03-07,5,597.04,119.41,Saturday,0,594.8614285714285,17.689729942834596,0.3662317514523218
H003,2026-03-08,5,552.95,110.59,Sunday,0,602.3557142857143,-7.384764839876712,-8.202082775009536
H003,2026-03-09,5,602.46,120.49,Monday,0,537.9242857142857,8.953793290532586,11.997174323524032
H003,2026-03-10,5,607.71,121.54,Tuesday,0,541.6785714285714,0.8714271486903735,12.190149667040288
H003,2026-03-11,5,524.02,104.8,Wednesday,0,556.09,-13.771371213243167,-5.767052095883769
H003,2026-03-12,5,527.8,105.56,Thursday,0,565.3,0.7213465134918495,-6.633645851760129
H003,2026-03-13,5,565.99,113.2,Friday,0,559.8971428571429,7.235695339143633,1.0882100794023415
H003,2026-03-14,5,529.05,105.81,Saturday,0,568.2814285714286,-6.526617078040253,-6.9035211426933945
H003,2026-03-15,5,557.98,111.6,Sunday,0,558.5685714285715,5.468292221907212,-0.1053713829738435
H003,2026-03-16,5,486.38,97.28,Monday,0,559.2871428571428,-12.832001146994521,-13.035726600953762
H003,2026-03-17,5,454.86,90.97,Tuesday,0,542.7042857142857,-6.480529627040577,-16.186399854695917
H003,2026-03-18,5,434.7,86.94,Wednesday,0,520.8685714285714,-4.432132963988922,-16.543246445497626
H003,2026-03-19,5,474.54,94.91,Thursday,0,508.1085714285714,9.164941338854394,-6.606574522880364
H003,2026-03-20,5,502.0,100.4,Friday,0,500.5,5.7866565516078605,0.2997002997002997
H003,2026-03-21,5,548.56,109.71,Saturday,0,491.35857142857145,9.274900398406372,11.641483816008659
H003,2026-03-22,5,615.9,123.18,Sunday,0,494.14571428571423,12.275776578678732,24.63934871726675
H003,2026-03-23,5,535.62,107.12,Monday,0,502.42,-13.034583536288357,6.6080171967676415
H003,2026-03-24,5,504.15,100.83,Tuesday,0,509.45428571428573,-5.875434076397445,-1.0411701035842351
H003,2026-03-25,5,509.27,101.85,Wednesday,0,516.4957142857143,1.0155707626698485,-1.3989882366607918
H003,2026-03-26,5,528.85,105.77,Thursday,0,527.1485714285715,3.8447189113829605,0.3227607288809837
H003,2026-03-27,5,546.94,109.39,Friday,0,534.907142857143,3.4206296681478676,2.2495226140718594
H003,2026-03-28,5,549.53,109.91,Saturday,0,541.3271428571428,0.47354371594690026,1.515323451095065
H003,2026-03-29,5,516.17,103.23,Sunday,0,541.4657142857143,-6.070642185140029,-4.671711175486649
H003,2026-03-30,5,629.42,125.88,Monday,0,527.2185714285714,21.940445977100566,19.385020579699933
H003,2026-03-31,5,530.42,106.08,Tuesday,0,540.6185714285714,-15.728766165676333,-1.8864633898206549
H003,2026-04-01,5,580.87,116.17,Wednesday,0,544.3714285714285,9.511330643640893,6.7047184170471965
H003,2026-04-02,5,524.94,104.99,Thursday,0,554.6,-9.628660457589467,-5.347998557518927
H003,2026-04-03,5,545.34,109.07,Friday,0,554.0414285714286,3.8861584181049125,-1.570537530715853
H003,2026-04-04,5,1268.03,253.61,Saturday,1,553.8128571428572,132.5209960758426,128.96362618625682
H003,2026-04-05,5,596.74,119.35,Sunday,0,656.4557142857144,-52.939599220838616,-9.096685882411842
H003,2026-04-06,5,548.87,109.77,Monday,0,667.9657142857143,-8.02191909374267,-17.82961486474926
H003,2026-04-07,5,566.37,113.27,Tuesday,0,656.4585714285714,3.188368830506305,-13.723420692416665
H003,2026-04-08,5,536.4,107.28,Wednesday,0,661.5942857142857,-5.291593834419206,-18.92312077319721
H003,2026-04-09,5,509.19,101.84,Thursday,0,655.2414285714286,-5.072706935123039,-22.28971218896416
H003,2026-04-10,5,540.05,108.01,Friday,0,652.9914285714285,6.060606060606055,-17.29600476050878
H004,2026-01-01,4,422.71,105.68,Thursday,0,,,
H004,2026-01-02,4,365.19,91.3,Friday,0,,-13.607437723261807,
H004,2026-01-03,4,409.11,102.28,Saturday,0,,12.026616281935443,
H004,2026-01-04,4,506.47,126.62,Sunday,0,,23.798000537752696,
H004,2026-01-05,4,382.16,95.54,Monday,0,,-24.544395521946015,
H004,2026-01-06,4,331.36,82.84,Tuesday,0,,-13.29286162863722,
H004,2026-01-07,4,415.49,103.87,Wednesday,0,,25.389304683727666,
H004,2026-01-08,4,518.48,129.62,Thursday,0,404.6414285714286,24.78760018291655,28.133197292841274
H004,2026-01-09,4,449.49,112.37,Friday,0,418.3228571428572,-13.306202746489737,7.450499614105299
H004,2026-01-10,4,454.35,113.59,Saturday,0,430.36571428571426,1.0812253887739542,5.573001035664031
H004,2026-01-11,4,407.13,101.78,Sunday,0,436.82857142857137,-10.392868933641475,-6.798678788671582
H004,2026-01-12,4,437.83,109.46,Monday,0,422.63714285714286,7.540589001056164,3.5947756603097507
H004,2026-01-13,4,431.38,107.85,Tuesday,0,430.59000000000003,-1.4731745197907875,0.1834691934322589
H004,2026-01-14,4,461.85,115.46,Wednesday,0,444.87857142857143,7.06337799619825,3.814845142334188
H004,2026-01-15,4,446.35,111.59,Thursday,0,451.50142857142856,-3.356067987441813,-1.140955099018822
H004,2026-01-16,4,457.6,114.4,Friday,0,441.1971428571428,2.520443598073263,3.7178067465791296
H004,2026-01-17,4,454.33,113.58,Saturday,0,442.3557142857143,-0.7145979020979132,2.70693591776494
H004,2026-01-18,4,532.46,133.11,Sunday,0,442.3528571428572,17.196751260097297,20.36996967514621
H004,2026-01-19,4,403.53,100.88,Monday,0,460.25714285714287,-24.214025466701738,-12.325097771432127
H004,2026-01-20,4,480.79,120.2,Tuesday,0,455.35714285714283,19.146036230267892,5.585254901960794
H004,2026-01-21,4,427.72,106.93,Wednesday,0,462.4157142857143,-11.03808315480771,-7.503143429999589
H004,2026-01-22,4,483.16,120.79,Thursday,0,457.54,12.961750678013662,5.599510425318006
H004,2026-01-23,4,419.0,104.75,Friday,0,462.79857142857145,-13.279244970610149,-9.46385190718579
H004,2026-01-24,4,533.64,133.41,Saturday,0,457.28428571428566,27.360381861575167,16.69764666556285
H004,2026-01-25,4,477.73,119.43,Sunday,0,468.61428571428576,-10.477100667116401,1.9452489101606507
H004,2026-01-26,4,770.48,192.62,Monday,1,460.79571428571427,61.27938375232871,67.2064162303097
H004,2026-01-27,4,418.79,104.7,Tuesday,0,513.2171428571429,-45.64557159173502,-18.399062496520553
H004,2026-01-28,4,450.09,112.52,Wednesday,0,504.36000000000007,7.473912939659488,-10.760171306209868
H004,2026-01-29,4,379.96,94.99,Thursday,0,507.55571428571426,-15.581328178808684,-25.139252833608694
H004,2026-01-30,4,456.53,114.13,Friday,0,492.8128571428571,20.152121275923783,-7.362400679481347
H004,2026-01-31,4,451.78,112.94,Saturday,0,498.17428571428576,-1.0404573631524805,-9.3128623946869
H004,2026-02-01,4,367.58,91.9,Sunday,0,486.47999999999996,-18.6373898800301,-24.440881433974674
H004,2026-02-02,4,375.77,93.94,Monday,0,470.7442857142857,2.2280864029599057,-20.175345425632965
H004,2026-02-03,4,405.66,101.42,Tuesday,0,414.3571428571428,7.954333767996391,-2.0989484571625328
H004,2026-02-04,4,442.98,110.75,Wednesday,0,412.4814285714286,9.199822511462807,7.393925960302977
H004,2026-02-05,4,428.15,107.04,Thursday,0,411.46571428571434,-3.347780938191347,4.054842271183832
H004,2026-02-06,4,425.57,106.39,Friday,0,418.34999999999997,-0.6025925493401862,1.7258276562686814
H004,2026-02-07,4,447.99,112.0,Saturday,0,413.9271428571428,5.26822849354982,8.229191472619416
H004,2026-02-08,4,837.79,209.45,Sunday,1,413.38571428571424,87.01087077836559,102.66544562325053
H004,2026-02-09,4,447.75,111.94,Monday,0,480.5585714285714,-46.55581947743468,-6.827174329872075
H004,2026-02-10,4,453.71,113.43,Tuesday,0,490.8414285714286,1.3310999441652704,-7.564852192590575
H004,2026-02-11,4,444.67,111.17,Wednesday,0,497.70571428571424,-1.9924621454232794,-10.656038852563466
H004,2026-02-12,4,505.09,126.27,Thursday,0,497.9471428571428,13.587604290822398,1.4344609152434473
H004,2026-02-13,4,431.35,107.84,Friday,0,508.93857142857144,-14.599378328614698,-15.24517412991183
H004,2026-02-14,4,460.55,115.14,Saturday,0,509.7642857142857,6.7694447664309765,-9.654322025586046
H004,2026-02-15,4,425.3,106.33,Sunday,0,511.5585714285714,-7.653892085549884,-16.86191498808961
H004,2026-02-16,4,403.49,100.87,Monday,0,452.6314285714285,-5.128144838937221,-10.85683084944545
H004,2026-02-17,4,431.92,107.98,Tuesday,0,446.3085714285715,7.046023445438543,-3.2239065860903526
H004,2026-02-18,4,445.99,111.5,Wednesday,0,443.19571428571436,3.257547694017404,0.6304857254292539
H004,2026-02-19,4,436.15,109.04,Thursday,0,443.38428571428574,-2.20632749613221,-1.631606249335479
H004,2026-02-20,4,407.77,101.94,Friday,0,433.5357142857143,-6.50693568726356,-5.943158415025952
H004,2026-02-21,4,491.42,122.85,Saturday,0,430.1671428571429,20.51401525369694,14.239315614860661
H004,2026-02-22,4,477.8,119.45,Sunday,0,434.57714285714286,-2.771559969069226,9.945957318115477
H004,2026-02-23,4,453.43,113.36,Monday,0,442.07714285714286,-5.100460443700294,2.5680715065890256
H004,2026-02-24,4,440.91,110.23,Tuesday,0,449.2114285714286,-2.761175925721715,-1.8480003052969016
H004,2026-02-25,4,384.05,96.01,Wednesday,0,450.49571428571426,-12.896055884420853,-14.749466460755922
H004,2026-02-26,4,432.01,108.0,Thursday,0,441.6471428571429,12.487957297226915,-2.1820910681766126
H004,2026-02-27,4,443.48,110.87,Friday,0,441.05571428571426,2.655031133538577,0.5496552103880725
H004,2026-02-28,4,439.67,109.92,Saturday,0,446.15714285714284,-0.8591142779832195,-1.4540040344529408
H004,2026-03-01,4,418.22,104.55,Sunday,0,438.7642857142857,-4.8786589942456775,-4.682305826428103
H004,2026-03-02,4,477.74,119.43,Monday,0,430.2528571428572,14.231744058151197,11.03703138021827
H004,2026-03-03,4,425.6,106.4,Tuesday,0,433.7257142857143,-10.913886214258795,-1.8734684198044773
H004,2026-03-04,4,447.0,111.75,Wednesday,0,431.5385714285715,5.028195488721798,3.5828613234373807
H004,2026-03-05,4,350.63,87.66,Thursday,0,440.5314285714286,-21.5592841163311,-20.40749484388985
H004,2026-03-06,4,394.19,98.55,Friday,0,428.9057142857143,12.42335225166129,-8.0940199977351
H004,2026-03-07,4,470.54,117.64,Saturday,0,421.86428571428576,19.368832288997705,11.538240124616914
H004,2026-03-08,4,504.47,126.12,Sunday,0,426.2742857142857,7.210864113571636,18.343990455508195
H004,2026-03-09,4,393.49,98.37,Monday,0,438.5957142857143,-21.99932602533352,-10.284121074728759
H004,2026-03-10,4,405.27,101.32,Tuesday,0,426.56,2.9937228392081128,-4.991091522880725
H004,2026-03-11,4,442.56,110.64,Wednesday,0,423.6557142857142,9.201273225257234,4.462181218577094
H004,2026-03-12,4,490.36,122.59,Thursday,0,423.0214285714286,10.800795372378879,15.91847761849281
H004,2026-03-13,4,391.9,97.97,Friday,0,442.98285714285714,-20.079125540419295,-11.531565233095126
H004,2026-03-14,4,486.75,121.69,Saturday,0,442.6557142857143,24.202602704771635,9.961304980652491
H004,2026-03-15,4,393.29,98.32,Sunday,0,444.9714285714286,-19.20082177709296,-11.614549890843714
H004,2026-03-16,4,419.65,104.91,Monday,0,429.0885714285714,6.70243331892495,-2.199679053941579
H004,2026-03-17,4,994.87,248.72,Tuesday,1,432.8257142857143,137.07136899797453,129.8546429113665
H004,2026-03-18,4,442.77,110.69,Wednesday,0,517.0542857142857,-55.49468774814801,-14.366825257364521
H004,2026-03-19,4,372.69,93.17,Thursday,0,517.0842857142858,-15.827630598279008,-27.924709704690322
H004,2026-03-20,4,452.28,113.07,Friday,0,500.2742857142857,21.355550189165264,-9.593594371087868
H004,2026-03-21,4,433.69,108.42,Saturday,0,508.9,-4.110285663748114,-14.77893495775201
H004,2026-03-22,4,455.54,113.88,Sunday,0,501.32,5.038160898337529,-9.131891805633122
H004,2026-03-23,4,453.18,113.29,Monday,0,510.2128571428571,-0.5180664705624172,-11.178247734138964
H004,2026-03-24,4,460.89,115.22,Tuesday,0,515.0028571428571,1.7013107374553194,-10.507292608640173
H004,2026-03-25,4,449.95,112.49,Wednesday,0,438.71999999999997,-2.373668337347301,2.5597191830780495
H004,2026-03-26,4,375.8,93.95,Thursday,0,439.74571428571426,-16.47960884542726,-14.541520749004286
H004,2026-03-27,4,453.07,113.27,Friday,0,440.19,20.5614688664183,2.926009223289942
H004,2026-03-28,4,435.89,108.97,Saturday,0,440.3028571428572,-3.7919085351049486,-1.002232229763943
H004,2026-03-29,4,424.12,106.03,Sunday,0,440.6171428571429,-2.700222533207919,-3.7440991855579226
H004,2026-03-30,4,406.34,101.59,Monday,0,436.12857142857143,-4.192209751956999,-6.83022699728128
H004,2026-03-31,4,389.8,97.45,Tuesday,0,429.4371428571429,-4.070482846876988,-9.23002202218186
H004,2026-04-01,4,459.18,114.79,Wednesday,0,419.28142857142853,17.798871216008205,9.515940537722715
H004,2026-04-02,4,442.77,110.69,Thursday,0,420.6,-3.573761923428731,5.271041369472173
H004,2026-04-03,4,413.04,103.26,Friday,0,430.1671428571429,-6.714547056033593,-3.9815088487199355
H004,2026-04-04,4,537.48,134.37,Saturday,0,424.4485714285714,30.127832655432883,26.630182354247868
H004,2026-04-05,4,470.84,117.71,Sunday,0,438.9614285714286,-12.398600878172218,7.262271660705615
H004,2026-04-06,4,412.84,103.21,Monday,0,445.6357142857143,-12.318409650836804,-7.359310134799413
H004,2026-04-07,4,450.75,112.69,Tuesday,0,446.5642857142857,9.182734231179147,0.9373150562229142
H004,2026-04-08,4,415.84,103.96,Wednesday,0,455.2714285714286,-7.744869661674992,-8.661081301578347
H004,2026-04-09,4,420.07,105.02,Thursday,0,449.08,1.0172181608310904,-6.4598735191947965
H004,2026-04-10,4,481.73,120.43,Friday,0,445.8371428571428,14.678505963291833,8.050665521683145
H005,2026-01-01,1,95.41,95.41,Thursday,0,,,
H005,2026-01-02,1,101.76,101.76,Friday,0,,6.655486846242531,
H005,2026-01-03,1,88.91,88.91,Saturday,0,,-12.62775157232705,
H005,2026-01-04,1,87.53,87.53,Sunday,0,,-1.5521313687999028,
H005,2026-01-05,1,83.24,83.24,Monday,0,,-4.901176739403645,
H005,2026-01-06,1,76.99,76.99,Tuesday,0,,-7.508409418548778,
H005,2026-01-07,1,88.44,88.44,Wednesday,0,,14.872061306663209,
H005,2026-01-08,1,88.07,88.07,Thursday,0,88.89714285714285,-0.41836273179557404,-0.9304493154207142
H005,2026-01-09,1,74.42,74.42,Friday,0,87.84857142857143,-15.499034858635163,-15.286044166910596
H005,2026-01-10,1,99.95,99.95,Saturday,0,83.94285714285715,34.30529427573232,19.069094622191958
H005,2026-01-11,1,91.91,91.91,Sunday,0,85.52,-8.044022011005513,7.4719363891487385
H005,2026-01-12,1,83.56,83.56,Monday,0,86.14571428571428,-9.084974431509075,-3.0015588206029524
H005,2026-01-13,1,88.68,88.68,Tuesday,0,86.19142857142856,6.127333652465294,2.887260914244063
H005,2026-01-14,1,72.82,72.82,Wednesday,0,87.86142857142856,-17.884528642309437,-17.119490106173682
H005,2026-01-15,1,85.63,85.63,Thursday,0,85.63,17.591321065641317,0.0
H005,2026-01-16,1,81.88,81.88,Friday,0,85.28142857142858,-4.37930631787925,-3.9884751327537513
H005,2026-01-17,1,101.94,101.94,Saturday,0,86.34714285714286,24.49926722032243,18.058335952881226
H005,2026-01-18,1,100.15,100.15,Sunday,0,86.63142857142857,-1.7559348636452698,15.604696415025895
H005,2026-01-19,1,88.49,88.49,Monday,0,87.80857142857144,-11.642536195706455,0.7760387856701073
H005,2026-01-20,1,86.68,86.68,Tuesday,0,88.51285714285713,-2.0454288620182948,-2.0707241885762935
H005,2026-01-21,1,78.64,78.64,Wednesday,0,88.22714285714287,-9.275496077526546,-10.866432422804781
H005,2026-01-22,1,85.72,85.72,Thursday,0,89.05857142857143,9.003051881993883,-3.7487367863845606
H005,2026-01-23,1,92.72,92.72,Friday,0,89.07142857142857,8.166122258516095,4.096230954290298
H005,2026-01-24,1,91.94,91.94,Saturday,0,90.62,-0.8412424503882687,1.4566320900463396
H005,2026-01-25,1,91.43,91.43,Sunday,0,89.19142857142857,-0.5547095932129542,2.5098504020245427
H005,2026-01-26,1,82.21,82.21,Monday,0,87.94571428571429,-10.084217434102605,-6.5218803807543715
H005,2026-01-27,1,83.97,83.97,Tuesday,0,87.04857142857144,2.1408587763045883,-3.536613384973915
H005,2026-01-28,1,72.99,72.99,Wednesday,0,86.66142857142857,-13.076098606645237,-15.775678749814556
H005,2026-01-29,1,73.6,73.6,Thursday,0,85.85428571428572,0.83573092204412,-14.273353522579802
H005,2026-01-30,1,87.78,87.78,Friday,0,84.12285714285714,19.2663043478261,4.347383079169923
H005,2026-01-31,1,89.04,89.04,Saturday,0,83.41714285714285,1.4354066985645897,6.740649404027967
H005,2026-02-01,1,187.36,187.36,Sunday,1,83.00285714285714,110.42228212039534,125.7271694606038
H005,2026-02-02,1,75.62,75.62,Monday,0,96.70714285714287,-59.63919726729292,-21.805155476770814
H005,2026-02-03,1,90.17,90.17,Tuesday,0,95.76571428571428,19.24094154985454,-5.843129064980005
H005,2026-02-04,1,86.88,86.88,Wednesday,0,96.65142857142858,-3.6486636353554425,-10.109968073785044
H005,2026-02-05,1,100.63,100.63,Thursday,0,98.63571428571429,15.826427255985266,2.021869795061187
H005,2026-02-06,1,87.36,87.36,Friday,0,102.49714285714286,-13.186922388949618,-14.768355912359931
H005,2026-02-07,1,96.09,96.09,Saturday,0,102.43714285714286,9.993131868131865,-6.196134214710065
H005,2026-02-08,1,97.08,97.08,Sunday,0,103.44428571428571,1.0302841086481385,-6.152380163234867
H005,2026-02-09,1,92.98,92.98,Monday,0,90.54714285714284,-4.223320972393896,2.686840319959629
H005,2026-02-10,1,81.0,81.0,Tuesday,0,93.02714285714285,-12.88449128844913,-12.928638339040823
H005,2026-02-11,1,81.58,81.58,Wednesday,0,91.71714285714286,0.7160493827160552,-11.052615183327626
H005,2026-02-12,1,81.28,81.28,Thursday,0,90.96000000000001,-0.36773719048786013,-10.642040457343894
H005,2026-02-13,1,89.87,89.87,Friday,0,88.19571428571429,10.568405511811019,1.8983753664739156
H005,2026-02-14,1,103.38,103.38,Saturday,0,88.55428571428571,15.03282519194391,16.741950054849326
H005,2026-02-15,1,88.26,88.26,Sunday,0,89.59571428571428,-14.625652930934407,-1.4908238595595968
H005,2026-02-16,1,82.86,82.86,Monday,0,88.33571428571429,-6.118286879673695,-6.198754750545811
H005,2026-02-17,1,215.74,215.74,Tuesday,1,86.89,160.36688390055517,148.2909425710669
H005,2026-02-18,1,78.93,78.93,Wednesday,0,106.13857142857144,-63.414294984703815,-25.634951613120315
H005,2026-02-19,1,79.23,79.23,Thursday,0,105.75999999999999,0.3800836183960543,-25.085098335854756
H005,2026-02-20,1,68.83,68.83,Friday,0,105.46714285714286,-13.126341032437217,-34.737968493911445
H005,2026-02-21,1,83.97,83.97,Saturday,0,102.46142857142857,21.996222577364534,-18.04720940284149
H005,2026-02-22,1,88.57,88.57,Sunday,0,99.68857142857144,5.478146957246621,-11.153306010145895
H005,2026-02-23,1,82.86,82.86,Monday,0,99.73285714285714,-6.44687817545444,-16.918052511709853
H005,2026-02-24,1,77.55,77.55,Tuesday,0,99.73285714285714,-6.408399710354818,-22.242275793906582
H005,2026-02-25,1,84.14,84.14,Wednesday,0,79.99142857142859,8.497743391360423,5.186269957495428
H005,2026-02-26,1,91.61,91.61,Thursday,0,80.73571428571428,8.878060375564534,13.468990533486691
H005,2026-02-27,1,77.92,77.92,Friday,0,82.50428571428571,-14.943783429756575,-5.556421311447022
H005,2026-02-28,1,83.39,83.39,Saturday,0,83.80285714285715,7.020020533880911,-0.4926528246565141
H005,2026-03-01,1,89.11,89.11,Sunday,0,83.72,6.859335651756804,6.438127090301005
H005,2026-03-02,1,84.43,84.43,Monday,0,83.79714285714286,-5.251935809673425,0.7552252037232833
H005,2026-03-03,1,89.27,89.27,Tuesday,0,84.02142857142857,5.732559516759439,6.246705772336983
H005,2026-03-04,1,77.52,77.52,Wednesday,0,85.69571428571429,-13.162316567715916,-9.540400420091027
H005,2026-03-05,1,84.44,84.44,Thursday,0,84.75,8.926728586171318,-0.36578171091445694
H005,2026-03-06,1,83.1,83.1,Friday,0,83.72571428571429,-1.5869256276646149,-0.7473382473382586
H005,2026-03-07,1,81.38,81.38,Saturday,0,84.46571428571428,-2.0697954271961527,-3.653215167608163
H005,2026-03-08,1,98.29,98.29,Sunday,0,84.17857142857143,20.779061194396675,16.763682647433182
H005,2026-03-09,1,77.61,77.61,Monday,0,85.49,-21.039780242140615,-9.217452333606264
H005,2026-03-10,1,83.87,83.87,Tuesday,0,84.51571428571428,8.06597088004124,-0.7640168354152126
H005,2026-03-11,1,92.15,92.15,Wednesday,0,83.74428571428572,9.872421604864678,10.037358625748446
H005,2026-03-12,1,69.1,69.1,Thursday,0,85.83428571428571,-25.013564839934897,-19.496038878902873
H005,2026-03-13,1,74.4,74.4,Friday,0,83.64285714285714,7.6700434153401,-11.050384286934232
H005,2026-03-14,1,82.84,82.84,Saturday,0,82.39999999999999,11.344086021505362,0.5339805825242864
H005,2026-03-15,1,96.32,96.32,Sunday,0,82.60857142857142,16.272332206663442,16.59807007228582
H005,2026-03-16,1,76.81,76.81,Monday,0,82.32714285714287,-20.255398671096337,-6.701487098509448
H005,2026-03-17,1,76.95,76.95,Tuesday,0,82.21285714285715,0.18226793386277862,-6.401501329301987
H005,2026-03-18,1,87.55,87.55,Wednesday,0,81.22428571428573,13.775178687459388,7.787959266229291
H005,2026-03-19,1,84.91,84.91,Thursday,0,80.56714285714285,-3.0154197601370614,5.390357643137045
H005,2026-03-20,1,88.23,88.23,Friday,0,82.82571428571428,3.9100223766340925,6.524888750905523
H005,2026-03-21,1,92.7,92.7,Saturday,0,84.80142857142857,5.066303978238684,9.314196189417295
H005,2026-03-22,1,90.3,90.3,Sunday,0,86.21000000000001,-2.588996763754048,4.744229207748508
H005,2026-03-23,1,89.98,89.98,Monday,0,85.35000000000001,-0.35437430786267043,5.424721734036315
H005,2026-03-24,1,73.57,73.57,Tuesday,0,87.23142857142857,-18.237386085796857,-15.661131309161183
H005,2026-03-25,1,69.33,69.33,Wednesday,0,86.74857142857142,-5.763218703275785,-20.07937553520848
H005,2026-03-26,1,91.29,91.29,Thursday,0,84.14571428571428,31.674599740372145,8.49037384129573
H005,2026-03-27,1,92.55,92.55,Friday,0,85.05714285714285,1.3802168912257606,8.809203896540147
H005,2026-03-28,1,86.0,86.0,Saturday,0,85.67428571428572,-7.077255537547266,0.380177416127524
H005,2026-03-29,1,94.41,94.41,Sunday,0,84.71714285714286,9.77906976744185,11.441435364743171
H005,2026-03-30,1,96.68,96.68,Monday,0,85.30428571428571,2.4044063128905835,13.335454591127572
H005,2026-03-31,1,88.01,88.01,Tuesday,0,86.26142857142858,-8.967728589160117,2.0270605965255064
H005,2026-04-01,1,82.01,82.01,Wednesday,0,88.32428571428571,-6.817407112828089,-7.148980218998159
H005,2026-04-02,1,78.48,78.48,Thursday,0,90.13571428571429,-4.30435312766736,-12.931294080355016
H005,2026-04-03,1,84.6,84.6,Friday,0,88.30571428571429,7.7981651376146655,-4.196460348788309
H005,2026-04-04,1,88.8,88.8,Saturday,0,87.17,4.964539007092195,1.8699093724905307
H005,2026-04-05,1,110.06,110.06,Sunday,0,87.57000000000001,23.94144144144146,25.68231129382208
H005,2026-04-06,1,92.2,92.2,Monday,0,89.8057142857143,-16.227512266036705,2.6660727920590324
H005,2026-04-07,1,78.29,78.29,Tuesday,0,89.16571428571429,-15.086767895878516,-12.197193027428858
H005,2026-04-08,1,90.3,90.3,Wednesday,0,87.77714285714286,15.34040107293395,2.874161838421968
H005,2026-04-09,1,88.85,88.85,Thursday,0,88.96142857142857,-1.6057585825027698,-0.12525492589084028
H005,2026-04-10,1,87.51,87.51,Friday,0,90.44285714285715,-1.5081598199212065,-3.2427736534512737
H006,2026-01-01,6,615.71,102.62,Thursday,0,,,
H006,2026-01-02,6,610.91,101.82,Friday,0,,-0.7795877929544837,
H006,2026-01-03,6,637.58,106.26,Saturday,0,,4.365618503543911,
H006,2026-01-04,6,616.34,102.72,Sunday,0,,-3.3313466545374704,
H006,2026-01-05,6,521.78,86.96,Monday,0,,-15.342181263588284,
H006,2026-01-06,6,659.5,109.92,Tuesday,0,,26.394265782513713,
H006,2026-01-07,6,661.7,110.28,Wednesday,0,,0.333586050037904,
H006,2026-01-08,6,644.5,107.42,Thursday,0,617.6457142857143,-2.5993652712709703,4.347846199393077
H006,2026-01-09,6,593.16,98.86,Friday,0,621.7585714285715,-7.9658650116369305,-4.59962640528824
H006,2026-01-10,6,676.36,112.73,Saturday,0,619.2228571428572,14.026569559646651,9.2272341367982
H006,2026-01-11,6,647.11,107.85,Sunday,0,624.7628571428571,-4.324620024838843,3.576900035213368
H006,2026-01-12,6,599.75,99.96,Monday,0,629.1585714285715,-7.318693885119998,-4.674270170363597
H006,2026-01-13,6,584.1,97.35,Tuesday,0,640.2971428571428,-2.609420591913292,-8.776728661692779
H006,2026-01-14,6,520.72,86.79,Wednesday,0,629.5257142857143,-10.850881698339322,-17.283760109651713
H006,2026-01-15,6,578.91,96.49,Thursday,0,609.3857142857142,11.174911660777376,-5.001054926506785
H006,2026-01-16,6,577.59,96.26,Friday,0,600.0157142857144,-0.2280147173135627,-3.7375211601600964
H006,2026-01-17,6,722.58,120.43,Saturday,0,597.7914285714286,25.10258141588324,20.87493487934158
H006,2026-01-18,6,646.86,107.81,Sunday,0,604.3942857142857,-10.47911649921116,7.026160784350802
H006,2026-01-19,6,583.35,97.22,Monday,0,604.3585714285715,-9.818198682868006,-3.4761766311863203
H006,2026-01-20,6,571.86,95.31,Tuesday,0,602.0157142857144,-1.969658009771147,-5.009124109242529
H006,2026-01-21,6,530.96,88.49,Wednesday,0,600.2671428571429,-7.152100164375897,-11.546049734998935
H006,2026-01-22,6,574.27,95.71,Thursday,0,601.7299999999999,8.156923308723819,-4.563508550346489
H006,2026-01-23,6,546.6,91.1,Friday,0,601.0671428571429,-4.818291047764978,-9.061740190660903
H006,2026-01-24,6,556.41,92.74,Saturday,0,596.64,1.794731064763977,-6.742759452936448
H006,2026-01-25,6,663.57,110.6,Sunday,0,572.9014285714286,19.259179382110325,15.826207949011426
H006,2026-01-26,6,575.59,95.93,Monday,0,575.2885714285715,-13.258586132585858,0.0523960645837372
H006,2026-01-27,6,627.6,104.6,Tuesday,0,574.1800000000001,9.03594572525581,9.303702671636065
H006,2026-01-28,6,630.55,105.09,Wednesday,0,582.1428571428571,0.47004461440407486,8.315337423312881
H006,2026-01-29,6,629.0,104.83,Thursday,0,596.37,-0.2458171437633716,5.471435518218555
H006,2026-01-30,6,1240.57,206.76,Friday,1,604.1885714285714,97.2289348171701,105.32827972345436
H006,2026-01-31,6,568.96,94.83,Saturday,0,703.3271428571428,-54.137211120694516,-19.104501258304904
H006,2026-02-01,6,657.66,109.61,Sunday,0,705.12,15.589848143981989,-6.730769230769236
H006,2026-02-02,6,632.45,105.41,Monday,0,704.2757142857143,-3.833287717057432,-10.198522088548925
H006,2026-02-03,6,575.14,95.86,Tuesday,0,712.3985714285715,-9.061585896118274,-19.267103687943553
H006,2026-02-04,6,523.43,87.24,Wednesday,0,704.9042857142857,-8.990854400667669,-25.74452863914656
H006,2026-02-05,6,566.45,94.41,Thursday,0,689.6014285714285,8.21886403148464,-17.858348818468627
H006,2026-02-06,6,591.4,98.57,Friday,0,680.6657142857142,4.404625297908016,-13.114471966520167
H006,2026-02-07,6,631.19,105.2,Saturday,0,587.9271428571428,6.728102806898906,7.358540538307726
H006,2026-02-08,6,636.13,106.02,Sunday,0,596.8171428571429,0.7826486477922501,6.587085778845865
H006,2026-02-09,6,552.09,92.01,Monday,0,593.7414285714286,-13.211136088535358,-7.01507871391828
H006,2026-02-10,6,595.78,99.3,Tuesday,0,582.2614285714286,7.913564817330498,2.3217356955515696
H006,2026-02-11,6,562.6,93.77,Wednesday,0,585.21,-5.5691698277887784,-3.8635703422702985
H006,2026-02-12,6,592.64,98.77,Thursday,0,590.8057142857143,5.339495200853173,0.3104718979408191
H006,2026-02-13,6,594.0,99.0,Friday,0,594.5471428571428,0.22948164146867622,-0.09202682473815157
H006,2026-02-14,6,556.98,92.83,Saturday,0,594.9185714285715,-6.232323232323234,-6.377103229013335
H006,2026-02-15,6,718.62,119.77,Sunday,0,584.3171428571428,29.02079069266401,22.984582736380936
H006,2026-02-16,6,596.09,99.35,Monday,0,596.1014285714285,-17.050736133144074,-0.0019172192651651446
H006,2026-02-17,6,527.25,87.88,Tuesday,0,602.3871428571429,-11.548591655622475,-12.473231500387744
H006,2026-02-18,6,482.86,80.48,Wednesday,0,592.5971428571429,-8.419155998103367,-18.518000665352037
H006,2026-02-19,6,494.71,82.45,Thursday,0,581.2057142857143,2.4541274903698618,-14.882116978497905
H006,2026-02-20,6,582.65,97.11,Friday,0,567.2157142857143,17.77607082937478,2.7210610223875484
H006,2026-02-21,6,630.14,105.02,Saturday,0,565.5942857142857,8.150690809233673,11.412016690409086
H006,2026-02-22,6,700.57,116.76,Sunday,0,576.0457142857143,11.176881327958888,21.61708396159035
H006,2026-02-23,6,599.71,99.95,Monday,0,573.4671428571429,-14.396848280685726,4.576174497480237
H006,2026-02-24,6,653.91,108.98,Tuesday,0,573.9842857142858,9.037701555751942,13.924721682276006
H006,2026-02-25,6,528.85,88.14,Wednesday,0,592.0785714285714,-19.124956033704933,-10.679084580955708
H006,2026-02-26,6,1299.68,216.61,Thursday,1,598.6485714285715,145.75588541174244,117.10233048724031
H006,2026-02-27,6,539.7,89.95,Friday,0,713.6442857142857,-58.47439369691001,-24.374087930962
H006,2026-02-28,6,598.02,99.67,Saturday,0,707.5085714285715,10.806003335186197,-15.475228972491003
H006,2026-03-01,6,694.64,115.77,Sunday,0,702.9200000000001,16.15665027925488,-1.1779434359528944
H006,2026-03-02,6,669.88,111.65,Monday,0,702.0728571428572,-3.564436254750658,-4.5854011895387385
H006,2026-03-03,6,582.95,97.16,Tuesday,0,712.0971428571429,-12.976951095718626,-18.13616922249773
H006,2026-03-04,6,662.85,110.47,Wednesday,0,701.96,13.706149755553643,-5.571542538036358
H006,2026-03-05,6,576.95,96.16,Thursday,0,721.1028571428571,-12.959191370596656,-19.990609621769824
H006,2026-03-06,6,587.39,97.9,Friday,0,617.8557142857143,1.8095155559407106,-4.930878452898157
H006,2026-03-07,6,651.36,108.56,Saturday,0,624.6685714285715,10.890549719947561,4.272894426301487
H006,2026-03-08,6,666.04,111.01,Sunday,0,632.2885714285715,2.2537460083517535,5.337978590245854
H006,2026-03-09,6,626.35,104.39,Monday,0,628.2028571428572,-5.959101555462121,-0.294945672689896
H006,2026-03-10,6,564.47,94.08,Tuesday,0,621.9842857142858,-9.879460365610282,-9.246903343906258
H006,2026-03-11,6,558.52,93.09,Wednesday,0,619.3442857142857,-1.0540861338955154,-9.820755130425953
H006,2026-03-12,6,623.55,103.92,Thursday,0,604.4399999999999,11.643271503258612,3.1616041294421313
H006,2026-03-13,6,582.74,97.12,Friday,0,611.0971428571429,-6.544783898644846,-4.640365805763877
H006,2026-03-14,6,624.25,104.04,Saturday,0,610.4328571428571,7.12324535813571,2.2634992031415764
H006,2026-03-15,6,653.51,108.92,Sunday,0,606.5600000000001,4.687224669603518,7.740371933526761
H006,2026-03-16,6,491.22,81.87,Monday,0,604.7700000000001,-24.833590916741898,-18.77573292326009
H006,2026-03-17,6,612.29,102.05,Tuesday,0,585.4657142857143,24.646797768820484,4.581700526564926
H006,2026-03-18,6,535.63,89.27,Wednesday,0,592.2971428571428,-12.520211011122173,-9.567350364681817
H006,2026-03-19,6,514.22,85.7,Thursday,0,589.0271428571428,-3.9971622201892987,-12.700118112432357
H006,2026-03-20,6,578.58,96.43,Friday,0,573.4085714285713,12.516043716697144,0.9018750031142303
H006,2026-03-21,6,621.63,103.6,Saturday,0,572.8142857142857,7.440630509177626,8.522083946429913
H006,2026-03-22,6,653.95,108.99,Sunday,0,572.4399999999999,5.199234271190267,14.239046887010012
H006,2026-03-23,6,562.37,93.73,Monday,0,572.5028571428571,-14.004128756021107,-1.7699225456142411
H006,2026-03-24,6,554.09,92.35,Tuesday,0,582.6671428571428,-1.4723402741966929,-4.9045399603301965
H006,2026-03-25,6,579.13,96.52,Wednesday,0,574.3528571428571,4.519121442364948,0.8317435523707413
H006,2026-03-26,6,594.26,99.04,Thursday,0,580.5671428571429,2.612539498903521,2.3585311899447943
H006,2026-03-27,6,534.42,89.07,Friday,0,592.0014285714286,-10.069666475953287,-9.726569192641923
H006,2026-03-28,6,671.68,111.95,Saturday,0,585.6928571428572,25.68391901500693,14.681268826908287
H006,2026-03-29,6,517.41,86.24,Sunday,0,592.842857142857,-22.967782277274896,-12.723921058338746
H006,2026-03-30,6,580.72,96.79,Monday,0,573.3371428571428,12.235944415453904,1.2876990850559291
H006,2026-03-31,6,571.02,95.17,Tuesday,0,575.9585714285714,-1.6703402672544554,-0.857452544949911
H006,2026-04-01,6,576.48,96.08,Wednesday,0,578.3771428571429,0.9561836713249949,-0.3280113815997464
H006,2026-04-02,6,579.99,96.67,Thursday,0,577.9985714285715,0.6088676103247259,0.3445386666798385
H006,2026-04-03,6,591.78,98.63,Friday,0,575.9599999999999,2.0327936688563586,2.746718522119601
H006,2026-04-04,6,699.52,116.59,Saturday,0,584.1542857142857,18.206090101051075,19.749185635888754
H006,2026-04-05,6,550.89,91.82,Sunday,0,588.1314285714286,-21.24742680695334,-6.332160935845253
H006,2026-04-06,6,594.73,99.12,Monday,0,592.9142857142857,7.958031548948075,0.30623554356206995
H006,2026-04-07,6,639.19,106.53,Tuesday,0,594.9157142857142,7.475661224421182,7.442110647126506
H006,2026-04-08,6,561.23,93.54,Wednesday,0,604.6542857142857,-12.19668643126457,-7.1816716990582545
H006,2026-04-09,6,464.96,77.49,Thursday,0,602.4757142857143,-17.153395221210566,-22.825104983484813
H006,2026-04-10,6,502.05,83.68,Friday,0,586.0428571428572,7.977030282174824,-14.332203885625145
H007,2026-01-01,4,371.09,92.77,Thursday,0,,,
H007,2026-01-02,4,412.53,103.13,Friday,0,,11.16710232019187,
H007,2026-01-03,4,395.57,98.89,Saturday,0,,-4.111216153976671,
H007,2026-01-04,4,422.71,105.68,Sunday,0,,6.8609854134539905,
H007,2026-01-05,4,392.45,98.11,Monday,0,,-7.158572070686753,
H007,2026-01-06,4,383.71,95.93,Tuesday,0,,-2.2270352911198943,
H007,2026-01-07,4,376.09,94.02,Wednesday,0,,-1.985874749159522,
H007,2026-01-08,4,428.94,107.24,Thursday,0,393.44999999999993,14.052487436517858,9.020205871139934
H007,2026-01-09,4,361.64,90.41,Friday,0,401.71428571428567,-15.689840070872386,-9.975817923186337
H007,2026-01-10,4,492.83,123.21,Saturday,0,394.44428571428574,36.27640747704901,24.94286718022823
H007,2026-01-11,4,362.6,90.65,Sunday,0,408.3385714285714,-26.4249335470649,-11.201139110751923
H007,2026-01-12,4,347.82,86.95,Monday,0,399.75142857142856,-4.076116933259799,-12.990930077977028
H007,2026-01-13,4,357.7,89.42,Tuesday,0,393.3757142857143,2.8405497096199106,-9.069119671125032
H007,2026-01-14,4,392.67,98.17,Wednesday,0,389.65999999999997,9.776348895722675,0.7724683057024195
H007,2026-01-15,4,397.5,99.37,Thursday,0,392.0285714285714,1.2300404920161823,1.3956708694701598
H007,2026-01-16,4,361.64,90.41,Friday,0,387.5371428571429,-9.021383647798743,-6.682493106651541
H007,2026-01-17,4,455.04,113.76,Saturday,0,387.53714285714284,25.82678907200533,17.418422565947605
H007,2026-01-18,4,459.31,114.83,Sunday,0,382.1385714285714,0.9383790436005679,20.194619005072955
H007,2026-01-19,4,422.1,105.52,Monday,0,395.9542857142857,-8.101282358320084,6.603215378398677
H007,2026-01-20,4,323.32,80.83,Tuesday,0,406.5657142857143,-23.40203743188818,-20.47534048264909
H007,2026-01-21,4,370.9,92.73,Wednesday,0,401.6542857142857,14.716070765804767,-7.656904658590551
H007,2026-01-22,4,354.19,88.55,Thursday,0,398.5442857142857,-4.505257481801017,-11.129073306067436
H007,2026-01-23,4,384.21,96.05,Friday,0,392.35714285714283,8.47567689658093,-2.0764609503003815
H007,2026-01-24,4,392.75,98.19,Saturday,0,395.5814285714286,2.2227427708805036,-0.715763776285909
H007,2026-01-25,4,473.96,118.49,Sunday,0,386.6828571428572,20.677275620623803,22.570729797028182
H007,2026-01-26,4,393.18,98.3,Monday,0,388.77571428571434,-17.043632374039998,1.1328602977111164
H007,2026-01-27,4,373.51,93.38,Tuesday,0,384.6442857142857,-5.002797700798622,-2.894696769928423
H007,2026-01-28,4,382.89,95.72,Wednesday,0,391.8142857142857,2.51131161146958,-2.277682575564222
H007,2026-01-29,4,380.77,95.19,Thursday,0,393.52714285714285,-0.5536838256418264,-3.2417440800961295
H007,2026-01-30,4,394.23,98.56,Friday,0,397.32428571428574,3.5349423536518154,-0.7787809166316116
H007,2026-01-31,4,464.43,116.11,Saturday,0,398.7557142857143,17.8068640133932,16.46980428404071
H007,2026-02-01,4,422.91,105.73,Sunday,0,408.99571428571426,-8.93999095665654,3.4020614955797788
H007,2026-02-02,4,345.54,86.39,Monday,0,401.70285714285717,-18.294672625381292,-13.981194344078068
H007,2026-02-03,4,377.91,94.48,Tuesday,0,394.8971428571429,9.36794582392777,-4.301662639095901
H007,2026-02-04,4,409.21,102.3,Wednesday,0,395.52571428571434,8.282395279299282,3.4597714434315066
H007,2026-02-05,4,406.95,101.74,Thursday,0,399.2857142857143,-0.5522836685320498,1.9194991055456165
H007,2026-02-06,4,387.03,96.76,Friday,0,403.0257142857143,-4.894950239587182,-3.968906627723158
H007,2026-02-07,4,443.7,110.93,Saturday,0,401.9971428571429,14.642275792574221,10.373918791178323
H007,2026-02-08,4,447.18,111.79,Sunday,0,399.0357142857143,0.7843137254901933,12.065157075091742
H007,2026-02-09,4,369.75,92.44,Monday,0,402.5028571428572,-17.31517509727627,-8.137298049348372
H007,2026-02-10,4,390.81,97.7,Tuesday,0,405.9614285714285,5.695740365111557,-3.7322335337980523
H007,2026-02-11,4,291.36,72.84,Wednesday,0,407.80428571428575,-25.447148230597982,-28.55396321064376
H007,2026-02-12,4,392.24,98.06,Thursday,0,390.9685714285714,34.62383305875891,0.3251996872236791
H007,2026-02-13,4,269.5,67.38,Friday,0,388.8671428571429,-31.292066081990622,-30.69612464043908
H007,2026-02-14,4,345.25,86.31,Saturday,0,372.07714285714286,28.107606679035246,-7.210102359725711
H007,2026-02-15,4,731.71,182.93,Sunday,1,358.0128571428572,111.93627805937729,104.38092805924765
H007,2026-02-16,4,422.31,105.58,Monday,0,398.65999999999997,-42.28451162345739,5.932373451061063
H007,2026-02-17,4,365.85,91.46,Tuesday,0,406.1685714285714,-13.369325850678404,-9.926561104115802
H007,2026-02-18,4,448.87,112.22,Wednesday,0,402.6028571428571,22.692360256935906,11.492005592182315
H007,2026-02-19,4,380.53,95.13,Thursday,0,425.10428571428577,-15.224898077394355,-10.485494315680539
H007,2026-02-20,4,393.01,98.25,Friday,0,423.43142857142857,3.279636296744015,-7.18449942982841
H007,2026-02-21,4,478.77,119.69,Saturday,0,441.0757142857143,21.821327701585204,8.545989836535995
H007,2026-02-22,4,381.96,95.49,Sunday,0,460.15000000000003,-20.220565198320696,-16.99228512441596
H007,2026-02-23,4,379.5,94.87,Monday,0,410.1857142857143,-0.6440464970153936,-7.480931982029052
H007,2026-02-24,4,339.03,84.76,Tuesday,0,404.07,-10.664031620553372,-16.096220951815283
H007,2026-02-25,4,372.79,93.2,Wednesday,0,400.23857142857145,9.957820841813426,-6.8580525186763595
H007,2026-02-26,4,723.41,180.85,Thursday,1,389.36999999999995,94.0529520641648,85.78986568045819
H007,2026-02-27,4,381.64,95.41,Friday,0,438.3528571428572,-47.244301295254424,-12.9377181461771
H007,2026-02-28,4,801.21,200.3,Saturday,1,436.7285714285714,109.93868567236143,83.4571979981028
H007,2026-03-01,4,425.53,106.38,Sunday,0,482.7914285714286,-46.88908026609754,-11.86048988915652
H007,2026-03-02,4,348.87,87.22,Monday,0,489.01571428571424,-18.0151810683148,-28.65873430885948
H007,2026-03-03,4,414.22,103.55,Tuesday,0,484.63999999999993,18.73190586751512,-14.530373060415961
H007,2026-03-04,4,368.03,92.01,Wednesday,0,495.38142857142856,-11.151079136690656,-25.707751891039234
H007,2026-03-05,4,685.33,171.33,Thursday,1,494.70142857142855,86.21579762519363,38.534065280356714
H007,2026-03-06,4,394.69,98.67,Friday,0,489.2614285714286,-42.408766579603984,-19.32942657007794
H007,2026-03-07,4,352.07,88.02,Saturday,0,491.1257142857143,-10.79834807063772,-28.313670052474205
H007,2026-03-08,4,446.37,111.59,Sunday,0,426.9628571428571,26.784446274888516,4.545393711062197
H007,2026-03-09,4,399.83,99.96,Monday,0,429.94,-10.426327934224977,-7.00330278643532
H007,2026-03-10,4,337.83,84.46,Tuesday,0,437.2200000000001,-15.506590300877876,-22.732262933992057
H007,2026-03-11,4,390.66,97.67,Wednesday,0,426.3071428571429,15.638042802593045,-8.361845081513998
H007,2026-03-12,4,371.37,92.84,Thursday,0,429.53999999999996,-4.937797573337432,-13.542394189132553
H007,2026-03-13,4,365.88,91.47,Friday,0,384.6885714285714,-1.4783100411988048,-4.889298207826728
H007,2026-03-14,4,454.23,113.56,Saturday,0,380.5728571428571,24.14726139717942,19.35428170314677
H007,2026-03-15,4,478.34,119.58,Sunday,0,395.1671428571429,5.307883671267843,21.047513348781873
H007,2026-03-16,4,377.24,94.31,Monday,0,399.73428571428576,-21.13559392900447,-5.627309569928604
H007,2026-03-17,4,391.32,97.83,Tuesday,0,396.5071428571428,3.7323719647969433,-1.3082091837653698
H007,2026-03-18,4,403.93,100.98,Wednesday,0,404.1485714285714,3.222426658489219,-0.054081950060793034
H007,2026-03-19,4,384.27,96.07,Thursday,0,406.0442857142857,-4.8671799569232395,-5.362539624460388
H007,2026-03-20,4,384.56,96.14,Friday,0,407.88714285714286,0.07546777005751348,-5.719018916296875
H007,2026-03-21,4,442.89,110.72,Saturday,0,410.55571428571426,15.167984189723317,7.8757363712598645
H007,2026-03-22,4,384.42,96.1,Sunday,0,408.9357142857143,-13.201923728239507,-5.995004454070673
H007,2026-03-23,4,399.88,99.97,Monday,0,395.5185714285714,4.021642994641272,1.1027114493449839
H007,2026-03-24,4,380.67,95.17,Tuesday,0,398.7528571428571,-4.8039411823546985,-4.534853310500229
H007,2026-03-25,4,390.94,97.74,Wednesday,0,397.2314285714286,2.6978747996952768,-1.5838194359531357
H007,2026-03-26,4,400.99,100.25,Thursday,0,395.3757142857143,2.5707269657748055,1.4199874983288914
H007,2026-03-27,4,369.17,92.29,Friday,0,397.7642857142858,-7.935359984039502,-7.188751414154125
H007,2026-03-28,4,420.39,105.1,Saturday,0,395.5657142857143,13.874366822872929,6.275641396047604
H007,2026-03-29,4,362.13,90.53,Sunday,0,392.3514285714286,-13.858559908656243,-7.702642674570178
H007,2026-03-30,4,365.34,91.33,Monday,0,389.1671428571428,0.8864220031480352,-6.1225988099127315
H007,2026-03-31,4,330.19,82.55,Tuesday,0,384.23285714285714,-9.621174796080357,-14.06513163520633
H007,2026-04-01,4,348.77,87.19,Wednesday,0,377.0214285714286,5.6270632060328785,-7.493321713430473
H007,2026-04-02,4,349.5,87.37,Thursday,0,370.9971428571429,0.20930699314736234,-5.79442275258185
H007,2026-04-03,4,382.17,95.54,Friday,0,363.64142857142855,9.347639484978544,5.095286172799747
H007,2026-04-04,4,391.26,97.82,Saturday,0,365.49857142857144,2.378522646989545,7.048298019534954
H007,2026-04-05,4,436.99,109.25,Sunday,0,361.3371428571428,11.687880181976173,20.936916848530878
H007,2026-04-06,4,390.21,97.55,Monday,0,372.0314285714286,-10.705050458820576,4.8862999285774515
H007,2026-04-07,4,393.06,98.27,Tuesday,0,375.5842857142857,0.7303759514107888,4.652940751362636
H007,2026-04-08,4,399.34,99.84,Wednesday,0,384.5657142857143,1.5977204498040853,3.8418104280895577
H007,2026-04-09,4,316.4,79.1,Thursday,0,391.78999999999996,-20.769269294335658,-19.242451313203503
H007,2026-04-10,4,369.49,92.37,Friday,0,387.06142857142856,16.7793931731985,-4.539700232152146
H008,2026-01-01,4,404.16,101.04,Thursday,0,,,
H008,2026-01-02,4,408.4,102.1,Friday,0,,1.049089469517006,
H008,2026-01-03,4,414.96,103.74,Saturday,0,,1.606268364348673,
H008,2026-01-04,4,415.34,103.83,Sunday,0,,0.09157509157509125,
H008,2026-01-05,4,372.92,93.23,Monday,0,,-10.213319208359406,
H008,2026-01-06,4,402.39,100.6,Tuesday,0,,7.902499195537915,
H008,2026-01-07,4,356.32,89.08,Wednesday,0,,-11.449091677228562,
H008,2026-01-08,4,397.0,99.25,Thursday,0,396.35571428571427,11.416704086214647,0.16255239701711321
H008,2026-01-09,4,393.18,98.29,Friday,0,395.3328571428571,-0.9622166246851416,-0.5445682300267662
H008,2026-01-10,4,373.26,93.32,Saturday,0,393.15857142857146,-5.06638180985809,-5.061207582545767
H008,2026-01-11,4,429.48,107.37,Sunday,0,387.20142857142855,15.061887156405728,10.919012252758819
H008,2026-01-12,4,350.22,87.55,Monday,0,389.22142857142853,-18.454875663593185,-10.02037033638581
H008,2026-01-13,4,347.33,86.83,Tuesday,0,385.97857142857146,-0.8251955913425979,-10.013139145400384
H008,2026-01-14,4,356.92,89.23,Wednesday,0,378.11285714285714,2.7610629660553387,-5.604902542324849
H008,2026-01-15,4,389.15,97.29,Thursday,0,378.1985714285715,9.030034741678804,2.8956821624316573
H008,2026-01-16,4,344.45,86.11,Friday,0,377.07714285714286,-11.486573300783753,-8.652644021306747
H008,2026-01-17,4,424.47,106.12,Saturday,0,370.11571428571426,23.231238205835393,14.685754648160243
H008,2026-01-18,4,403.93,100.98,Sunday,0,377.43142857142857,-4.838975663768941,7.020764415106625
H008,2026-01-19,4,445.92,111.48,Monday,0,373.7814285714286,10.395365533632074,19.299667108738106
H008,2026-01-20,4,331.87,82.97,Tuesday,0,387.45285714285717,-25.576336562612134,-14.345708417982653
H008,2026-01-21,4,416.89,104.22,Wednesday,0,385.2442857142857,25.618465061620512,8.214453908651654
H008,2026-01-22,4,377.44,94.36,Thursday,0,393.81142857142856,-9.46292787066132,-4.15717457231162
H008,2026-01-23,4,385.23,96.31,Friday,0,392.1385714285714,2.063904196693511,-1.7617678881736356
H008,2026-01-24,4,409.21,102.3,Saturday,0,397.9642857142857,6.2248526854087105,2.8258099255137683
H008,2026-01-25,4,389.56,97.39,Sunday,0,395.7842857142858,-4.801935436572902,-1.5726459940299506
H008,2026-01-26,4,359.35,89.84,Monday,0,393.7314285714286,-7.75490296745045,-8.732203242239086
H008,2026-01-27,4,406.75,101.69,Tuesday,0,381.3642857142857,13.190482816195903,6.656552602498553
H008,2026-01-28,4,353.74,88.43,Wednesday,0,392.06142857142856,-13.032575291948367,-9.774342941885925
H008,2026-01-29,4,371.17,92.79,Thursday,0,383.04,4.927347769548263,-3.0988930659983303
H008,2026-01-30,4,340.98,85.25,Friday,0,382.14428571428573,-8.133739256944262,-10.771922347953838
H008,2026-01-31,4,427.95,106.99,Saturday,0,375.8228571428572,25.50589477388703,13.870136386443448
H008,2026-02-01,4,408.44,102.11,Sunday,0,378.5,-4.558943801846005,7.910171730515191
H008,2026-02-02,4,670.26,167.56,Monday,1,381.19714285714286,64.10243854666535,75.83027904571313
H008,2026-02-03,4,325.44,81.36,Tuesday,0,425.61285714285714,-51.44570763584281,-23.536144517653533
H008,2026-02-04,4,345.73,86.43,Wednesday,0,413.9971428571429,6.234636184857423,-16.489761834105135
H008,2026-02-05,4,379.73,94.93,Thursday,0,412.8528571428571,9.834263731813842,-8.022920653155554
H008,2026-02-06,4,412.32,103.08,Friday,0,414.07571428571424,8.582413820346035,-0.42400803165741735
H008,2026-02-07,4,509.15,127.29,Saturday,0,424.26714285714286,23.48418703919286,20.00693633054645
H008,2026-02-08,4,434.74,108.68,Sunday,0,435.8671428571429,-14.614553667877829,-0.2585978033935668
H008,2026-02-09,4,368.45,92.11,Monday,0,439.6242857142857,-15.248194323043663,-16.18979843177778
H008,2026-02-10,4,385.87,96.47,Tuesday,0,396.50857142857143,4.727914235310093,-2.6830621568260087
H008,2026-02-11,4,374.81,93.7,Wednesday,0,405.1414285714286,-2.8662502915489663,-7.486627244806936
H008,2026-02-12,4,376.26,94.06,Thursday,0,409.2957142857143,0.38686267708971656,-8.071356022714989
H008,2026-02-13,4,360.78,90.2,Friday,0,408.80000000000007,-4.11417636740552,-11.746575342465775
H008,2026-02-14,4,366.56,91.64,Saturday,0,401.4371428571429,1.6020843727479361,-8.688070717351234
H008,2026-02-15,4,421.45,105.36,Sunday,0,381.0671428571428,14.974356176342196,10.59730756109723
H008,2026-02-16,4,355.18,88.79,Monday,0,379.16857142857145,-15.724285205836985,-6.326624418841228
H008,2026-02-17,4,373.22,93.3,Tuesday,0,377.2728571428571,5.079114815023367,-1.0742509210840034
H008,2026-02-18,4,396.68,99.17,Wednesday,0,375.4657142857142,6.2858367718771735,5.650125938834075
H008,2026-02-19,4,378.35,94.59,Thursday,0,378.59000000000003,-4.620853080568721,-0.06339311656409548
H008,2026-02-20,4,353.39,88.35,Friday,0,378.8885714285714,-6.5970662085370835,-6.7298338750179125
H008,2026-02-21,4,429.06,107.26,Saturday,0,377.8328571428571,21.41260363903903,13.558149295039767
H008,2026-02-22,4,433.52,108.38,Sunday,0,386.76142857142855,1.039481657577035,12.089771102894735
H008,2026-02-23,4,410.02,102.51,Monday,0,388.4857142857143,-5.420741834286769,5.543134514966522
H008,2026-02-24,4,406.68,101.67,Tuesday,0,396.32,-0.8145944100287683,2.614049253128788
H008,2026-02-25,4,391.29,97.82,Wednesday,0,401.1,-3.78430215402773,-2.445774121166792
H008,2026-02-26,4,390.82,97.7,Thursday,0,400.33,-0.12011551534668596,-2.3755401793520323
H008,2026-02-27,4,388.47,97.12,Friday,0,402.1114285714285,-0.6012998311242912,-3.392449853985017
H008,2026-02-28,4,375.27,93.82,Saturday,0,407.1228571428572,-3.3979457873195007,-7.823893103520889
H008,2026-03-01,4,367.66,91.91,Sunday,0,399.43857142857144,-2.0278732645828246,-7.955809403913346
H008,2026-03-02,4,411.86,102.96,Monday,0,390.03000000000003,12.021976826415703,5.597005358562157
H008,2026-03-03,4,398.04,99.51,Tuesday,0,390.29285714285714,-3.3555091535958814,1.9849563514577013
H008,2026-03-04,4,417.35,104.34,Wednesday,0,389.0585714285714,4.851271229022203,7.271765911118799
H008,2026-03-05,4,745.73,186.43,Thursday,1,392.7814285714286,78.6821612555409,89.85877278166336
H008,2026-03-06,4,365.79,91.45,Friday,0,443.48285714285714,-50.94873479677631,-17.51879602368266
H008,2026-03-07,4,417.49,104.37,Saturday,0,440.2428571428572,14.13379261324803,-5.168251289872481
H008,2026-03-08,4,428.06,107.01,Sunday,0,446.2742857142857,2.5317971687944585,-4.081410535481064
H008,2026-03-09,4,383.47,95.87,Monday,0,454.90285714285716,-10.41676400504602,-15.702881619937692
H008,2026-03-10,4,343.47,85.87,Tuesday,0,450.8471428571429,-10.431063707721599,-23.816751322114243
H008,2026-03-11,4,386.4,96.6,Wednesday,0,443.0514285714286,12.498908201589654,-12.786648438104578
H008,2026-03-12,4,373.06,93.26,Thursday,0,438.63000000000005,-3.452380952380951,-14.948817910311663
H008,2026-03-13,4,350.59,87.65,Friday,0,385.3914285714286,-6.023159813434842,-9.030151163566554
H008,2026-03-14,4,381.59,95.4,Saturday,0,383.21999999999997,8.842237371288398,-0.4253431449298042
H008,2026-03-15,4,403.53,100.88,Sunday,0,378.09142857142854,5.749626562540944,6.7281534322763985
H008,2026-03-16,4,370.03,92.51,Monday,0,374.58714285714285,-8.30173716947935,-1.216577489121362
H008,2026-03-17,4,365.69,91.42,Tuesday,0,372.6671428571428,-1.1728778747669089,-1.8722184101476795
H008,2026-03-18,4,706.49,176.62,Wednesday,1,375.84142857142854,93.19368864338648,87.97555199951348
H008,2026-03-19,4,365.12,91.28,Thursday,0,421.56857142857143,-48.31915526051325,-13.390128025266183
H008,2026-03-20,4,352.5,88.13,Friday,0,420.4342857142857,-3.456397896581942,-16.158122213765356
H008,2026-03-21,4,443.83,110.96,Saturday,0,420.70714285714286,25.909219858156018,5.496188390295248
H008,2026-03-22,4,436.34,109.08,Sunday,0,429.59857142857146,-1.6875830836130978,1.5692390570598995
H008,2026-03-23,4,374.08,93.52,Monday,0,434.2857142857143,-14.268689554017511,-13.863157894736844
H008,2026-03-24,4,370.32,92.58,Tuesday,0,434.86428571428576,-1.005132591958935,-14.842397463905005
H008,2026-03-25,4,373.08,93.27,Wednesday,0,435.52571428571434,0.7453013609850956,-14.338008580762837
H008,2026-03-26,4,424.25,106.06,Thursday,0,387.8957142857143,13.715556985097033,9.372180298828475
H008,2026-03-27,4,303.75,75.94,Friday,0,396.34285714285716,-28.403064230995877,-23.361807958477513
H008,2026-03-28,4,331.0,82.75,Saturday,0,389.37857142857143,8.971193415637856,-14.99275402197641
H008,2026-03-29,4,391.89,97.97,Sunday,0,373.26000000000005,18.395770392749245,4.991158977656308
H008,2026-03-30,4,387.08,96.77,Monday,0,366.90999999999997,-1.227385235652867,5.4972609086697055
H008,2026-03-31,4,361.5,90.38,Tuesday,0,368.76714285714286,-6.608453032964756,-1.9706589911558592
H008,2026-04-01,4,403.37,100.84,Wednesday,0,367.50714285714287,11.582295988934987,9.758410915239741
H008,2026-04-02,4,403.7,100.93,Thursday,0,371.83428571428567,0.0818107444777727,8.569869834488491
H008,2026-04-03,4,378.46,94.61,Friday,0,368.8985714285714,-6.25216745107754,2.5918854969813596
H008,2026-04-04,4,422.17,105.54,Saturday,0,379.57142857142856,11.549437192834123,11.22280767783215
H008,2026-04-05,4,383.25,95.81,Sunday,0,392.5957142857142,-9.21903498590616,-2.380493200930058
H008,2026-04-06,4,376.27,94.07,Monday,0,391.3614285714285,-1.8212654924983696,-3.856135906524104
H008,2026-04-07,4,373.01,93.25,Tuesday,0,389.8171428571428,-0.8663991282855332,-4.311545339939596
H008,2026-04-08,4,416.91,104.23,Wednesday,0,391.4614285714286,11.769121471274246,6.500914156840848
H008,2026-04-09,4,299.84,74.96,Thursday,0,393.3957142857143,-28.080401045789273,-23.781579434738564
H008,2026-04-10,4,330.67,82.67,Friday,0,378.5585714285714,10.282150480256158,-12.650240951579473
H009,2026-01-01,2,171.31,85.66,Thursday,0,,,
H009,2026-01-02,2,179.45,89.72,Friday,0,,4.751619870410351,
H009,2026-01-03,2,200.67,100.33,Saturday,0,,11.825020897185844,
H009,2026-01-04,2,232.27,116.14,Sunday,0,,15.74724672347636,
H009,2026-01-05,2,189.14,94.57,Monday,0,,-18.568906875618897,
H009,2026-01-06,2,176.89,88.45,Tuesday,0,,-6.476683937823835,
H009,2026-01-07,2,165.07,82.53,Wednesday,0,,-6.682118830911865,
H009,2026-01-08,2,192.98,96.49,Thursday,0,187.82857142857142,16.90797843339189,2.7426224520839653
H009,2026-01-09,2,179.25,89.63,Friday,0,190.92428571428573,-7.114726914706182,-6.114615367348321
H009,2026-01-10,2,214.01,107.01,Saturday,0,190.8957142857143,19.391910739191065,12.108331400091291
H009,2026-01-11,2,195.88,97.94,Sunday,0,192.80142857142854,-8.47156674921733,1.5967575818199446
H009,2026-01-12,2,200.51,100.25,Monday,0,187.60285714285712,2.363692056361044,6.880035332998288
H009,2026-01-13,2,201.31,100.65,Tuesday,0,189.22714285714284,0.3989825943843339,6.385372077397547
H009,2026-01-14,2,174.22,87.11,Wednesday,0,192.71571428571428,-13.456857582832448,-9.597408469914976
H009,2026-01-15,2,208.12,104.06,Thursday,0,194.02285714285713,19.45815635403514,7.2657124344701725
H009,2026-01-16,2,182.33,91.17,Friday,0,196.18571428571428,-12.391889294637704,-7.062550061894698
H009,2026-01-17,2,212.87,106.43,Saturday,0,196.62571428571428,16.749849174573562,8.26152661328994
H009,2026-01-18,2,192.69,96.35,Sunday,0,196.46285714285713,-9.479964297458544,-1.9203920770192797
H009,2026-01-19,2,200.5,100.25,Monday,0,196.0071428571429,4.053142353002226,2.292190517838251
H009,2026-01-20,2,204.36,102.18,Tuesday,0,196.0057142857143,1.9251870324189513,4.26226640622722
H009,2026-01-21,2,192.61,96.3,Wednesday,0,196.44142857142856,-5.749657467214719,-1.9504177908354963
H009,2026-01-22,2,218.67,109.34,Thursday,0,199.06857142857143,13.529930948548863,9.84657117432614
H009,2026-01-23,2,210.5,105.25,Friday,0,200.57571428571427,-3.7362235331778404,4.947899973647296
H009,2026-01-24,2,199.34,99.67,Saturday,0,204.6,-5.301662707838483,-2.5708699902248244
H009,2026-01-25,2,244.48,122.24,Sunday,0,202.66714285714286,22.64472760108356,20.631295509174077
H009,2026-01-26,2,175.67,87.83,Monday,0,210.06571428571428,-28.145451570680635,-16.373787794295666
H009,2026-01-27,2,180.36,90.18,Tuesday,0,206.51857142857142,2.669778562076641,-12.666449921487507
H009,2026-01-28,2,217.94,108.97,Wednesday,0,203.09,20.83610556664448,7.3120291496380885
H009,2026-01-29,2,178.31,89.16,Thursday,0,206.7085714285714,-18.1839038267413,-13.738458561397671
H009,2026-01-30,2,347.67,173.84,Friday,1,200.94285714285715,94.9806516740508,73.0193374093559
H009,2026-01-31,2,211.58,105.79,Saturday,0,220.53857142857143,-39.14344061897776,-4.062133607985641
H009,2026-02-01,2,196.78,98.39,Sunday,0,222.28714285714287,-6.994990074676255,-11.474861986748161
H009,2026-02-02,2,183.7,91.85,Monday,0,215.47285714285718,-6.647016973269649,-14.745642474027242
H009,2026-02-03,2,181.1,90.55,Tuesday,0,216.62000000000003,-1.4153511159499144,-16.397377896777783
H009,2026-02-04,2,230.36,115.18,Wednesday,0,216.72571428571428,27.200441744892334,6.291032773485919
H009,2026-02-05,2,199.44,99.72,Thursday,0,218.50000000000003,-13.422469178676854,-8.723112128146466
H009,2026-02-06,2,208.62,104.31,Friday,0,221.51857142857142,4.602888086642598,-5.822794606063336
H009,2026-02-07,2,207.97,103.99,Saturday,0,201.65428571428575,-0.3115712779215851,3.1319514303121148
H009,2026-02-08,2,192.5,96.25,Sunday,0,201.13857142857142,-7.438572871087179,-4.294835827467913
H009,2026-02-09,2,173.33,86.66,Monday,0,200.52714285714288,-9.958441558441555,-13.56282370038969
H009,2026-02-10,2,166.59,83.29,Tuesday,0,199.04571428571427,-3.8885363180061194,-16.30565842735336
H009,2026-02-11,2,159.74,79.87,Wednesday,0,196.97285714285712,-4.111891470076234,-18.902531893444337
H009,2026-02-12,2,176.17,88.09,Thursday,0,186.8842857142857,10.285463878803046,-5.733112162606354
H009,2026-02-13,2,215.45,107.73,Friday,0,183.56,22.296645285803486,17.373066027456954
H009,2026-02-14,2,214.61,107.3,Saturday,0,184.53571428571428,-0.3898816430726315,16.297271143797186
H009,2026-02-15,2,225.3,112.65,Sunday,0,185.4842857142857,4.981128558781034,21.465815355940833
H009,2026-02-16,2,180.76,90.38,Monday,0,190.17000000000002,-19.769196626719943,-4.948204238313101
H009,2026-02-17,2,202.97,101.48,Tuesday,0,191.23142857142858,12.287010400531106,6.138411199593606
H009,2026-02-18,2,206.16,103.08,Wednesday,0,196.42857142857142,1.571660836576827,4.954181818181823
H009,2026-02-19,2,185.82,92.91,Thursday,0,203.05999999999997,-9.866123399301518,-8.490101447847918
H009,2026-02-20,2,203.52,101.76,Friday,0,204.4385714285714,9.525347110106575,-0.44931414955241744
H009,2026-02-21,2,214.55,107.27,Saturday,0,202.7342857142857,5.4196147798742045,5.82817762870472
H009,2026-02-22,2,391.67,195.83,Sunday,1,202.7257142857143,82.5541831740853,93.20193364715166
H009,2026-02-23,2,159.2,79.6,Monday,0,226.4928571428571,-59.35353741670284,-29.710807657132037
H009,2026-02-24,2,196.15,98.08,Tuesday,0,223.41285714285712,23.209798994974882,-12.202904296337966
H009,2026-02-25,2,199.9,99.95,Wednesday,0,222.43857142857146,1.9118021921998407,-10.132492437719574
H009,2026-02-26,2,182.45,91.23,Thursday,0,221.5442857142857,-8.729364682341178,-17.64626227584295
H009,2026-02-27,2,195.22,97.61,Friday,0,221.06285714285715,6.999177856947125,-11.690275551879239
H009,2026-02-28,2,214.99,107.5,Saturday,0,219.87714285714287,10.127036164327441,-2.222669802617048
H009,2026-03-01,2,242.92,121.46,Sunday,0,219.94,12.991301921019582,10.448304082931704
H009,2026-03-02,2,179.2,89.6,Monday,0,198.69,-26.23085789560349,-9.809250591373502
H009,2026-03-03,2,221.04,110.52,Tuesday,0,201.54714285714286,23.3482142857143,9.671611746277009
H009,2026-03-04,2,186.53,93.26,Wednesday,0,205.10285714285715,-15.612558812884547,-9.055386844231467
H009,2026-03-05,2,211.09,105.54,Thursday,0,203.19285714285715,13.166782823138368,3.886525819945862
H009,2026-03-06,2,195.86,97.93,Friday,0,207.28428571428572,-7.2149320195177395,-5.511409451477951
H009,2026-03-07,2,209.97,104.99,Saturday,0,207.3757142857143,7.204125395690797,1.2510074881340165
H009,2026-03-08,2,204.87,102.44,Sunday,0,206.65857142857143,-2.4289184169167033,-0.8654716889832097
H009,2026-03-09,2,209.88,104.94,Monday,0,201.22285714285712,2.4454532142334173,4.3022661441472225
H009,2026-03-10,2,218.44,109.22,Tuesday,0,205.60571428571433,4.07852105965314,6.242183374558772
H009,2026-03-11,2,394.15,197.08,Wednesday,1,205.2342857142857,80.43856436550081,92.04880833054906
H009,2026-03-12,2,183.5,91.75,Thursday,0,234.8942857142857,-53.44412025878472,-21.879751377519366
H009,2026-03-13,2,185.01,92.5,Friday,0,230.95285714285714,0.822888283378731,-19.89274248919075
H009,2026-03-14,2,221.41,110.71,Saturday,0,229.40285714285713,19.67461218312525,-3.484201218069269
H009,2026-03-15,2,233.74,116.87,Sunday,0,231.0371428571428,5.568854161961978,1.1698799203591501
H009,2026-03-16,2,210.38,105.19,Monday,0,235.16142857142856,-9.994010438949264,-10.538049850254836
H009,2026-03-17,2,196.32,98.16,Tuesday,0,235.23285714285717,-6.683144785626016,-16.54227118417618
H009,2026-03-18,2,207.2,103.6,Wednesday,0,232.07285714285715,5.541972290138553,-10.717693335221087
H009,2026-03-19,2,187.83,93.92,Thursday,0,205.3657142857143,-9.348455598455585,-8.538774033779456
H009,2026-03-20,2,194.03,97.02,Friday,0,205.9842857142857,3.300857158068471,-5.803494025203027
H009,2026-03-21,2,213.49,106.74,Saturday,0,207.27285714285713,10.029376900479313,2.9994968674831743
H009,2026-03-22,2,223.13,111.56,Sunday,0,206.14142857142858,4.515433978172267,8.241221352885324
H009,2026-03-23,2,204.05,102.03,Monday,0,204.6257142857143,-8.551068883610446,-0.28134992111032586
H009,2026-03-24,2,218.75,109.38,Tuesday,0,203.72142857142856,7.204116638078895,7.37702044107851
H009,2026-03-25,2,217.39,108.69,Wednesday,0,206.9257142857143,-0.6217142857142921,5.057025295482151
H009,2026-03-26,2,188.96,94.48,Thursday,0,208.3814285714286,-13.077878467270798,-9.320134094757556
H009,2026-03-27,2,200.62,100.31,Friday,0,208.54285714285717,6.170618120237092,-3.799150568571049
H009,2026-03-28,2,192.56,96.28,Saturday,0,209.48428571428573,-4.017545608613304,-8.079023997708665
H009,2026-03-29,2,202.97,101.48,Sunday,0,206.49428571428572,5.406107187370179,-1.7067231192838317
H009,2026-03-30,2,200.47,100.24,Monday,0,203.6142857142857,-1.2317091195743202,-1.54423630112958
H009,2026-03-31,2,191.4,95.7,Tuesday,0,203.10285714285715,-4.524367735820823,-5.762034718509973
H009,2026-04-01,2,213.4,106.7,Wednesday,0,199.1957142857143,11.494252873563227,7.130818936150369
H009,2026-04-02,2,160.98,80.49,Thursday,0,198.62571428571428,-24.564198687910032,-18.95309196047124
H009,2026-04-03,2,163.41,81.71,Friday,0,194.62857142857143,1.5095042862467434,-16.040076335877867
H009,2026-04-04,2,215.58,107.79,Saturday,0,189.31285714285715,31.925830732513315,13.874991510651302
H009,2026-04-05,2,211.91,105.96,Sunday,0,192.60142857142858,-1.7023842657018395,10.025144450790298
H009,2026-04-06,2,194.44,97.22,Monday,0,193.87857142857143,-8.244065877023266,0.28957742327671593
H009,2026-04-07,2,226.03,113.01,Tuesday,0,193.01714285714283,16.246657066447234,17.103588134288607
H009,2026-04-08,2,207.65,103.82,Wednesday,0,197.96428571428572,-8.131663938415256,4.892657405736965
H009,2026-04-09,2,197.45,98.72,Thursday,0,197.14285714285714,-4.912111726462809,0.15579710144927164
H009,2026-04-10,2,187.96,93.98,Friday,0,202.35285714285715,-4.8062800709040125,-7.112752123235929
H010,2026-01-01,3,385.8,128.6,Thursday,0,,,
H010,2026-01-02,3,315.81,105.27,Friday,0,,-18.141524105754282,
H010,2026-01-03,3,361.06,120.35,Saturday,0,,14.32823533137013,
H010,2026-01-04,3,370.21,123.4,Sunday,0,,2.5342048413006024,
H010,2026-01-05,3,301.1,100.37,Monday,0,,-18.66778315010399,
H010,2026-01-06,3,379.11,126.37,Tuesday,0,,25.908336100963126,
H010,2026-01-07,3,383.15,127.72,Wednesday,0,,1.065653768035646,
H010,2026-01-08,3,354.1,118.03,Thursday,0,356.60571428571427,-7.58188698942972,-0.7026567958209041
H010,2026-01-09,3,289.64,96.55,Friday,0,352.07714285714286,-18.20389720417962,-17.733938179132824
H010,2026-01-10,3,357.16,119.05,Saturday,0,348.3385714285714,23.311697279381317,2.532429450821667
H010,2026-01-11,3,301.68,100.56,Sunday,0,347.78142857142853,-15.533654384589546,-13.255862672368101
H010,2026-01-12,3,327.24,109.08,Monday,0,337.99142857142857,8.472553699284013,-3.1809766942525983
H010,2026-01-13,3,384.61,128.2,Tuesday,0,341.7257142857143,17.531475369759207,12.549329453864427
H010,2026-01-14,3,341.84,113.95,Wednesday,0,342.51142857142855,-11.1203556849796,-0.19603099792290749
H010,2026-01-15,3,373.03,124.34,Thursday,0,336.61,9.124151649894685,10.819642910192792
H010,2026-01-16,3,377.7,125.9,Friday,0,339.31428571428575,1.2519100340455225,11.312731559447611
H010,2026-01-17,3,431.81,143.94,Saturday,0,351.89428571428573,14.326184802753517,22.710148340004704
H010,2026-01-18,3,400.92,133.64,Sunday,0,362.5585714285714,-7.153609226280078,10.580753454614248
H010,2026-01-19,3,395.77,131.92,Monday,0,376.7357142857143,-1.284545545245941,5.052424018353132
H010,2026-01-20,3,339.37,113.12,Tuesday,0,386.5257142857143,-14.250701164817947,-12.199890600514472
H010,2026-01-21,3,345.14,115.05,Wednesday,0,380.06285714285707,1.7002092111854328,-9.188705627640527
H010,2026-01-22,3,360.71,120.24,Thursday,0,380.53428571428566,4.5112128411659125,-5.209592527799251
H010,2026-01-23,3,316.17,105.39,Friday,0,378.77428571428567,-12.347869479637374,-16.528124552126773
H010,2026-01-24,3,818.55,272.85,Saturday,1,369.9842857142857,158.89553088528322,121.23912598604574
H010,2026-01-25,3,331.56,110.52,Sunday,0,425.23285714285714,-59.49422759758109,-22.02860281593614
H010,2026-01-26,3,382.81,127.6,Monday,0,415.32428571428574,15.457232476776461,-7.828650245763212
H010,2026-01-27,3,307.07,102.36,Tuesday,0,413.47285714285715,-19.785272067082893,-25.733940040976954
H010,2026-01-28,3,330.29,110.1,Wednesday,0,408.85857142857145,7.561793727814514,-19.216564582234163
H010,2026-01-29,3,386.69,128.9,Thursday,0,406.7371428571428,17.0759029943383,-4.928771126315339
H010,2026-01-30,3,369.16,123.05,Friday,0,410.4485714285715,-4.533347125604481,-10.059377545124851
H010,2026-01-31,3,417.29,139.1,Saturday,0,418.0185714285714,13.037707227218554,-0.1742916411779311
H010,2026-02-01,3,409.44,136.48,Sunday,0,360.69571428571425,-1.8811857461238035,13.513963095129663
H010,2026-02-02,3,439.72,146.57,Monday,0,371.82142857142856,7.3954669792887895,18.261070022092028
H010,2026-02-03,3,355.17,118.39,Tuesday,0,379.95142857142855,-19.228145183298462,-6.522262244046222
H010,2026-02-04,3,338.29,112.76,Wednesday,0,386.8228571428571,-4.752653658811267,-12.54653292758589
H010,2026-02-05,3,373.72,124.57,Thursday,0,387.96571428571434,10.47326258535577,-3.671900315197226
H010,2026-02-06,3,374.05,124.68,Friday,0,386.11285714285714,0.08830140211923965,-3.1241790890154206
H010,2026-02-07,3,387.49,129.16,Saturday,0,386.8114285714286,3.593102526400216,0.1754269337587793
H010,2026-02-08,3,446.64,148.88,Sunday,0,382.55428571428575,15.264910062195147,16.75205759780123
H010,2026-02-09,3,340.19,113.4,Monday,0,387.86857142857144,-23.83351244850439,-12.292455470925354
H010,2026-02-10,3,387.83,129.28,Tuesday,0,373.65,14.003938975278519,3.7949953164726367
H010,2026-02-11,3,358.2,119.4,Wednesday,0,378.3157142857143,-7.639945336874399,-5.317176507905348
H010,2026-02-12,3,354.04,118.01,Thursday,0,381.16,-1.1613623673925044,-7.11512225836919
H010,2026-02-13,3,377.61,125.87,Friday,0,378.34857142857146,6.657439837306511,-0.19520925525970492
H010,2026-02-14,3,340.02,113.34,Saturday,0,378.85714285714283,-9.954715182330986,-10.251131221719456
H010,2026-02-15,3,423.04,141.01,Sunday,0,372.0757142857143,24.41621081112877,13.697288954245105
H010,2026-02-16,3,374.83,124.94,Monday,0,368.70428571428573,-11.396085476550688,1.6614166211404324
H010,2026-02-17,3,350.48,116.83,Tuesday,0,373.65285714285716,-6.4962783128351465,-6.201707467206
H010,2026-02-18,3,346.7,115.57,Wednesday,0,368.31714285714287,-1.0785208856425532,-5.869165548324044
H010,2026-02-19,3,349.49,116.5,Thursday,0,366.6742857142857,0.8047303143928541,-4.686525994265049
H010,2026-02-20,3,354.01,118.0,Friday,0,366.0242857142857,1.2933131133938014,-3.282373925227449
H010,2026-02-21,3,366.22,122.07,Saturday,0,362.6528571428571,3.449055111437538,0.983624639068471
H010,2026-02-22,3,331.44,110.48,Sunday,0,366.3957142857143,-9.497023646988156,-9.540426626949007
H010,2026-02-23,3,350.38,116.79,Monday,0,353.31,5.714458122133714,-0.8293000481163869
H010,2026-02-24,3,884.12,294.71,Tuesday,1,349.8171428571428,152.3317540955534,152.73775686889482
H010,2026-02-25,3,399.76,133.25,Wednesday,0,426.0514285714285,-54.784418404741444,-6.17095186362477
H010,2026-02-26,3,397.36,132.45,Thursday,0,433.63142857142856,-0.6003602161296695,-8.364575577679524
H010,2026-02-27,3,389.1,129.7,Friday,0,440.46999999999997,-2.0787195490235555,-11.66254228437804
H010,2026-02-28,3,355.06,118.35,Saturday,0,445.48285714285714,-8.748393729118487,-20.297718687267103
H010,2026-03-01,3,416.14,138.71,Sunday,0,443.8885714285714,17.202726299780323,-6.2512470954744135
H010,2026-03-02,3,360.65,120.22,Monday,0,455.9885714285714,-13.334454750805024,-20.908105466302413
H010,2026-03-03,3,371.89,123.96,Tuesday,0,457.4557142857143,3.1165950367392226,-18.704698971641285
H010,2026-03-04,3,377.43,125.81,Wednesday,0,384.2799999999999,1.4896878109118328,-1.782554387425812
H010,2026-03-05,3,366.48,122.16,Thursday,0,381.09000000000003,-2.9012002225578204,-3.8337400614028216
H010,2026-03-06,3,369.77,123.26,Friday,0,376.67857142857144,0.8977297533289574,-1.8340760405802687
H010,2026-03-07,3,442.89,147.63,Saturday,0,373.9171428571429,19.774454390567108,18.44602700369064
H010,2026-03-08,3,299.78,99.93,Sunday,0,386.4642857142857,-32.31276389171126,-22.430089640513824
H010,2026-03-09,3,356.6,118.87,Monday,0,369.8414285714286,18.95389952631932,-3.580298892575582
H010,2026-03-10,3,310.7,103.57,Tuesday,0,369.2628571428572,-12.871564778463274,-15.859395552529373
H010,2026-03-11,3,364.08,121.36,Wednesday,0,360.5214285714286,17.180560025748303,0.9870623897925498
H010,2026-03-12,3,397.45,132.48,Thursday,0,358.6142857142857,9.165568007031432,10.829382942277817
H010,2026-03-13,3,329.94,109.98,Friday,0,363.0385714285714,-16.98578437539313,-9.117094995809175
H010,2026-03-14,3,399.17,133.06,Saturday,0,357.34857142857135,20.982602897496516,11.703258922860464
H010,2026-03-15,3,372.36,124.12,Sunday,0,351.1028571428571,-6.716436605957366,6.054391875396729
H010,2026-03-16,3,345.67,115.22,Monday,0,361.47142857142853,-7.167794607369215,-4.371418408884307
H010,2026-03-17,3,374.72,124.91,Tuesday,0,359.90999999999997,8.403969103480202,4.114917618293479
H010,2026-03-18,3,307.26,102.42,Wednesday,0,369.0557142857143,-18.002775405636218,-16.74427786745324
H010,2026-03-19,3,415.19,138.4,Thursday,0,360.93857142857144,35.12660287704226,15.030654207087077
H010,2026-03-20,3,780.67,260.22,Friday,1,363.47285714285715,88.02716828439992,114.78082466366124
H010,2026-03-21,3,422.66,140.89,Saturday,0,427.86285714285714,-45.85932596359537,-1.2160104706447925
H010,2026-03-22,3,412.92,137.64,Sunday,0,431.21857142857147,-2.304452751620689,-4.2434562518842
H010,2026-03-23,3,355.46,118.49,Monday,0,437.0128571428572,-13.915528431657476,-18.66143199448203
H010,2026-03-24,3,347.14,115.71,Tuesday,0,438.4114285714286,-2.3406290440555866,-20.818670003388863
H010,2026-03-25,3,344.57,114.86,Wednesday,0,434.47142857142853,-0.7403353114017408,-20.692138230362012
H010,2026-03-26,3,381.44,127.15,Thursday,0,439.8014285714285,10.70029311895986,-13.269949750049525
H010,2026-03-27,3,368.75,122.92,Friday,0,434.97999999999996,-3.326866610738255,-15.225987401719612
H010,2026-03-28,3,414.44,138.15,Saturday,0,376.1342857142857,12.39050847457628,10.18405280788777
H010,2026-03-29,3,415.33,138.44,Sunday,0,374.96,0.21474761123443376,10.766481758054194
H010,2026-03-30,3,425.81,141.94,Monday,0,375.30428571428564,2.5232947294922203,13.457270862119522
H010,2026-03-31,3,316.03,105.34,Tuesday,0,385.35428571428565,-25.781451821234835,-17.989753399469127
H010,2026-04-01,3,397.81,132.6,Wednesday,0,380.90999999999997,25.877290130683804,4.436743587724144
H010,2026-04-02,3,400.9,133.63,Thursday,0,388.5157142857143,0.7767527211482772,3.1875893970091216
H010,2026-04-03,3,336.72,112.24,Friday,0,391.2957142857143,-16.0089797954602,-13.947434713242087
H010,2026-04-04,3,457.75,152.58,Saturday,0,386.71999999999997,35.94381088144451,18.367294166321894
H010,2026-04-05,3,416.79,138.93,Sunday,0,392.90714285714284,-8.948115783724742,6.07849910011454
H010,2026-04-06,3,355.08,118.36,Monday,0,393.1157142857143,-14.80601741884403,-9.675449976560893
H010,2026-04-07,3,355.3,118.43,Tuesday,0,383.01142857142855,0.061957868649331616,-7.235144046429043
H010,2026-04-08,3,372.64,124.21,Wednesday,0,388.62142857142857,4.880382775119618,-4.1123384858566014
H010,2026-04-09,3,401.86,133.95,Thursday,0,385.02571428571434,7.8413482181193706,4.3722497198702746
H010,2026-04-10,3,366.6,122.2,Friday,0,385.16285714285715,-8.774199970138852,-4.819482667813982
H011,2026-01-01,3,292.27,97.42,Thursday,0,,,
H011,2026-01-02,3,286.46,95.49,Friday,0,,-1.9878879118623183,
H011,2026-01-03,3,321.59,107.2,Saturday,0,,12.26349228513579,
H011,2026-01-04,3,264.22,88.07,Sunday,0,,-17.83948505861499,
H011,2026-01-05,3,236.59,78.86,Monday,0,,-10.457194761940814,
H011,2026-01-06,3,277.37,92.46,Tuesday,0,,17.23656959296673,
H011,2026-01-07,3,270.39,90.13,Wednesday,0,,-2.516494213505438,
H011,2026-01-08,3,262.63,87.54,Thursday,0,278.41285714285715,-2.869928621620621,-5.668867919687621
H011,2026-01-09,3,207.85,69.28,Friday,0,274.17857142857144,-20.858241632715224,-24.19174156571578
H011,2026-01-10,3,264.22,88.07,Saturday,0,262.9485714285714,27.120519605484738,0.48352746870654795
H011,2026-01-11,3,269.42,89.81,Sunday,0,254.75285714285715,1.9680569222617406,5.75740073011939
H011,2026-01-12,3,241.92,80.64,Monday,0,255.49571428571429,-10.207111573008698,-5.3134802372978065
H011,2026-01-13,3,303.54,101.18,Tuesday,0,256.25714285714287,25.47123015873016,18.451332367042035
H011,2026-01-14,3,269.07,89.69,Wednesday,0,259.9957142857143,-11.355999209329914,3.4901674203420794
H011,2026-01-15,3,278.52,92.84,Thursday,0,259.8071428571428,3.5120972237707715,7.202595331702094
H011,2026-01-16,3,322.86,107.62,Friday,0,262.07714285714286,15.919862128392936,23.192734963533095
H011,2026-01-17,3,339.34,113.11,Saturday,0,278.50714285714287,5.10437960726009,21.842476468928716
H011,2026-01-18,3,270.91,90.3,Sunday,0,289.2385714285714,-20.165615606766064,-6.33683513856577
H011,2026-01-19,3,283.31,94.44,Monday,0,289.4514285714286,4.577165848436748,-2.1217475421487064
H011,2026-01-20,3,269.92,89.97,Tuesday,0,295.36428571428576,-4.726271575306196,-8.61454378370536
H011,2026-01-21,3,263.6,87.87,Wednesday,0,290.56142857142856,-2.3414344991108504,-9.279080400997074
H011,2026-01-22,3,304.16,101.39,Thursday,0,289.78000000000003,15.386949924127457,4.962385257781763
H011,2026-01-23,3,269.72,89.91,Friday,0,293.4428571428572,-11.322987901104675,-8.08431916654496
H011,2026-01-24,3,351.45,117.15,Saturday,0,285.8514285714286,30.301794453507313,22.94848472733087
H011,2026-01-25,3,737.94,245.98,Sunday,1,287.5814285714286,109.97012377294068,156.60210524224195
H011,2026-01-26,3,256.43,85.48,Monday,0,354.30000000000007,-65.25056237634497,-27.623482924075653
H011,2026-01-27,3,253.62,84.54,Tuesday,0,350.46000000000004,-1.0958156221970938,-27.632254750898827
H011,2026-01-28,3,282.22,94.07,Wednesday,0,348.13142857142856,11.27671319296586,-18.93291531933751
H011,2026-01-29,3,293.74,97.91,Thursday,0,350.79142857142864,4.08192190489689,-16.263632439300537
H011,2026-01-30,3,273.09,91.03,Friday,0,349.30285714285714,-7.030026554095469,-21.818561052218303
H011,2026-01-31,3,262.94,87.65,Saturday,0,349.7842857142858,-3.7167234245120584,-24.827955188708156
H011,2026-02-01,3,265.15,88.38,Sunday,0,337.14000000000004,0.8404959306305582,-21.353147060568325
H011,2026-02-02,3,274.59,91.53,Monday,0,269.59857142857146,3.5602489157080974,1.851429903719265
H011,2026-02-03,3,296.71,98.9,Tuesday,0,272.1928571428571,8.055646600386023,9.007269005694493
H011,2026-02-04,3,271.92,90.64,Wednesday,0,278.34857142857146,-8.354959387954553,-2.3095399396440284
H011,2026-02-05,3,222.98,74.33,Thursday,0,276.8771428571428,-17.99794057075611,-19.46608604125604
H011,2026-02-06,3,268.05,89.35,Friday,0,266.7685714285714,20.212575118844754,0.4803521511422496
H011,2026-02-07,3,281.79,93.93,Saturday,0,266.04857142857145,5.125909345271418,5.916749895293018
H011,2026-02-08,3,253.07,84.36,Sunday,0,268.74142857142857,-10.19198694062956,-5.83141522121636
H011,2026-02-09,3,309.36,103.12,Monday,0,267.0157142857143,22.242857707353703,15.858349695844549
H011,2026-02-10,3,282.01,94.0,Tuesday,0,271.98285714285714,-8.840832686837352,3.6866819337353163
H011,2026-02-11,3,284.48,94.83,Wednesday,0,269.8828571428571,0.8758554661182361,5.408695836288776
H011,2026-02-12,3,274.7,91.57,Thursday,0,271.6771428571428,-3.4378515185601866,1.1126652434086752
H011,2026-02-13,3,279.39,93.13,Friday,0,279.0657142857143,1.7073170731707332,0.11620406867812776
H011,2026-02-14,3,304.76,101.59,Saturday,0,280.68571428571425,9.080496796592573,8.576954397394147
H011,2026-02-15,3,314.13,104.71,Sunday,0,283.96714285714285,3.0745504659404066,10.621953244087598
H011,2026-02-16,3,279.36,93.12,Monday,0,292.69,-11.06866583898386,-4.554306604257059
H011,2026-02-17,3,276.1,92.03,Tuesday,0,288.4042857142857,-1.1669530355097324,-4.266332479703585
H011,2026-02-18,3,258.79,86.26,Wednesday,0,287.56,-6.269467584208622,-10.00486854917234
H011,2026-02-19,3,271.71,90.57,Thursday,0,283.89,4.992464932957197,-4.290394166754732
H011,2026-02-20,3,258.65,86.22,Friday,0,283.46285714285716,-4.806595267012625,-8.7534774019272
H011,2026-02-21,3,260.22,86.74,Saturday,0,280.5,0.6069978735743442,-7.229946524064161
H011,2026-02-22,3,273.62,91.21,Sunday,0,274.13714285714286,5.149488894012744,-0.18864384875140724
H011,2026-02-23,3,247.16,82.39,Monday,0,268.35,-9.670345734960895,-7.896403950065222
H011,2026-02-24,3,287.71,95.9,Tuesday,0,263.75,16.40637643631655,9.084360189573452
H011,2026-02-25,3,246.48,82.16,Wednesday,0,265.40857142857146,-14.330402141044797,-7.131861388909837
H011,2026-02-26,3,259.88,86.63,Thursday,0,263.65,5.436546575787093,-1.4299260383083565
H011,2026-02-27,3,258.61,86.2,Friday,0,261.96,-0.488687086347539,-1.2788211940754184
H011,2026-02-28,3,317.36,105.79,Saturday,0,261.9542857142857,22.71760566103398,21.150909646176018
H011,2026-03-01,3,286.69,95.56,Sunday,0,270.1171428571428,-9.664103856818762,6.135433304069146
H011,2026-03-02,3,226.32,75.44,Monday,0,271.9842857142857,-21.05758833583313,-16.789310306792935
H011,2026-03-03,3,271.27,90.42,Tuesday,0,269.00714285714287,19.86125839519264,0.8411884973845518
H011,2026-03-04,3,315.71,105.24,Wednesday,0,266.65857142857146,16.38220223393667,18.394844129196755
H011,2026-03-05,3,275.09,91.7,Thursday,0,276.54857142857145,-12.866238003230812,-0.5274196214563353
H011,2026-03-06,3,273.69,91.23,Friday,0,278.7214285714286,-0.5089243520302378,-1.8051818251710687
H011,2026-03-07,3,302.4,100.8,Saturday,0,280.8757142857143,10.489970404472215,7.663277606262032
H011,2026-03-08,3,242.18,80.73,Sunday,0,278.7385714285714,-19.914021164021158,-13.115720311402887
H011,2026-03-09,3,276.79,92.26,Monday,0,272.38,14.291023205879938,1.6190616051105167
H011,2026-03-10,3,256.64,85.55,Tuesday,0,279.59,-7.27988727916472,-8.208448084695444
H011,2026-03-11,3,646.71,215.57,Wednesday,1,277.5,151.99111596009976,133.04864864864868
H011,2026-03-12,3,230.08,76.69,Thursday,0,324.7857142857143,-64.42300258230118,-29.159445788431924
H011,2026-03-13,3,244.6,81.53,Friday,0,318.3557142857143,6.310848400556313,-23.167705486674844
H011,2026-03-14,3,235.94,78.65,Saturday,0,314.2,-3.5404742436631276,-24.90770210057288
H011,2026-03-15,3,295.81,98.6,Sunday,0,304.7057142857143,25.37509536322795,-2.919444522583853
H011,2026-03-16,3,295.7,98.57,Monday,0,312.3671428571429,-0.0371860315743211,-5.335754172059446
H011,2026-03-17,3,298.31,99.44,Tuesday,0,315.06857142857143,0.8826513358133337,-5.3190235232239695
H011,2026-03-18,3,268.5,89.5,Wednesday,0,321.0214285714286,-9.992960343267077,-16.3607235832054
H011,2026-03-19,3,225.72,75.24,Thursday,0,266.99142857142857,-15.932960893854753,-15.457960127130887
H011,2026-03-20,3,285.65,95.22,Friday,0,266.36857142857144,26.550593655856815,7.238627465702718
H011,2026-03-21,3,308.6,102.87,Saturday,0,272.23285714285714,8.034307719236855,13.35883671016935
H011,2026-03-22,3,324.97,108.32,Sunday,0,282.61285714285714,5.30460142579392,14.987691390038885
H011,2026-03-23,3,315.95,105.32,Monday,0,286.7785714285714,-2.775640828384174,10.17210889436848
H011,2026-03-24,3,251.32,83.77,Tuesday,0,289.6714285714286,-20.455768317771795,-13.239631109138436
H011,2026-03-25,3,288.52,96.17,Wednesday,0,282.9585714285714,14.80184625179055,1.9654568311363072
H011,2026-03-26,3,235.46,78.49,Thursday,0,285.81857142857143,-18.390406211007893,-17.61906903980047
H011,2026-03-27,3,251.95,83.98,Friday,0,287.21,7.003312664571459,-12.276731311583857
H011,2026-03-28,3,339.17,113.06,Saturday,0,282.3957142857143,34.61797975788847,20.104513929288693
H011,2026-03-29,3,311.45,103.82,Sunday,0,286.7628571428572,-8.1728926497037,8.608905317484815
H011,2026-03-30,3,269.92,89.97,Monday,0,284.83142857142855,-13.334403596082833,-5.235176695990597
H011,2026-03-31,3,301.91,100.64,Tuesday,0,278.2557142857143,11.851659751037346,8.500916423228379
H011,2026-04-01,3,267.05,89.02,Wednesday,0,285.48285714285714,-11.546487363783909,-6.456729951260518
H011,2026-04-02,3,233.43,77.81,Thursday,0,282.41571428571433,-12.589402733570498,-17.345250921893268
H011,2026-04-03,3,254.72,84.91,Friday,0,282.1257142857143,9.120507218438068,-9.714007939722928
H011,2026-04-04,3,299.44,99.81,Saturday,0,282.5214285714286,17.55653266331658,5.988420600207305
H011,2026-04-05,3,248.71,82.9,Sunday,0,276.8457142857143,-16.941624365482234,-10.162958223249664
H011,2026-04-06,3,259.54,86.51,Monday,0,267.8828571428572,4.354469060351418,-3.114367687368684
H011,2026-04-07,3,264.25,88.08,Tuesday,0,266.40000000000003,1.8147491716113073,-0.8070570570570698
H011,2026-04-08,3,242.25,80.75,Wednesday,0,261.02000000000004,-8.32544938505203,-7.191019845222602
H011,2026-04-09,3,258.52,86.17,Thursday,0,257.4771428571429,6.7162022703818325,0.40502901783235196
H011,2026-04-10,3,256.34,85.45,Friday,0,261.06142857142856,-0.8432616431997553,-1.8085508063236415
H012,2026-01-01,5,571.7,114.34,Thursday,0,,,
H012,2026-01-02,5,528.44,105.69,Friday,0,,-7.566905719783101,
H012,2026-01-03,5,543.71,108.74,Saturday,0,,2.889637423359326,
H012,2026-01-04,5,599.54,119.91,Sunday,0,,10.268341579150642,
H012,2026-01-05,5,572.7,114.54,Monday,0,,-4.476765520232162,
H012,2026-01-06,5,598.38,119.68,Tuesday,0,,4.484023048716601,
H012,2026-01-07,5,493.59,98.72,Wednesday,0,,-17.51228316454427,
H012,2026-01-08,5,566.51,113.3,Thursday,0,558.2942857142857,14.773394922911741,1.4715741314104696
H012,2026-01-09,5,555.43,111.09,Friday,0,557.5528571428571,-1.9558348484581156,-0.38074545142420585
H012,2026-01-10,5,621.63,124.33,Saturday,0,561.4085714285715,11.918693624759214,10.726845231127818
H012,2026-01-11,5,528.13,105.63,Sunday,0,572.54,-15.041101619934683,-7.756663289901137
H012,2026-01-12,5,566.7,113.34,Monday,0,562.3385714285714,7.303126124249726,0.7755876607127996
H012,2026-01-13,5,611.91,122.38,Tuesday,0,561.4814285714285,7.977766013763876,8.981342723458608
H012,2026-01-14,5,465.23,93.05,Wednesday,0,563.4142857142857,-23.970845385759333,-17.426658890945507
H012,2026-01-15,5,581.01,116.2,Thursday,0,559.3628571428571,24.88661522257807,3.869964296112413
H012,2026-01-16,5,619.18,123.84,Friday,0,561.4342857142857,6.56959432712001,10.285391497287556
H012,2026-01-17,5,616.98,123.4,Saturday,0,570.5414285714286,-0.35530863399979573,8.139386397381937
H012,2026-01-18,5,571.79,114.36,Sunday,0,569.8771428571429,-7.324386527926363,0.3356613204851082
H012,2026-01-19,5,492.06,98.41,Monday,0,576.1142857142856,-13.943930463981523,-14.589863122396338
H012,2026-01-20,5,459.34,91.87,Tuesday,0,565.4514285714286,-6.649595577775069,-18.765790165127232
H012,2026-01-21,5,608.02,121.6,Wednesday,0,543.6557142857143,32.36818043279488,11.839162915605712
H012,2026-01-22,5,520.82,104.16,Thursday,0,564.0542857142857,-14.341633498898055,-7.664915737593635
H012,2026-01-23,5,544.77,108.95,Friday,0,555.4557142857143,4.598517722053663,-1.9237743011529833
H012,2026-01-24,5,557.43,111.49,Saturday,0,544.8257142857143,2.3239165152266095,2.3134527948649253
H012,2026-01-25,5,610.6,122.12,Sunday,0,536.3185714285714,9.53841737976071,13.850243591895012
H012,2026-01-26,5,1158.12,231.62,Monday,1,541.8628571428571,89.66917785784472,113.72935692742494
H012,2026-01-27,5,579.89,115.98,Tuesday,0,637.0142857142857,-49.928332124477606,-8.9675046534054
H012,2026-01-28,5,576.17,115.23,Wednesday,0,654.2357142857143,-0.6415009743227174,-11.932352909065107
H012,2026-01-29,5,636.74,127.35,Thursday,0,649.6857142857142,10.512522345835439,-1.992611812304836
H012,2026-01-30,5,1152.17,230.43,Friday,1,666.2457142857141,80.94826773879448,72.93469590798767
H012,2026-01-31,5,664.37,132.87,Saturday,0,753.0171428571429,-42.33750227830962,-11.772260923674665
H012,2026-02-01,5,528.54,105.71,Sunday,0,768.2942857142856,-20.444932793473527,-31.206048277631705
H012,2026-02-02,5,626.8,125.36,Monday,0,756.5714285714284,18.590835130737492,-17.152567975830806
H012,2026-02-03,5,588.35,117.67,Tuesday,0,680.6685714285713,-6.134333120612623,-13.562925527002848
H012,2026-02-04,5,574.21,114.84,Wednesday,0,681.8771428571429,-2.4033313503866727,-15.789815509287383
H012,2026-02-05,5,555.53,111.11,Thursday,0,681.5971428571429,-3.253165218299936,-18.495843795455222
H012,2026-02-06,5,548.01,109.6,Friday,0,669.9957142857144,-1.3536622684643507,-18.20693949001807
H012,2026-02-07,5,614.23,122.85,Saturday,0,583.6871428571429,12.083721099979927,5.232744547592756
H012,2026-02-08,5,592.07,118.41,Sunday,0,576.5242857142857,-3.607769076730205,2.6964543681718345
H012,2026-02-09,5,534.7,106.94,Monday,0,585.6,-9.689732632965697,-8.69193989071038
H012,2026-02-10,5,589.44,117.89,Tuesday,0,572.4428571428572,10.237516364316445,2.9692296174290664
H012,2026-02-11,5,697.19,139.44,Wednesday,0,572.5985714285714,18.280062432138976,21.758948552838078
H012,2026-02-12,5,485.0,97.0,Thursday,0,590.1671428571428,-30.435032057258425,-17.819891217258064
H012,2026-02-13,5,580.03,116.01,Friday,0,580.0914285714287,19.59381443298969,-0.010589463729873757
H012,2026-02-14,5,559.11,111.82,Saturday,0,584.6657142857142,-3.606709997758728,-4.370995880429829
H012,2026-02-15,5,625.72,125.14,Sunday,0,576.7914285714286,11.913576934771331,8.482888095226304
H012,2026-02-16,5,618.54,123.71,Monday,0,581.5985714285715,-1.147478105222799,6.351705520990154
H012,2026-02-17,5,574.08,114.82,Tuesday,0,593.5757142857143,-7.187894073139967,-3.284452819835231
H012,2026-02-18,5,616.58,123.32,Wednesday,0,591.3814285714286,7.4031493868450315,4.260967661673514
H012,2026-02-19,5,459.34,91.87,Thursday,0,579.8657142857143,-25.501962437964266,-20.785107882120492
H012,2026-02-20,5,637.31,127.46,Friday,0,576.2,38.74472068620194,10.605692467893075
H012,2026-02-21,5,646.04,129.21,Saturday,0,584.3828571428572,1.3698200247917125,10.550813067753992
H012,2026-02-22,5,555.87,111.17,Sunday,0,596.8014285714286,-13.957340102780002,-6.858466922474812
H012,2026-02-23,5,571.97,114.39,Monday,0,586.8228571428571,2.896360659866515,-2.531063158509729
H012,2026-02-24,5,564.6,112.92,Tuesday,0,580.17,-1.2885291186600756,-2.6836961580226375
H012,2026-02-25,5,578.18,115.64,Wednesday,0,578.8157142857143,2.405242649663464,-0.10983017047124548
H012,2026-02-26,5,614.43,122.89,Thursday,0,573.33,6.269673804005671,7.168646329339108
H012,2026-02-27,5,485.53,97.11,Friday,0,595.4857142857143,-20.97879335318913,-18.464878610498033
H012,2026-02-28,5,676.54,135.31,Saturday,0,573.8028571428571,39.340514489320945,17.904606360571833
H012,2026-03-01,5,611.54,122.31,Sunday,0,578.16,-9.607709817601329,5.773488307734883
H012,2026-03-02,5,588.13,117.63,Monday,0,586.1128571428571,-3.828040684174372,0.34415604990750204
H012,2026-03-03,5,456.18,91.24,Tuesday,0,588.4214285714286,-22.435515957356365,-22.473931463115598
H012,2026-03-04,5,594.7,118.94,Wednesday,0,572.9328571428571,30.365206716646952,3.799248478380683
H012,2026-03-05,5,497.89,99.58,Thursday,0,575.2928571428571,-16.278796031612586,-13.45451385008877
H012,2026-03-06,5,567.79,113.56,Friday,0,558.6442857142857,14.039245616501628,1.6371266151985198
H012,2026-03-07,5,608.49,121.7,Saturday,0,570.3957142857142,7.168143151517303,6.67857151801883
H012,2026-03-08,5,614.67,122.93,Sunday,0,560.6742857142857,1.0156288517477519,9.63049593346786
H012,2026-03-09,5,542.46,108.49,Monday,0,561.1214285714286,-11.747767094538519,-3.325737999159848
H012,2026-03-10,5,622.95,124.59,Tuesday,0,554.5971428571429,14.837960402610339,12.324776285489081
H012,2026-03-11,5,589.63,117.93,Wednesday,0,578.4214285714286,-5.3487438799261655,1.937786339668307
H012,2026-03-12,5,547.93,109.59,Thursday,0,577.6971428571429,-7.072231738547908,-5.152724611017161
H012,2026-03-13,5,554.68,110.94,Friday,0,584.8457142857143,1.231909185479907,-5.1578926798765075
H012,2026-03-14,5,545.73,109.15,Saturday,0,582.9728571428572,-1.6135429436792248,-6.388437589596181
H012,2026-03-15,5,533.26,106.65,Sunday,0,574.0071428571429,-2.285012735235381,-7.098717039359892
H012,2026-03-16,5,571.19,114.24,Monday,0,562.3771428571429,7.1128530172899,1.567072427247609
H012,2026-03-17,5,673.34,134.67,Tuesday,0,566.4814285714286,17.883716451618547,18.86356128179715
H012,2026-03-18,5,515.61,103.12,Wednesday,0,573.6800000000001,-23.42501559390501,-10.122367870589883
H012,2026-03-19,5,560.73,112.15,Thursday,0,563.1057142857143,8.750800023273397,-0.42189489920694334
H012,2026-03-20,5,646.71,129.34,Friday,0,564.9342857142857,15.33358300786476,14.475261345188073
H012,2026-03-21,5,648.68,129.74,Saturday,0,578.0814285714285,0.3046187626602137,12.212565209547835
H012,2026-03-22,5,638.83,127.77,Sunday,0,592.7885714285715,-1.5184682740334132,7.766922439221887
H012,2026-03-23,5,578.13,115.63,Monday,0,607.87,-9.501745378269655,-4.892493460772864
H012,2026-03-24,5,1050.44,210.09,Tuesday,1,608.8614285714285,81.69615830349576,72.52529897724796
H012,2026-03-25,5,493.09,98.62,Wednesday,0,662.7328571428571,-53.05871825139942,-25.59747193978182
H012,2026-03-26,5,571.49,114.3,Thursday,0,659.5157142857144,15.899734328418758,-13.347023032051663
H012,2026-03-27,5,585.73,117.15,Friday,0,661.0528571428571,2.4917321387950775,-11.39437736770562
H012,2026-03-28,5,592.25,118.45,Saturday,0,652.3414285714287,1.1131408669523557,-9.211652968756512
H012,2026-03-29,5,666.63,133.33,Sunday,0,644.28,12.55888560574081,3.4689886384801674
H012,2026-03-30,5,532.54,106.51,Monday,0,648.2514285714286,-20.114606303346694,-17.849776100983757
H012,2026-03-31,5,552.68,110.54,Tuesday,0,641.7385714285714,3.7818755398655535,-13.877702758355095
H012,2026-04-01,5,497.5,99.5,Wednesday,0,570.63,-9.984077585582973,-12.815659884688852
H012,2026-04-02,5,518.99,103.8,Thursday,0,571.26,4.319597989949742,-9.14994923502433
H012,2026-04-03,5,541.05,108.21,Friday,0,563.76,4.2505635946742615,-4.028309919114523
H012,2026-04-04,5,648.52,129.7,Saturday,0,557.3771428571429,19.86322890675538,16.352098092084347
H012,2026-04-05,5,659.24,131.85,Sunday,0,565.4157142857142,1.652994510577943,16.593858880065504
H012,2026-04-06,5,576.59,115.32,Monday,0,564.36,-12.537164007038404,2.167056488766039
H012,2026-04-07,5,558.98,111.8,Tuesday,0,570.6528571428572,-3.0541632702613675,-2.0455268026345856
H012,2026-04-08,5,604.86,120.97,Wednesday,0,571.5528571428572,8.207807077176277,5.827482522551338
H012,2026-04-09,5,1204.02,240.8,Thursday,1,586.89,99.05763317131235,105.15258395951541
H012,2026-04-10,5,558.35,111.67,Friday,0,684.7514285714286,-53.626185611534694,-18.45946182764966
H013,2026-01-01,4,296.17,74.04,Thursday,0,,,
H013,2026-01-02,4,339.85,84.96,Friday,0,,14.748286457102333,
H013,2026-01-03,4,335.69,83.92,Saturday,0,,-1.2240694424010656,
H013,2026-01-04,4,295.25,73.81,Sunday,0,,-12.046828919538854,
H013,2026-01-05,4,299.36,74.84,Monday,0,,1.392040643522452,
H013,2026-01-06,4,316.06,79.02,Tuesday,0,,5.578567610903251,
H013,2026-01-07,4,332.77,83.19,Wednesday,0,,5.286970828323723,
H013,2026-01-08,4,267.84,66.96,Thursday,0,316.45,-19.51197523815248,-15.36103649865698
H013,2026-01-09,4,335.28,83.82,Friday,0,312.4028571428571,25.179211469534057,7.322962109364288
H013,2026-01-10,4,407.94,101.99,Saturday,0,311.75,21.671438797423058,30.85485164394547
H013,2026-01-11,4,354.74,88.68,Sunday,0,322.07142857142856,-13.041133500024515,10.143269017520524
H013,2026-01-12,4,324.73,81.18,Monday,0,330.57,-8.459716975813269,-1.7666454911213887
H013,2026-01-13,4,313.76,78.44,Tuesday,0,334.1942857142857,-3.3781911126166464,-6.114492852746045
H013,2026-01-14,4,269.14,67.29,Wednesday,0,333.86571428571426,-14.221060683324838,-19.38675087503102
H013,2026-01-15,4,345.92,86.48,Thursday,0,324.7757142857143,28.52790369324516,6.510426975979032
H013,2026-01-16,4,326.07,81.52,Friday,0,335.93,-5.738320999074942,-2.9351352960438226
H013,2026-01-17,4,336.33,84.08,Saturday,0,334.61428571428576,3.146563621308296,0.5127438842163511
H013,2026-01-18,4,334.57,83.64,Sunday,0,324.38428571428574,-0.5232955728005195,3.140014709185304
H013,2026-01-19,4,345.01,86.25,Monday,0,321.5028571428571,3.1204232298173817,7.311643531272775
H013,2026-01-20,4,293.82,73.45,Tuesday,0,324.4,-14.837251094171178,-9.426633785450058
H013,2026-01-21,4,356.62,89.15,Wednesday,0,321.5514285714285,21.373630113675034,10.906053686146649
H013,2026-01-22,4,292.26,73.06,Thursday,0,334.04857142857145,-18.04722113173687,-12.509729124079483
H013,2026-01-23,4,311.6,77.9,Friday,0,326.3828571428571,6.617395469787191,-4.529299508027369
H013,2026-01-24,4,397.1,99.28,Saturday,0,324.3157142857143,27.439024390243905,22.442417221314326
H013,2026-01-25,4,366.83,91.71,Sunday,0,332.9971428571429,-7.6227650465877765,10.160104333799506
H013,2026-01-26,4,315.12,78.78,Monday,0,337.60571428571427,-14.096447945914992,-6.660347658299617
H013,2026-01-27,4,330.98,82.74,Tuesday,0,333.3357142857143,5.03300330033003,-0.7067092377911541
H013,2026-01-28,4,330.04,82.51,Wednesday,0,338.64428571428573,-0.2840050758353918,-2.5408034557964303
H013,2026-01-29,4,326.66,81.66,Thursday,0,334.8471428571429,-1.0241182886922773,-2.4450388876800977
H013,2026-01-30,4,677.97,169.49,Friday,1,339.76142857142855,107.54607236882383,99.54295661241292
H013,2026-01-31,4,313.15,78.29,Saturday,0,392.09999999999997,-53.81064058881662,-20.13516959959194
H013,2026-02-01,4,380.46,95.12,Sunday,0,380.10714285714283,21.49449145776785,0.0928309687118304
H013,2026-02-02,4,324.06,81.01,Monday,0,382.05428571428575,-14.824160227093508,-15.179593027168922
H013,2026-02-03,4,307.47,76.87,Tuesday,0,383.33142857142855,-5.1194223291982865,-19.79003622378247
H013,2026-02-04,4,331.98,83.0,Wednesday,0,379.97285714285715,7.9715094155527355,-12.630601433937008
H013,2026-02-05,4,318.82,79.7,Thursday,0,380.25,-3.964094222543535,-16.155161078238002
H013,2026-02-06,4,367.94,91.98,Friday,0,379.13,15.406812621541931,-2.9514942104291397
H013,2026-02-07,4,365.12,91.28,Saturday,0,334.84000000000003,-0.7664293091264818,9.043125074662516
H013,2026-02-08,4,384.34,96.09,Sunday,0,342.2642857142857,5.26402278702891,12.293340568065618
H013,2026-02-09,4,313.86,78.47,Monday,0,342.81857142857143,-18.33792995784981,-8.447200310034876
H013,2026-02-10,4,337.31,84.33,Tuesday,0,341.3614285714286,7.4714841011916056,-1.18684427481555
H013,2026-02-11,4,316.1,79.03,Wednesday,0,345.6242857142857,-6.287984346743347,-8.542306468212786
H013,2026-02-12,4,352.55,88.14,Thursday,0,343.35571428571427,11.531161024992077,2.67777273880899
H013,2026-02-13,4,308.66,77.17,Friday,0,348.17428571428576,-12.44929797191887,-11.348995987231358
H013,2026-02-14,4,332.65,83.16,Saturday,0,339.7057142857143,7.772306097323911,-2.0770078303069135
H013,2026-02-15,4,334.01,83.5,Sunday,0,335.06714285714287,0.4088381181421852,-0.3155017970811883
H013,2026-02-16,4,345.6,86.4,Monday,0,327.8771428571429,3.4699559893416554,5.405334750821285
H013,2026-02-17,4,374.06,93.52,Tuesday,0,332.4114285714286,8.234953703703706,12.529223681496248
H013,2026-02-18,4,388.74,97.19,Wednesday,0,337.6614285714286,3.9245040902529116,15.127156111574145
H013,2026-02-19,4,301.92,75.48,Thursday,0,348.0385714285714,-22.333693471214687,-13.250994347917091
H013,2026-02-20,4,330.9,82.73,Friday,0,340.80571428571426,9.598569157392678,-2.906557569457252
H013,2026-02-21,4,326.1,81.53,Saturday,0,343.98285714285714,-1.4505893019038818,-5.1987640580095285
H013,2026-02-22,4,326.81,81.7,Sunday,0,343.04714285714283,0.21772462434834772,-4.733210345933287
H013,2026-02-23,4,301.36,75.34,Monday,0,342.01857142857136,-7.787399406382911,-11.887825640211663
H013,2026-02-24,4,325.25,81.31,Tuesday,0,335.6985714285714,7.927395805680915,-3.1124861163714037
H013,2026-02-25,4,297.02,74.26,Wednesday,0,328.7257142857143,-8.67947732513452,-9.645036243850717
H013,2026-02-26,4,351.22,87.8,Thursday,0,315.6228571428572,18.247929432361467,11.278379259151965
H013,2026-02-27,4,304.89,76.22,Friday,0,322.6657142857143,-13.191162234496911,-5.509018621660631
H013,2026-02-28,4,426.77,106.69,Saturday,0,318.95,39.97507297713929,33.80467157861734
H013,2026-03-01,4,347.71,86.93,Sunday,0,333.3314285714286,-18.525200927900276,4.313596077691857
H013,2026-03-02,4,330.94,82.74,Monday,0,336.3171428571428,-4.822984671133989,-1.5988310353322845
H013,2026-03-03,4,294.95,73.74,Tuesday,0,340.5428571428571,-10.87508309663383,-13.388287608020796
H013,2026-03-04,4,373.96,93.49,Wednesday,0,336.2142857142857,26.787591117138486,11.226683662630117
H013,2026-03-05,4,358.52,89.63,Thursday,0,347.20571428571424,-4.128783827147286,3.2586692121591243
H013,2026-03-06,4,336.86,84.22,Friday,0,348.2485714285714,-6.0415039607274235,-3.2702421094948426
H013,2026-03-07,4,317.76,79.44,Saturday,0,352.8157142857143,-5.670011280650722,-9.935984386830851
H013,2026-03-08,4,329.18,82.3,Sunday,0,337.24285714285713,3.593907351460235,-2.3908162833057944
H013,2026-03-09,4,350.35,87.59,Monday,0,334.5957142857143,6.431131903517828,4.708454125874732
H013,2026-03-10,4,331.56,82.89,Tuesday,0,337.36857142857144,-5.363208220351079,-1.7217286731764363
H013,2026-03-11,4,264.91,66.23,Wednesday,0,342.59857142857146,-20.101942333212687,-22.676268352382422
H013,2026-03-12,4,303.16,75.79,Thursday,0,327.02,14.438866029972441,-7.296189835484055
H013,2026-03-13,4,347.15,86.79,Friday,0,319.1114285714286,14.5104895104895,8.786451664890894
H013,2026-03-14,4,403.2,100.8,Saturday,0,320.5814285714286,16.145758317730085,25.771477716827
H013,2026-03-15,4,302.78,75.7,Sunday,0,332.7871428571429,-24.905753968253975,-9.016917720894114
H013,2026-03-16,4,355.78,88.95,Monday,0,329.0157142857143,17.50445868287205,8.134652708728622
H013,2026-03-17,4,285.39,71.35,Tuesday,0,329.7914285714286,-19.78469840912923,-13.463487745501492
H013,2026-03-18,4,328.84,82.21,Wednesday,0,323.19571428571425,15.224780125442372,1.7463986881014206
H013,2026-03-19,4,752.7,188.18,Thursday,1,332.3285714285715,128.89551149495196,126.4927137514508
H013,2026-03-20,4,280.29,70.07,Friday,0,396.54857142857145,-62.76205659625349,-29.317611966107552
H013,2026-03-21,4,347.91,86.98,Saturday,0,386.9971428571429,24.125013379000325,-10.100111481074055
H013,2026-03-22,4,362.64,90.66,Sunday,0,379.09857142857146,4.233853582823133,-4.34150183329629
H013,2026-03-23,4,317.39,79.35,Monday,0,387.65,-12.477939554379002,-18.12459693022056
H013,2026-03-24,4,328.0,82.0,Tuesday,0,382.1657142857143,3.3428904502347256,-14.173357855231087
H013,2026-03-25,4,340.7,85.17,Wednesday,0,388.25285714285707,3.871951219512182,-12.247909131383436
H013,2026-03-26,4,321.04,80.26,Thursday,0,389.94714285714286,-5.770472556501316,-17.670893124709206
H013,2026-03-27,4,318.27,79.57,Friday,0,328.2814285714286,-0.8628208322950526,-3.0496481677306604
H013,2026-03-28,4,818.92,204.73,Saturday,1,333.70714285714286,157.30354730260473,145.40080053083327
H013,2026-03-29,4,362.1,90.52,Sunday,0,400.9942857142857,-55.78322668880964,-9.699461338957438
H013,2026-03-30,4,354.34,88.58,Monday,0,400.9171428571429,-2.143054404860545,-11.617648106840758
H013,2026-03-31,4,277.64,69.41,Tuesday,0,406.19571428571425,-21.645876841451717,-31.648712619180756
H013,2026-04-01,4,277.09,69.27,Wednesday,0,399.00142857142856,-0.1980982567353462,-30.554133354338152
H013,2026-04-02,4,336.26,84.06,Thursday,0,389.91428571428565,21.354072683965498,-13.760533450575208
H013,2026-04-03,4,328.86,82.22,Friday,0,392.0885714285714,-2.200678046749527,-16.12609395836217
H013,2026-04-04,4,362.41,90.6,Saturday,0,393.6014285714286,10.201909627196981,-7.924622805521173
H013,2026-04-05,4,387.85,96.96,Sunday,0,328.38571428571424,7.019673850059327,18.10806107800063
H013,2026-04-06,4,341.79,85.45,Monday,0,332.0642857142857,-11.875725151476091,2.928864892770347
H013,2026-04-07,4,322.18,80.55,Tuesday,0,330.2714285714286,-5.737441118815656,-2.44993295557767
H013,2026-04-08,4,273.57,68.39,Wednesday,0,336.63428571428574,-15.08783909615743,-18.733767887151814
H013,2026-04-09,4,349.3,87.32,Thursday,0,336.13142857142856,27.682128888401515,3.91768525916734
H013,2026-04-10,4,361.21,90.3,Friday,0,337.9942857142857,3.4096764958488235,6.868670645319447
H014,2026-01-01,5,516.81,103.36,Thursday,0,,,
H014,2026-01-02,5,543.83,108.77,Friday,0,,5.228227007991348,
H014,2026-01-03,5,500.22,100.04,Saturday,0,,-8.019050070794187,
H014,2026-01-04,5,543.96,108.79,Sunday,0,,8.744152572867936,
H014,2026-01-05,5,440.31,88.06,Monday,0,,-19.054709905140086,
H014,2026-01-06,5,499.57,99.91,Tuesday,0,,13.458699552587937,
H014,2026-01-07,5,505.91,101.18,Wednesday,0,,1.2690914186200164,
H014,2026-01-08,5,486.93,97.39,Thursday,0,507.23,-3.7516554327844953,-4.002129211600263
H014,2026-01-09,5,492.02,98.4,Friday,0,502.9614285714286,1.0453247900108709,-2.1754011241986837
H014,2026-01-10,5,520.84,104.17,Saturday,0,495.56,5.857485468070411,5.101299539914446
H014,2026-01-11,5,478.5,95.7,Sunday,0,498.5057142857143,-8.129175946547896,-4.013136401932637
H014,2026-01-12,5,483.95,96.79,Monday,0,489.1542857142857,1.1389759665621613,-1.0639354220695814
H014,2026-01-13,5,517.53,103.51,Tuesday,0,495.3885714285714,6.938733340221104,4.469507341999926
H014,2026-01-14,5,425.61,85.12,Wednesday,0,497.9542857142857,-17.76128920062604,-14.528298639002998
H014,2026-01-15,5,432.84,86.57,Thursday,0,486.48285714285714,1.698738281525336,-11.026669564042784
H014,2026-01-16,5,404.7,80.94,Friday,0,478.7557142857143,-6.501247574161351,-15.468371880678788
H014,2026-01-17,5,525.67,105.13,Saturday,0,466.2814285714286,29.89127748949838,12.736636672518422
H014,2026-01-18,5,499.26,99.85,Sunday,0,466.9714285714286,-5.024064527174843,6.914464023494854
H014,2026-01-19,5,458.71,91.74,Monday,0,469.9371428571429,-8.1220205904739,-2.3890733107163347
H014,2026-01-20,5,492.47,98.49,Tuesday,0,466.3314285714286,7.359769789191439,5.605149004999508
H014,2026-01-21,5,471.95,94.39,Wednesday,0,462.75142857142856,-4.166751274189295,1.9877996826435664
H014,2026-01-22,5,509.53,101.91,Thursday,0,469.37142857142857,7.962707913973932,8.555819332846355
H014,2026-01-23,5,501.91,100.38,Friday,0,480.32714285714286,-1.4954958491158465,4.493366128442227
H014,2026-01-24,5,475.83,95.17,Saturday,0,494.2142857142857,-5.196150704309543,-3.719901719901725
H014,2026-01-25,5,551.37,110.27,Sunday,0,487.0942857142857,15.87541769119223,13.195743857158778
H014,2026-01-26,5,429.49,85.9,Monday,0,494.5385714285714,-22.10493860746867,-13.153386851235055
H014,2026-01-27,5,508.89,101.78,Tuesday,0,490.36428571428576,18.4870427716594,3.7779493379557354
H014,2026-01-28,5,441.57,88.31,Wednesday,0,492.71000000000004,-13.228792076873198,-10.379330640742026
H014,2026-01-29,5,538.17,107.63,Thursday,0,488.36999999999995,21.876486174332488,10.197186559370971
H014,2026-01-30,5,523.14,104.63,Friday,0,492.4614285714286,-2.792797814816872,6.229639449645069
H014,2026-01-31,5,514.97,102.99,Saturday,0,495.49428571428564,-1.561723439232321,3.930562843452159
H014,2026-02-01,5,528.84,105.77,Sunday,0,501.0857142857143,2.6933607782977598,5.538829969209721
H014,2026-02-02,5,469.18,93.84,Monday,0,497.8671428571428,-11.281294909613493,-5.762007649774603
H014,2026-02-03,5,492.64,98.53,Tuesday,0,503.5371428571429,5.000213137814913,-2.164118975476355
H014,2026-02-04,5,517.26,103.45,Wednesday,0,501.2157142857142,4.997564144202671,3.2010739601711373
H014,2026-02-05,5,461.8,92.36,Thursday,0,512.0285714285714,-10.721880678962226,-9.80972043970759
H014,2026-02-06,5,459.69,91.94,Friday,0,501.11857142857144,-0.4569077522737164,-8.267219335030491
H014,2026-02-07,5,488.17,97.63,Saturday,0,492.05428571428575,6.195479562313744,-0.7894018662284696
H014,2026-02-08,5,439.23,87.85,Sunday,0,488.2257142857143,-10.025196140688697,-10.035463690681706
H014,2026-02-09,5,553.5,110.7,Monday,0,475.4242857142857,26.01598251485553,16.422323518541333
H014,2026-02-10,5,538.66,107.73,Tuesday,0,487.46999999999997,-2.6811201445347876,10.501159045684863
H014,2026-02-11,5,420.63,84.13,Wednesday,0,494.0442857142857,-21.911781086399586,-14.859859295436209
H014,2026-02-12,5,511.57,102.31,Thursday,0,480.24000000000007,21.619951025842198,6.523821422622006
H014,2026-02-13,5,538.54,107.71,Friday,0,487.35,5.272005786109424,10.503744741971877
H014,2026-02-14,5,485.18,97.04,Saturday,0,498.61428571428576,-9.90827050915437,-2.694324270120054
H014,2026-02-15,5,443.0,88.6,Sunday,0,498.1871428571429,-8.693680695824234,-11.077592757741643
H014,2026-02-16,5,442.39,88.48,Monday,0,498.7257142857143,-0.1376975169300243,-11.2959313450279
H014,2026-02-17,5,491.25,98.25,Tuesday,0,482.8528571428571,11.044553448314831,1.739068689958798
H014,2026-02-18,5,423.14,84.63,Wednesday,0,476.08,-13.864631043257003,-11.119979835321795
H014,2026-02-19,5,504.53,100.91,Thursday,0,476.4385714285714,19.234768634494493,5.8961281172509175
H014,2026-02-20,5,523.16,104.63,Friday,0,475.43285714285713,3.69254553743088,10.038671526398495
H014,2026-02-21,5,493.24,98.65,Saturday,0,473.2357142857142,-5.719091673675347,4.227129337539451
H014,2026-02-22,5,417.49,83.5,Sunday,0,474.38714285714286,-15.357635228286437,-11.993820598606924
H014,2026-02-23,5,461.03,92.21,Monday,0,470.74285714285713,10.428992311193074,-2.063304200048559
H014,2026-02-24,5,423.53,84.71,Tuesday,0,473.4057142857143,-8.133960913606487,-10.535511672259377
H014,2026-02-25,5,501.05,100.21,Wednesday,0,463.7314285714286,18.303307912072352,8.047453575345335
H014,2026-02-26,5,1061.4,212.28,Thursday,1,474.8614285714286,111.83514619299473,123.51783828665808
H014,2026-02-27,5,462.08,92.42,Friday,0,554.4142857142857,-56.465046165441876,-16.654384292303334
H014,2026-02-28,5,585.01,117.0,Saturday,0,545.6885714285714,26.603618421052634,7.205836924252972
H014,2026-03-01,5,533.04,106.61,Sunday,0,558.7985714285713,-8.883608827199541,-4.60963444532785
H014,2026-03-02,5,438.62,87.72,Monday,0,575.3057142857143,-17.713492420831457,-23.75879656530441
H014,2026-03-03,5,484.78,96.96,Tuesday,0,572.1042857142857,10.523915918106773,-15.263700673953046
H014,2026-03-04,5,489.23,97.85,Wednesday,0,580.8542857142858,0.9179421593300097,-15.774056930924408
H014,2026-03-05,5,465.35,93.07,Thursday,0,579.1657142857142,-4.881139750219732,-19.651666436450448
H014,2026-03-06,5,500.37,100.07,Friday,0,494.0157142857143,7.52551842699043,1.286251738666496
H014,2026-03-07,5,491.43,98.29,Saturday,0,499.4857142857142,-1.7866778583847998,-1.6128017389314562
H014,2026-03-08,5,559.39,111.88,Sunday,0,486.1171428571429,13.829029566774519,15.073086440070286
H014,2026-03-09,5,529.57,105.91,Monday,0,489.88142857142856,-5.330806771661978,8.10166891696826
H014,2026-03-10,5,365.64,73.13,Tuesday,0,502.87428571428575,-30.955303359329278,-27.289978750724416
H014,2026-03-11,5,965.5,193.1,Wednesday,1,485.8542857142857,164.05754293840937,98.72213303224365
H014,2026-03-12,5,471.25,94.25,Thursday,0,553.8928571428571,-51.19109269808389,-14.920368818105612
H014,2026-03-13,5,426.81,85.36,Friday,0,554.7357142857143,-9.430238726790453,-23.060659516114494
H014,2026-03-14,5,484.63,96.93,Saturday,0,544.2271428571429,13.547011550807152,-10.95078473011532
H014,2026-03-15,5,441.03,88.21,Sunday,0,543.2557142857142,-8.996554072178775,-18.817236818230825
H014,2026-03-16,5,481.4,96.28,Monday,0,526.3471428571428,9.15357231934335,-8.539448435714608
H014,2026-03-17,5,437.4,87.48,Tuesday,0,519.4657142857143,-9.14000830909847,-15.798100245857011
H014,2026-03-18,5,460.97,92.19,Wednesday,0,529.7171428571429,5.388660265203482,-12.97808533934553
H014,2026-03-19,5,444.18,88.84,Thursday,0,457.64142857142855,-3.642319456797627,-2.9414794489759544
H014,2026-03-20,5,517.03,103.41,Friday,0,453.7742857142857,16.401008600117063,13.939907191114518
H014,2026-03-21,5,541.33,108.27,Saturday,0,466.66285714285715,4.699920700926463,16.000232654960456
H014,2026-03-22,5,521.92,104.38,Sunday,0,474.7628571428572,-3.5856132119040263,9.932778469852604
H014,2026-03-23,5,533.56,106.71,Monday,0,486.31857142857143,2.2302268546903647,9.71409099855179
H014,2026-03-24,5,431.3,86.26,Tuesday,0,493.77,-19.165604618037325,-12.6516394272637
H014,2026-03-25,5,545.58,109.12,Wednesday,0,492.8985714285714,26.496638070948308,10.688087088331717
H014,2026-03-26,5,1107.32,221.46,Thursday,1,504.9857142857143,102.96198541002232,119.27749016945315
H014,2026-03-27,5,457.33,91.47,Friday,0,599.72,-58.69938229238161,-23.742746615087047
H014,2026-03-28,5,504.17,100.83,Saturday,0,591.1914285714286,10.242057157851004,-14.719670205927976
H014,2026-03-29,5,533.69,106.74,Sunday,0,585.8828571428572,5.8551678997163625,-8.908411725405864
H014,2026-03-30,5,399.19,79.84,Monday,0,587.5642857142857,-25.201896231894928,-32.06020009968514
H014,2026-03-31,5,468.84,93.77,Tuesday,0,568.3685714285714,17.447831859515507,-17.51127286619849
H014,2026-04-01,5,413.79,82.76,Wednesday,0,573.7314285714285,-11.741745584847695,-27.877404061631616
H014,2026-04-02,5,454.43,90.89,Thursday,0,554.9042857142857,9.821406993885784,-18.106597534195085
H014,2026-04-03,5,448.36,89.67,Friday,0,461.6342857142858,-1.3357392777765487,-2.875498229891332
H014,2026-04-04,5,484.92,96.98,Saturday,0,460.3528571428571,8.154161834240337,5.336589634659143
H014,2026-04-05,5,516.22,103.24,Sunday,0,457.6028571428572,6.4546729357419785,12.809610329605825
H014,2026-04-06,5,414.81,82.96,Monday,0,455.10714285714283,-19.644725117198103,-8.854429883073054
H014,2026-04-07,5,458.23,91.65,Tuesday,0,457.33857142857147,10.467442925676828,0.19491655135144761
H014,2026-04-08,5,491.86,98.37,Wednesday,0,455.8228571428572,7.3391091809789755,7.905953440559611
H014,2026-04-09,5,443.9,88.78,Thursday,0,466.9757142857143,-9.750742081079988,-4.941523419694511
H014,2026-04-10,5,518.65,103.73,Friday,0,465.47142857142853,16.83937823834196,11.424669306079863
H015,2026-01-01,3,292.19,97.4,Thursday,0,,,
H015,2026-01-02,3,301.29,100.43,Friday,0,,3.114411855299637,
H015,2026-01-03,3,330.86,110.29,Saturday,0,,9.814464469448048,
H015,2026-01-04,3,340.05,113.35,Sunday,0,,2.7776098651997705,
H015,2026-01-05,3,305.79,101.93,Monday,0,,-10.074988972209963,
H015,2026-01-06,3,297.36,99.12,Tuesday,0,,-2.7567938781516754,
H015,2026-01-07,3,327.59,109.2,Wednesday,0,,10.16612859833197,
H015,2026-01-08,3,302.16,100.72,Thursday,0,313.59000000000003,-7.762752220763747,-3.644886635415672
H015,2026-01-09,3,300.41,100.14,Friday,0,315.0142857142857,-0.5791633571617716,-4.636070926488575
H015,2026-01-10,3,338.23,112.74,Saturday,0,314.8885714285715,12.589461069871177,7.412599468292627
H015,2026-01-11,3,300.27,100.09,Sunday,0,315.9414285714286,-11.223132188156004,-4.960232231109764
H015,2026-01-12,3,261.33,87.11,Monday,0,310.25857142857143,-12.968328504346093,-15.770256145795447
H015,2026-01-13,3,313.32,104.44,Tuesday,0,303.90714285714284,19.894386407989906,3.0972806543352083
H015,2026-01-14,3,346.78,115.59,Wednesday,0,306.1871428571429,10.67917783735477,13.257531574993802
H015,2026-01-15,3,320.01,106.67,Thursday,0,308.92857142857144,-7.719591671953396,3.5870520231213785
H015,2026-01-16,3,312.17,104.06,Friday,0,311.4785714285714,-2.4499234398924985,0.22198270919807903
H015,2026-01-17,3,314.82,104.94,Saturday,0,313.15857142857146,0.8488964346349714,0.5305390696634618
H015,2026-01-18,3,328.16,109.39,Sunday,0,309.8142857142857,4.237341973191033,5.9215198044911865
H015,2026-01-19,3,300.83,100.28,Monday,0,313.79857142857145,-8.328254509995137,-4.132769428978564
H015,2026-01-20,3,312.86,104.29,Tuesday,0,319.4414285714286,3.998936276302234,-2.0602927431364666
H015,2026-01-21,3,289.07,96.36,Wednesday,0,319.3757142857143,-7.6040401457521,-9.489047829918198
H015,2026-01-22,3,288.1,96.03,Thursday,0,311.13142857142856,-0.33555886117548894,-7.4024757566852655
H015,2026-01-23,3,274.46,91.49,Friday,0,306.5728571428572,-4.734467198889291,-10.474788095116068
H015,2026-01-24,3,354.24,118.08,Saturday,0,301.18571428571425,29.067988049260386,17.615140160318752
H015,2026-01-25,3,341.31,113.77,Sunday,0,306.8171428571428,-3.6500677506775103,11.242154470787643
H015,2026-01-26,3,310.13,103.38,Monday,0,308.69571428571425,-9.135390114558618,0.4646276731131558
H015,2026-01-27,3,317.63,105.88,Tuesday,0,310.0242857142857,2.41834069583724,2.453264030006861
H015,2026-01-28,3,675.91,225.3,Wednesday,1,310.7057142857143,112.79790951736297,117.54025398401792
H015,2026-01-29,3,294.89,98.3,Thursday,0,365.9685714285714,-56.371410394875056,-19.422042486083892
H015,2026-01-30,3,362.52,120.84,Friday,0,366.9385714285714,22.933975380650406,-1.2041719711746142
H015,2026-01-31,3,319.27,106.42,Saturday,0,379.5185714285714,-11.93037625510317,-15.87499952947908
H015,2026-02-01,3,335.15,111.72,Sunday,0,374.5228571428571,4.973846587527797,-10.512804864093738
H015,2026-02-02,3,653.7,217.9,Monday,1,373.64285714285705,95.04699388333584,74.9531638310075
H015,2026-02-03,3,305.65,101.88,Tuesday,0,422.7242857142857,-53.24307786446383,-27.695188015153416
H015,2026-02-04,3,280.6,93.53,Wednesday,0,421.0128571428572,-8.19564861769997,-33.351204069098664
H015,2026-02-05,3,337.26,112.42,Thursday,0,364.54,20.192444761225925,-7.483403741701879
H015,2026-02-06,3,323.38,107.79,Friday,0,370.59285714285716,-4.115519184012328,-12.739818437638537
H015,2026-02-07,3,309.55,103.18,Saturday,0,365.0014285714286,-4.276702331622239,-15.192112751026423
H015,2026-02-08,3,340.56,113.52,Sunday,0,363.61285714285714,10.01776772734615,-6.339945546479966
H015,2026-02-09,3,311.89,103.96,Monday,0,364.3857142857143,-8.418487197556967,-14.406633473164238
H015,2026-02-10,3,307.28,102.43,Tuesday,0,315.55571428571426,-1.478085222354042,-2.6225841938711305
H015,2026-02-11,3,291.7,97.23,Wednesday,0,315.7885714285714,-5.070294194220248,-7.628069413531653
H015,2026-02-12,3,322.3,107.43,Thursday,0,317.3742857142857,10.490229688035658,1.5520205975819559
H015,2026-02-13,3,319.71,106.57,Friday,0,315.2371428571428,-0.8035991312441926,1.418886461892637
H015,2026-02-14,3,344.62,114.87,Saturday,0,314.7128571428571,7.791435988864914,9.502993658618529
H015,2026-02-15,3,336.18,112.06,Sunday,0,319.72285714285715,-2.4490743427543427,5.147315085386451
H015,2026-02-16,3,275.12,91.71,Monday,0,319.0971428571429,-18.16288892855018,-13.781741341642501
H015,2026-02-17,3,271.71,90.57,Tuesday,0,313.8442857142857,-1.23945914510033,-13.425219968046036
H015,2026-02-18,3,321.89,107.3,Wednesday,0,308.7628571428572,18.468219793161822,4.251529143956975
H015,2026-02-19,3,243.86,81.29,Thursday,0,313.07571428571424,-24.24120041007797,-22.1082987684403
H015,2026-02-20,3,313.03,104.34,Friday,0,301.87,28.36463544656769,3.69695564315764
H015,2026-02-21,3,331.18,110.39,Saturday,0,300.9157142857143,5.798166309938346,10.05739623340186
H015,2026-02-22,3,314.78,104.93,Sunday,0,298.9957142857143,-4.951989854459815,5.279100990458516
H015,2026-02-23,3,298.19,99.4,Monday,0,295.9385714285714,-5.270347544316656,0.7607756435940053
H015,2026-02-24,3,310.77,103.59,Tuesday,0,299.2342857142857,4.218786679633779,3.8550777221861487
H015,2026-02-25,3,326.12,108.71,Wednesday,0,304.8142857142857,4.93934420954405,6.989736139101102
H015,2026-02-26,3,296.57,98.86,Thursday,0,305.4185714285714,-9.061081810376548,-2.897194950255613
H015,2026-02-27,3,332.52,110.84,Friday,0,312.9485714285714,12.121927369592346,6.253880144615268
H015,2026-02-28,3,300.8,100.27,Saturday,0,315.73285714285714,-9.53927583303259,-4.729586042449988
H015,2026-03-01,3,353.16,117.72,Sunday,0,311.39285714285717,17.40691489361703,13.413006078678746
H015,2026-03-02,3,355.19,118.4,Monday,0,316.8757142857143,0.5748102842904057,12.09126606646138
H015,2026-03-03,3,289.16,96.39,Tuesday,0,325.0185714285714,-18.59005039556293,-11.032776149055207
H015,2026-03-04,3,273.99,91.33,Wednesday,0,321.93142857142857,-5.24623046064463,-14.891813695906844
H015,2026-03-05,3,283.47,94.49,Thursday,0,314.48428571428576,3.4599802912515187,-9.861950858321338
H015,2026-03-06,3,324.24,108.08,Friday,0,312.61285714285714,14.382474335908558,3.7193425003084646
H015,2026-03-07,3,356.11,118.7,Saturday,0,311.43,9.829138909449785,14.3467231801689
H015,2026-03-08,3,292.39,97.46,Sunday,0,319.3314285714286,-17.893347561146843,-8.436823363097915
H015,2026-03-09,3,496.35,165.45,Monday,1,310.65000000000003,69.75614761106743,59.77788507967164
H015,2026-03-10,3,378.37,126.12,Tuesday,0,330.8157142857143,-23.769517477586387,14.374856955318233
H015,2026-03-11,3,317.0,105.67,Wednesday,0,343.56,-16.21957343341174,-7.7308184887647
H015,2026-03-12,3,322.34,107.45,Thursday,0,349.70428571428573,1.6845425867507702,-7.82497865543542
H015,2026-03-13,3,295.83,98.61,Friday,0,355.25714285714287,-8.22423527951852,-16.727923435740717
H015,2026-03-14,3,288.87,96.29,Saturday,0,351.1985714285715,-2.352702565662701,-17.74738751784706
H015,2026-03-15,3,314.61,104.87,Sunday,0,341.59285714285716,8.910582615017137,-7.899128034627689
H015,2026-03-16,3,350.4,116.8,Monday,0,344.7671428571429,11.375989320110591,1.6338149558500947
H015,2026-03-17,3,314.69,104.9,Tuesday,0,323.9171428571429,-10.19121004566209,-2.848612078926721
H015,2026-03-18,3,317.32,105.77,Wednesday,0,314.82,0.835743112269216,0.7941045676894734
H015,2026-03-19,3,300.36,100.12,Thursday,0,314.86571428571426,-5.344762384974155,-4.606952623794259
H015,2026-03-20,3,303.71,101.24,Friday,0,311.7257142857143,1.1153282727393687,-2.5713997653614933
H015,2026-03-21,3,345.38,115.13,Saturday,0,312.8514285714286,13.72032531032894,10.397450181738472
H015,2026-03-22,3,340.68,113.56,Sunday,0,320.9242857142857,-1.3608199664138065,6.155880114134627
H015,2026-03-23,3,299.54,99.85,Monday,0,324.6485714285714,-12.075848303393212,-7.7340772879685185
H015,2026-03-24,3,273.31,91.1,Tuesday,0,317.3828571428571,-8.756760365894378,-13.886338266537027
H015,2026-03-25,3,259.24,86.41,Wednesday,0,311.4714285714286,-5.148000439061873,-16.769251937806725
H015,2026-03-26,3,301.52,100.51,Thursday,0,303.17428571428576,16.30921154142877,-0.5456550216283155
H015,2026-03-27,3,309.36,103.12,Friday,0,303.34000000000003,2.6001591934200263,1.9845717676534518
H015,2026-03-28,3,295.7,98.57,Saturday,0,304.1471428571429,-4.415567623480743,-2.7773211274618226
H015,2026-03-29,3,330.05,110.02,Sunday,0,297.05,11.616503212715589,11.10924086854065
H015,2026-03-30,3,285.42,95.14,Monday,0,295.5314285714286,-13.522193607029232,-3.4214393441355053
H015,2026-03-31,3,318.0,106.0,Tuesday,0,293.5142857142857,11.414757199915915,8.342256400272573
H015,2026-04-01,3,317.51,105.84,Wednesday,0,299.8985714285714,-0.15408805031447148,5.872461641793179
H015,2026-04-02,3,279.55,93.18,Thursday,0,308.22285714285715,-11.955528959717798,-9.302638165334914
H015,2026-04-03,3,746.49,248.83,Friday,1,305.0842857142857,167.03273117510284,144.68320230006694
H015,2026-04-04,3,353.39,117.8,Saturday,0,367.53142857142853,-52.6597811089231,-3.8476787213532697
H015,2026-04-05,3,315.76,105.25,Sunday,0,375.7728571428571,-10.6482922550157,-15.970514102364264
H015,2026-04-06,3,319.49,106.5,Monday,0,373.7314285714286,1.1812769191791306,-14.513477975016437
H015,2026-04-07,3,312.78,104.26,Tuesday,0,378.59857142857135,-2.1002222291777617,-17.384791279115827
H015,2026-04-08,3,323.48,107.83,Wednesday,0,377.8528571428571,3.4209348423812402,-14.389955273594769
H015,2026-04-09,3,311.22,103.74,Thursday,0,378.7057142857143,-3.7900333869172687,-17.820094004390892
H015,2026-04-10,3,328.14,109.38,Friday,0,383.22999999999996,5.43666859456331,-14.375179396185054
H016,2026-01-01,2,231.06,115.53,Thursday,0,,,
H016,2026-01-02,2,202.11,101.06,Friday,0,,-12.529213191378863,
H016,2026-01-03,2,206.86,103.43,Saturday,0,,2.3502053337291606,
H016,2026-01-04,2,230.91,115.46,Sunday,0,,11.62622063231169,
H016,2026-01-05,2,203.68,101.84,Monday,0,,-11.792473257979296,
H016,2026-01-06,2,229.35,114.68,Tuesday,0,,12.603102906520025,
H016,2026-01-07,2,211.18,105.59,Wednesday,0,,-7.92238936123828,
H016,2026-01-08,2,207.17,103.58,Thursday,0,216.45000000000002,-1.8988540581494573,-4.2873642873643005
H016,2026-01-09,2,240.22,120.11,Friday,0,213.03714285714287,15.95308200994352,12.759679733916279
H016,2026-01-10,2,207.38,103.69,Saturday,0,218.48142857142855,-13.670801765048711,-5.081177216762451
H016,2026-01-11,2,235.73,117.87,Sunday,0,218.5557142857143,13.670556466390194,7.858081299962737
H016,2026-01-12,2,224.59,112.3,Monday,0,219.24428571428572,-4.725745556356841,2.4382456620468984
H016,2026-01-13,2,231.76,115.88,Tuesday,0,222.23142857142855,3.1924840821051736,4.287679510420288
H016,2026-01-14,2,219.45,109.72,Wednesday,0,222.57571428571427,-5.311529168104934,-1.4043375288023958
H016,2026-01-15,2,224.47,112.24,Thursday,0,223.75714285714284,2.287537024379138,0.3185852007916825
H016,2026-01-16,2,211.54,105.77,Friday,0,226.22857142857146,-5.760235220742194,-6.492801212427396
H016,2026-01-17,2,230.48,115.24,Saturday,0,222.1314285714286,8.953389429895054,3.7583927147377247
H016,2026-01-18,2,236.01,118.0,Sunday,0,225.43142857142857,2.399340506768488,4.692589447535516
H016,2026-01-19,2,225.61,112.8,Monday,0,225.47142857142856,-4.406592940977072,0.06145853133118985
H016,2026-01-20,2,216.78,108.39,Tuesday,0,225.61714285714285,-3.9138336066663726,-3.916875617354302
H016,2026-01-21,2,202.03,101.02,Wednesday,0,223.47714285714284,-6.804133222622011,-9.597018550954388
H016,2026-01-22,2,217.18,108.59,Thursday,0,220.98857142857142,7.498886304014252,-1.723424611486042
H016,2026-01-23,2,215.53,107.77,Friday,0,219.94714285714284,-0.7597384657887507,-2.008274715353679
H016,2026-01-24,2,234.3,117.15,Saturday,0,220.51714285714283,8.708764441145078,6.250242935437497
H016,2026-01-25,2,222.09,111.04,Sunday,0,221.06285714285715,-5.211267605633807,0.46463837046993356
H016,2026-01-26,2,234.48,117.24,Monday,0,219.0742857142857,5.5788193975415235,7.032187385883456
H016,2026-01-27,2,217.71,108.85,Tuesday,0,220.3414285714286,-7.151995905834174,-1.1942504813957624
H016,2026-01-28,2,256.42,128.21,Wednesday,0,220.47428571428574,17.78053373754076,16.303812559935714
H016,2026-01-29,2,209.48,104.74,Thursday,0,228.24428571428572,-18.30590437563373,-8.221141508784456
H016,2026-01-30,2,221.62,110.81,Friday,0,227.1442857142857,5.795302654191348,-2.4320601757221576
H016,2026-01-31,2,212.6,106.3,Saturday,0,228.01428571428573,-4.0700297807057195,-6.760228055886233
H016,2026-02-01,2,232.13,116.06,Sunday,0,224.91428571428574,9.186265286923812,3.208206300812994
H016,2026-02-02,2,221.53,110.76,Monday,0,226.34857142857143,-4.566406754835651,-2.1288278508495124
H016,2026-02-03,2,237.77,118.89,Tuesday,0,224.49857142857144,7.330835552746806,5.911587092504566
H016,2026-02-04,2,214.37,107.19,Wednesday,0,227.3642857142857,-9.84144341170039,-5.7151833118657835
H016,2026-02-05,2,210.28,105.14,Thursday,0,221.35714285714286,-1.907916219620287,-5.004194901581156
H016,2026-02-06,2,262.74,131.37,Friday,0,221.4714285714286,24.9476887958912,18.633812810423784
H016,2026-02-07,2,244.59,122.3,Saturday,0,227.3457142857143,-6.907969856131535,7.585049829711821
H016,2026-02-08,2,221.94,110.97,Sunday,0,231.9157142857143,-9.260394946645413,-4.301439562402605
H016,2026-02-09,2,232.2,116.1,Monday,0,230.46,4.622871046228716,0.7550117156990283
H016,2026-02-10,2,209.72,104.86,Tuesday,0,231.9842857142857,-9.681309216192934,-9.597324941960352
H016,2026-02-11,2,218.22,109.11,Wednesday,0,227.97714285714284,4.053023078390239,-4.279877681973122
H016,2026-02-12,2,214.92,107.46,Thursday,0,228.52714285714282,-1.5122353588122084,-5.954278641486779
H016,2026-02-13,2,228.66,114.33,Friday,0,229.19,6.3930764935790085,-0.23124918190147964
H016,2026-02-14,2,224.53,112.27,Saturday,0,224.32142857142858,-1.8061751071459797,0.09297882502785688
H016,2026-02-15,2,231.96,115.98,Sunday,0,221.4557142857143,3.3091346367968733,4.743289532250886
H016,2026-02-16,2,221.76,110.88,Monday,0,222.88714285714283,-4.397309881013978,-0.5057011556136611
H016,2026-02-17,2,202.03,101.01,Tuesday,0,221.3957142857143,-8.897005772005773,-8.747104409041343
H016,2026-02-18,2,227.72,113.86,Wednesday,0,220.29714285714286,12.715933277236058,3.3694749948122
H016,2026-02-19,2,203.16,101.58,Thursday,0,221.6542857142857,-10.785174776040751,-8.343752819706356
H016,2026-02-20,2,207.0,103.5,Friday,0,219.9742857142857,1.890135853514474,-5.898091984777441
H016,2026-02-21,2,223.66,111.83,Saturday,0,216.88000000000002,8.048309178743951,3.1261527111766747
H016,2026-02-22,2,250.84,125.42,Sunday,0,216.7557142857143,12.152374139318622,15.724746093363818
H016,2026-02-23,2,226.96,113.48,Monday,0,219.45285714285714,-9.520012757136021,3.4208453491475597
H016,2026-02-24,2,226.47,113.24,Tuesday,0,220.1957142857143,-0.21589707437433825,2.849413184374931
H016,2026-02-25,2,237.57,118.78,Wednesday,0,223.68714285714287,4.9013114319777396,6.206372420664055
H016,2026-02-26,2,264.62,132.31,Thursday,0,225.09428571428572,11.386117775813442,17.559625807598085
H016,2026-02-27,2,186.48,93.24,Friday,0,233.8742857142857,-29.529136119718846,-20.264855355746672
H016,2026-02-28,2,216.5,108.25,Saturday,0,230.94285714285712,16.098241098241097,-6.2538661388098395
H016,2026-03-01,2,216.65,108.33,Sunday,0,229.92,0.0692840646651316,-5.771572720946408
H016,2026-03-02,2,210.84,105.42,Monday,0,225.03571428571428,-2.6817447495961266,-6.30820504681796
H016,2026-03-03,2,194.99,97.5,Tuesday,0,222.7328571428571,-7.517548852210199,-12.455664376928143
H016,2026-03-04,2,221.81,110.9,Wednesday,0,218.23571428571427,13.754551515462321,1.6378097077210194
H016,2026-03-05,2,216.91,108.45,Thursday,0,215.98428571428573,-2.209097876561028,0.428602609978229
H016,2026-03-06,2,224.33,112.16,Friday,0,209.1685714285714,3.4207735927343164,7.248425740004666
H016,2026-03-07,2,234.48,117.24,Saturday,0,214.57571428571433,4.524584317746161,9.276112993748436
H016,2026-03-08,2,223.63,111.81,Sunday,0,217.14428571428576,-4.6272603207096585,2.986822455115404
H016,2026-03-09,2,220.07,110.03,Monday,0,218.14142857142858,-1.5919152170996709,0.8840922337408833
H016,2026-03-10,2,183.83,91.91,Tuesday,0,219.46,-16.467487617576214,-16.23530483915064
H016,2026-03-11,2,198.69,99.35,Wednesday,0,217.86571428571432,8.083555458847847,-8.801620919832677
H016,2026-03-12,2,185.94,92.97,Thursday,0,214.56285714285713,-6.417031556696362,-13.340080162989196
H016,2026-03-13,2,216.32,108.16,Friday,0,210.13857142857142,16.338603850704537,2.9415963615845317
H016,2026-03-14,2,227.95,113.97,Saturday,0,208.9942857142857,5.376294378698221,9.069967736643521
H016,2026-03-15,2,271.57,135.79,Sunday,0,208.0614285714286,19.13577538933977,30.523952404166337
H016,2026-03-16,2,398.26,199.13,Monday,1,214.91,46.65095555473726,85.3147829323903
H016,2026-03-17,2,198.75,99.37,Tuesday,0,240.3657142857143,-50.09541505549139,-17.31349847850894
H016,2026-03-18,2,216.65,108.33,Wednesday,0,242.49714285714285,9.006289308176108,-10.658741192827009
H016,2026-03-19,2,219.01,109.5,Thursday,0,245.06285714285715,1.089314562658661,-10.63109173156742
H016,2026-03-20,2,346.41,173.21,Friday,1,249.78714285714287,58.170859778092336,38.682077883455065
H016,2026-03-21,2,231.62,115.81,Saturday,0,268.37142857142857,-33.13703415028435,-13.69424039178111
H016,2026-03-22,2,218.66,109.33,Sunday,0,268.8957142857143,-5.5953717295570415,-18.682229435734516
H016,2026-03-23,2,212.96,106.48,Monday,0,261.33714285714285,-2.606786792280247,-18.51139196221629
H016,2026-03-24,2,217.58,108.79,Tuesday,0,234.8657142857143,2.169421487603307,-7.359828716713499
H016,2026-03-25,2,226.47,113.23,Wednesday,0,237.55571428571426,4.085853479180068,-4.666574457721186
H016,2026-03-26,2,234.69,117.35,Thursday,0,238.95857142857145,3.6296198171943406,-1.7863227935505936
H016,2026-03-27,2,210.93,105.46,Friday,0,241.19857142857146,-10.123993352933658,-12.549233293255712
H016,2026-03-28,2,229.67,114.84,Saturday,0,221.84428571428572,8.88446404020291,3.5275708186565793
H016,2026-03-29,2,243.41,121.71,Sunday,0,221.56571428571425,5.982496625593248,9.8590550368804
H016,2026-03-30,2,229.67,114.84,Monday,0,225.10142857142858,-5.644796844829713,2.0295612771385483
H016,2026-03-31,2,232.94,116.47,Tuesday,0,227.48857142857145,1.4237819480123592,2.3963527210158033
H016,2026-04-01,2,238.34,119.17,Wednesday,0,229.68285714285713,2.318193526229928,3.769172399208854
H016,2026-04-02,2,246.75,123.37,Thursday,0,231.37857142857143,3.5285726273390994,6.643410613404129
H016,2026-04-03,2,201.04,100.52,Friday,0,233.10142857142858,-18.52482269503546,-13.754282317323552
H016,2026-04-04,2,237.91,118.95,Saturday,0,231.6885714285714,18.33963390370077,2.6852548371582623
H016,2026-04-05,2,235.3,117.65,Sunday,0,232.8657142857143,-1.0970535076289312,1.0453602934861324
H016,2026-04-06,2,190.34,95.17,Monday,0,231.70714285714286,-19.107522311942205,-17.853201393384506
H016,2026-04-07,2,217.62,108.81,Tuesday,0,226.0885714285714,14.332247557003264,-3.7456875308033424
H016,2026-04-08,2,202.74,101.37,Wednesday,0,223.90000000000003,-6.8376068376068355,-9.45064761054043
H016,2026-04-09,2,217.5,108.75,Thursday,0,218.81428571428572,7.280260432080499,-0.6006398119736251
H016,2026-04-10,2,202.29,101.15,Friday,0,214.6357142857143,-6.993103448275861,-5.751938500449277
H017,2026-01-01,3,344.16,114.72,Thursday,0,,,
H017,2026-01-02,3,386.44,128.81,Friday,0,,12.284983728498355,
H017,2026-01-03,3,360.97,120.32,Saturday,0,,-6.590932615671252,
H017,2026-01-04,3,320.74,106.91,Sunday,0,,-11.14497049616312,
H017,2026-01-05,3,370.57,123.52,Monday,0,,15.535948119972565,
H017,2026-01-06,3,304.62,101.54,Tuesday,0,,-17.796907466875357,
H017,2026-01-07,3,301.45,100.48,Wednesday,0,,-1.0406407983717503,
H017,2026-01-08,3,327.89,109.3,Thursday,0,341.2785714285714,8.770940454470066,-3.9230624332865895
H017,2026-01-09,3,326.55,108.85,Friday,0,338.9542857142857,-0.4086736405501723,-3.6595748267781434
H017,2026-01-10,3,324.52,108.17,Saturday,0,330.3985714285714,-0.6216505894962587,-1.779236333605733
H017,2026-01-11,3,396.19,132.06,Sunday,0,325.1914285714286,22.08492542832492,21.832854494495532
H017,2026-01-12,3,292.25,97.42,Monday,0,335.96999999999997,-26.23488730154724,-13.013066642855009
H017,2026-01-13,3,353.72,117.91,Tuesday,0,324.78142857142853,21.033361847733122,8.910168157046298
H017,2026-01-14,3,590.65,196.88,Wednesday,1,331.7957142857143,66.9823589279656,78.01616312963654
H017,2026-01-15,3,287.29,95.76,Thursday,0,373.11,-51.3603656988064,-23.001259682131273
H017,2026-01-16,3,309.33,103.11,Friday,0,367.31,7.671690626196503,-15.78503171707822
H017,2026-01-17,3,359.69,119.9,Saturday,0,364.84999999999997,16.28034784857595,-1.414279841030552
H017,2026-01-18,3,331.97,110.66,Sunday,0,369.8742857142857,-7.70663627012148,-10.247883450747732
H017,2026-01-19,3,346.69,115.56,Monday,0,360.7,4.43413561466397,-3.884114222345437
H017,2026-01-20,3,266.26,88.75,Tuesday,0,368.4771428571429,-23.199400040381903,-27.740429722332077
H017,2026-01-21,3,356.12,118.71,Wednesday,0,355.98285714285714,33.748967174941804,0.0385251296210105
H017,2026-01-22,3,297.81,99.27,Thursday,0,322.4785714285714,-16.37369426036167,-7.649677719449787
H017,2026-01-23,3,337.66,112.55,Friday,0,323.9814285714286,13.38101474094222,4.222023308214321
H017,2026-01-24,3,364.88,121.63,Saturday,0,328.02857142857147,8.061363501747309,11.23421304764392
H017,2026-01-25,3,384.49,128.16,Sunday,0,328.77000000000004,5.374369655777245,16.948018371505906
H017,2026-01-26,3,308.27,102.76,Monday,0,336.2728571428571,-19.823662513979567,-8.327421184327347
H017,2026-01-27,3,332.56,110.85,Tuesday,0,330.78428571428566,7.879456320757794,0.5368194205114428
H017,2026-01-28,3,323.79,107.93,Wednesday,0,340.2557142857143,-2.637118114024528,-4.8392175632612435
H017,2026-01-29,3,341.49,113.83,Thursday,0,335.63714285714286,5.466506068748256,1.743804959437489
H017,2026-01-30,3,349.69,116.56,Friday,0,341.8771428571428,2.4012416176169005,2.2852820979967863
H017,2026-01-31,3,379.81,126.6,Saturday,0,343.5957142857143,8.613343246875814,10.53979552380913
H017,2026-02-01,3,312.17,104.06,Sunday,0,345.7285714285714,-17.808904452226106,-9.706623693235803
H017,2026-02-02,3,339.88,113.29,Monday,0,335.3971428571429,8.876573661786846,1.336581792161088
H017,2026-02-03,3,300.23,100.08,Tuesday,0,339.91285714285715,-11.665882076026824,-11.674420754899362
H017,2026-02-04,3,345.53,115.18,Wednesday,0,335.2942857142857,15.088432201978463,3.0527553620273817
H017,2026-02-05,3,352.82,117.61,Thursday,0,338.40000000000003,2.1098023326483917,4.261229314420791
H017,2026-02-06,3,332.26,110.75,Friday,0,340.0185714285714,-5.827334051357635,-2.2818081365303575
H017,2026-02-07,3,262.38,87.46,Saturday,0,337.5285714285714,-21.031722145307885,-22.26435857281923
H017,2026-02-08,3,411.07,137.02,Sunday,0,320.7528571428571,56.66971567954875,28.1578607472598
H017,2026-02-09,3,276.71,92.24,Monday,0,334.88142857142856,-32.68543070523269,-17.370753827580767
H017,2026-02-10,3,361.42,120.47,Tuesday,0,325.85714285714283,30.613277438473506,10.913634370889975
H017,2026-02-11,3,329.27,109.76,Wednesday,0,334.59857142857146,-8.895467876708551,-1.5925266524065234
H017,2026-02-12,3,358.0,119.33,Thursday,0,332.2757142857143,8.725362164788786,7.741849496760435
H017,2026-02-13,3,336.21,112.07,Friday,0,333.0157142857143,-6.086592178770955,0.9591996945660988
H017,2026-02-14,3,373.44,124.48,Saturday,0,333.58,11.073436245203894,11.949157623358719
H017,2026-02-15,3,371.43,123.81,Sunday,0,349.44571428571425,-0.5382390745501286,6.291187676810636
H017,2026-02-16,3,354.47,118.16,Monday,0,343.78285714285715,-4.566136284091204,3.1086898706824955
H017,2026-02-17,3,287.34,95.78,Tuesday,0,354.89142857142855,-18.93813298727679,-19.03439281228867
H017,2026-02-18,3,340.67,113.56,Wednesday,0,344.3085714285714,18.55989420199069,-1.0567763136057182
H017,2026-02-19,3,358.96,119.65,Thursday,0,345.9371428571429,5.36883200751459,3.7645154363302886
H017,2026-02-20,3,360.57,120.19,Friday,0,346.07428571428574,0.44851794071762985,4.188613509898775
H017,2026-02-21,3,348.8,116.27,Saturday,0,349.55428571428575,-3.264276007432676,-0.2157849996730612
H017,2026-02-22,3,391.85,130.62,Sunday,0,346.0342857142858,12.342316513761475,13.240223924962006
H017,2026-02-23,3,309.19,103.06,Monday,0,348.95142857142855,-21.094806686231983,-11.394545290789544
H017,2026-02-24,3,315.57,105.19,Tuesday,0,342.48285714285714,2.063456127300367,-7.858161826660773
H017,2026-02-25,3,320.87,106.96,Wednesday,0,346.5157142857143,1.6795005862407786,-7.401024896830077
H017,2026-02-26,3,316.02,105.34,Thursday,0,343.6871428571429,-1.5115155670520797,-8.050095394066872
H017,2026-02-27,3,305.5,101.83,Friday,0,337.55285714285714,-3.3289032339725244,-9.495655706831098
H017,2026-02-28,3,277.71,92.57,Saturday,0,329.68571428571425,-9.096563011456638,-15.765230955888724
H017,2026-03-01,3,373.74,124.58,Sunday,0,319.53000000000003,34.57923733390948,16.965543141489054
H017,2026-03-02,3,379.85,126.62,Monday,0,316.9428571428571,1.6348263498688897,19.848102406923303
H017,2026-03-03,3,329.27,109.76,Tuesday,0,327.0371428571429,-13.315782545741751,0.6827533788210861
H017,2026-03-04,3,362.89,120.96,Wednesday,0,328.9942857142857,10.210465575363692,10.302827665265573
H017,2026-03-05,3,335.8,111.93,Thursday,0,334.9971428571429,-7.465072060403976,0.23966089263021206
H017,2026-03-06,3,350.67,116.89,Friday,0,337.8228571428571,4.428231089934487,3.802922918181985
H017,2026-03-07,3,362.57,120.86,Saturday,0,344.2757142857143,3.3935038640316995,5.313847290170251
H017,2026-03-08,3,361.19,120.4,Sunday,0,356.3985714285714,-0.3806161568800537,1.344401733212017
H017,2026-03-09,3,338.56,112.85,Monday,0,354.6057142857143,-6.265400481740913,-4.524945210777373
H017,2026-03-10,3,321.33,107.11,Tuesday,0,348.7071428571429,-5.089201323251425,-7.851041602654724
H017,2026-03-11,3,339.58,113.19,Wednesday,0,347.5728571428572,5.679519497090224,-2.299620634522683
H017,2026-03-12,3,387.72,129.24,Thursday,0,344.24285714285713,14.17633547323165,12.62978794040753
H017,2026-03-13,3,321.81,107.27,Friday,0,351.66,-16.99938099659548,-8.48831257464597
H017,2026-03-14,3,362.45,120.82,Saturday,0,347.5371428571429,12.62856965290078,4.291011032736465
H017,2026-03-15,3,380.48,126.83,Sunday,0,347.52,4.974479238515661,9.484346224677727
H017,2026-03-16,3,266.2,88.73,Monday,0,350.2757142857143,-30.03574432296048,-24.002724384464486
H017,2026-03-17,3,342.52,114.17,Tuesday,0,339.9385714285714,28.670172802404203,0.7593808965485455
H017,2026-03-18,3,270.52,90.17,Wednesday,0,342.96571428571434,-21.02067032582039,-21.12331095153203
H017,2026-03-19,3,367.6,122.53,Thursday,0,333.09999999999997,35.886440928582,10.357250075052555
H017,2026-03-20,3,333.38,111.13,Friday,0,330.2257142857143,-9.309031556039182,0.9551908218621048
H017,2026-03-21,3,393.52,131.17,Saturday,0,331.87857142857143,18.0394744735737,18.573488582312798
H017,2026-03-22,3,303.06,101.02,Sunday,0,336.31714285714287,-22.98739581215694,-9.88862553202335
H017,2026-03-23,3,328.04,109.35,Monday,0,325.25714285714287,8.242592225961864,0.8555867884750559
H017,2026-03-24,3,315.99,105.33,Tuesday,0,334.09142857142854,-3.673332520424344,-5.418106249786188
H017,2026-03-25,3,331.15,110.38,Wednesday,0,330.3014285714286,4.797620177853723,0.2569081920842792
H017,2026-03-26,3,401.74,133.91,Thursday,0,338.9628571428571,21.3166238864563,18.520360427185466
H017,2026-03-27,3,350.88,116.96,Friday,0,343.84000000000003,-12.65992930751233,2.04746393671474
H017,2026-03-28,3,788.38,262.79,Saturday,1,346.34000000000003,124.68650250797992,127.6318068949587
H017,2026-03-29,3,346.18,115.39,Sunday,0,402.7485714285714,-56.0897029351328,-14.045629318539737
H017,2026-03-30,3,323.96,107.99,Monday,0,408.90857142857146,-6.418626148246586,-20.774465825402828
H017,2026-03-31,3,350.28,116.76,Tuesday,0,408.3257142857143,8.124459809853057,-14.21554221419876
H017,2026-04-01,3,303.4,101.13,Wednesday,0,413.22428571428566,-13.383578851204748,-26.577403485481767
H017,2026-04-02,3,324.28,108.09,Thursday,0,409.26000000000005,6.882003955174687,-20.764306308947873
H017,2026-04-03,3,310.72,103.57,Friday,0,398.1942857142857,-4.181571481435775,-21.967740083806888
H017,2026-04-04,3,399.55,133.18,Saturday,0,392.45714285714286,28.588439752832116,1.8072947000582442
H017,2026-04-05,3,381.84,127.28,Sunday,0,336.90999999999997,-4.4324865473658,13.335905731500997
H017,2026-04-06,3,327.94,109.31,Monday,0,342.0042857142857,-14.1158600460926,-4.112312711202442
H017,2026-04-07,3,334.12,111.37,Tuesday,0,342.5728571428571,1.884491065438798,-2.467462604409481
H017,2026-04-08,3,297.73,99.24,Wednesday,0,340.2642857142857,-10.891296540165207,-12.500367361504697
H017,2026-04-09,3,271.39,90.46,Thursday,0,339.4542857142857,-8.846941860074576,-20.051090405609
H017,2026-04-10,3,635.18,211.73,Friday,1,331.8985714285714,134.0469435130255,91.37774449164762
H018,2026-01-01,1,107.61,107.61,Thursday,0,,,
H018,2026-01-02,1,114.98,114.98,Friday,0,,6.8488058730601376,
H018,2026-01-03,1,139.62,139.62,Saturday,0,,21.429813880674907,
H018,2026-01-04,1,130.56,130.56,Sunday,0,,-6.489041684572417,
H018,2026-01-05,1,102.9,102.9,Monday,0,,-21.185661764705877,
H018,2026-01-06,1,117.71,117.71,Tuesday,0,,14.392614188532548,
H018,2026-01-07,1,100.98,100.98,Wednesday,0,,-14.212896100586182,
H018,2026-01-08,1,108.61,108.61,Thursday,0,116.33714285714287,7.555951673598726,-6.642025639766204
H018,2026-01-09,1,109.71,109.71,Friday,0,116.48,1.012798084890898,-5.812156593406602
H018,2026-01-10,1,138.82,138.82,Saturday,0,115.72714285714285,26.53358855163612,19.954572948684714
H018,2026-01-11,1,93.17,93.17,Sunday,0,115.61285714285714,-32.88431061806656,-19.412077252900687
H018,2026-01-12,1,104.53,104.53,Monday,0,110.27142857142857,12.192765911774185,-5.206632983547091
H018,2026-01-13,1,111.1,111.1,Tuesday,0,110.50428571428573,6.285276953984487,0.539087042519341
H018,2026-01-14,1,109.96,109.96,Wednesday,0,109.55999999999999,-1.026102610261026,0.36509675063892455
H018,2026-01-15,1,108.3,108.3,Thursday,0,110.84285714285714,-1.5096398690432888,-2.294110065730121
H018,2026-01-16,1,117.73,117.73,Friday,0,110.79857142857142,8.707294552169898,6.25588261839375
H018,2026-01-17,1,103.54,103.54,Saturday,0,111.9442857142857,-12.053002633143628,-7.507561159250119
H018,2026-01-18,1,130.4,130.4,Sunday,0,106.90428571428572,25.94166505698281,21.978271618136382
H018,2026-01-19,1,96.47,96.47,Monday,0,112.22285714285715,-26.019938650306752,-14.037120016294116
H018,2026-01-20,1,116.65,116.65,Tuesday,0,111.07142857142857,20.918420234269732,5.022508038585216
H018,2026-01-21,1,120.67,120.67,Wednesday,0,111.86428571428573,3.4462066009429915,7.871783411020996
H018,2026-01-22,1,110.33,110.33,Thursday,0,113.39428571428572,-8.568824065633551,-2.702328159645235
H018,2026-01-23,1,93.36,93.36,Friday,0,113.68428571428572,-15.381129339254962,-17.877832091380895
H018,2026-01-24,1,123.55,123.55,Saturday,0,110.20285714285716,32.33718937446444,12.111430867750366
H018,2026-01-25,1,122.37,122.37,Sunday,0,113.06142857142856,-0.9550789154188499,8.233198135021427
H018,2026-01-26,1,100.45,100.45,Monday,0,111.91428571428571,-17.91288714554221,-10.243809037528715
H018,2026-01-27,1,106.81,106.81,Tuesday,0,112.48285714285714,6.331508213041315,-5.043308186644311
H018,2026-01-28,1,109.1,109.1,Wednesday,0,111.07714285714285,2.143994008051675,-1.7799727345216918
H018,2026-01-29,1,105.02,105.02,Thursday,0,109.42428571428572,-3.7396883593033947,-4.024961813125846
H018,2026-01-30,1,115.94,115.94,Friday,0,108.66571428571429,10.398019424871464,6.694186627402515
H018,2026-01-31,1,117.2,117.2,Saturday,0,111.89142857142858,1.0867690184578338,4.744395076860219
H018,2026-02-01,1,124.9,124.9,Sunday,0,110.98428571428572,6.5699658703071595,12.538454607473387
H018,2026-02-02,1,103.06,103.06,Monday,0,111.3457142857143,-17.485988791032824,-7.441430807523548
H018,2026-02-03,1,96.13,96.13,Tuesday,0,111.71857142857142,-6.724238307781882,-13.953428896589646
H018,2026-02-04,1,113.3,113.3,Wednesday,0,110.19285714285715,17.861229584937078,2.8197316393336265
H018,2026-02-05,1,107.58,107.58,Thursday,0,110.79285714285713,-5.048543689320384,-2.899877506285852
H018,2026-02-06,1,89.71,89.71,Friday,0,111.15857142857143,-16.61089421825619,-19.295472362519448
H018,2026-02-07,1,110.99,110.99,Saturday,0,107.41142857142857,23.720878385910147,3.331648667340527
H018,2026-02-08,1,291.96,291.96,Sunday,1,106.52428571428572,163.05072529056673,174.0783456488795
H018,2026-02-09,1,120.56,120.56,Monday,0,130.39,-58.70667214686943,-7.538921696449102
H018,2026-02-10,1,122.74,122.74,Tuesday,0,132.89000000000001,1.808228268082268,-7.637896004214026
H018,2026-02-11,1,104.13,104.13,Wednesday,0,136.69142857142856,-15.162131334528272,-23.82111951841478
H018,2026-02-12,1,105.13,105.13,Thursday,0,135.38142857142856,0.9603380389897165,-22.345331180685253
H018,2026-02-13,1,116.18,116.18,Friday,0,135.03142857142856,10.510796157138792,-13.960771037430428
H018,2026-02-14,1,98.93,98.93,Saturday,0,138.81285714285713,-14.847650197968665,-28.7313855241898
H018,2026-02-15,1,115.76,115.76,Sunday,0,137.08999999999997,17.01202870716667,-15.559121744839139
H018,2026-02-16,1,106.87,106.87,Monday,0,111.91857142857144,-7.679682100898411,-4.5109326934123075
H018,2026-02-17,1,111.62,111.62,Tuesday,0,109.96285714285715,4.444652381397951,1.5070023644347452
H018,2026-02-18,1,120.77,120.77,Wednesday,0,108.37428571428573,8.197455653108744,11.437874034430918
H018,2026-02-19,1,129.39,129.39,Thursday,0,110.75142857142859,7.137534155833403,16.829192786935963
H018,2026-02-20,1,105.62,105.62,Friday,0,114.21714285714286,-18.370816910116694,-7.527016209725835
H018,2026-02-21,1,117.08,117.08,Saturday,0,112.70857142857143,10.85021776178754,3.878523626039339
H018,2026-02-22,1,103.76,103.76,Sunday,0,115.30142857142857,-11.376836351212837,-10.009788009069393
H018,2026-02-23,1,101.71,101.71,Monday,0,113.58714285714284,-1.9757131842714104,-10.456414835683102
H018,2026-02-24,1,111.63,111.63,Tuesday,0,112.85000000000001,9.753219939042367,-1.0810810810810927
H018,2026-02-25,1,108.58,108.58,Wednesday,0,112.85142857142856,-2.732240437158473,-3.785001772241621
H018,2026-02-26,1,102.24,102.24,Thursday,0,111.11,-5.839012709522939,-7.983079830798312
H018,2026-02-27,1,202.15,202.15,Friday,1,107.23142857142857,97.72104851330205,88.5174922064427
H018,2026-02-28,1,308.73,308.73,Saturday,1,121.02142857142859,52.72322532772693,155.10358260048395
H018,2026-03-01,1,125.53,125.53,Sunday,0,148.4,-59.339876267288574,-15.411051212938007
H018,2026-03-02,1,117.28,117.28,Monday,0,151.51,-6.572134151198917,-22.592568147317003
H018,2026-03-03,1,117.98,117.98,Tuesday,0,153.7342857142857,0.5968622100954946,-23.25719701897522
H018,2026-03-04,1,133.79,133.79,Wednesday,0,154.64142857142858,13.40057636887606,-13.483727332354118
H018,2026-03-05,1,107.39,107.39,Thursday,0,158.24285714285716,-19.732416473577985,-32.1359573891848
H018,2026-03-06,1,106.67,106.67,Friday,0,158.97857142857146,-0.6704534872893131,-32.90290695062229
H018,2026-03-07,1,130.04,130.04,Saturday,0,145.3385714285714,21.90869035342644,-10.526160590542275
H018,2026-03-08,1,110.68,110.68,Sunday,0,119.81142857142856,-14.887726853275908,-7.621500453092944
H018,2026-03-09,1,115.52,115.52,Monday,0,117.68999999999998,4.372967112396098,-1.8438270031438422
H018,2026-03-10,1,103.4,103.4,Tuesday,0,117.43857142857142,-10.491689750692512,-11.953969856581546
H018,2026-03-11,1,107.09,107.09,Wednesday,0,115.35571428571428,3.568665377176017,-7.165413813174154
H018,2026-03-12,1,111.52,111.52,Thursday,0,111.54142857142857,4.1367074423382055,-0.01921131162028275
H018,2026-03-13,1,119.55,119.55,Friday,0,112.13142857142859,7.200502152080346,6.615960862253462
H018,2026-03-14,1,110.59,110.59,Saturday,0,113.97142857142856,-7.4947720618987805,-2.9669089997492986
H018,2026-03-15,1,99.24,99.24,Sunday,0,111.19285714285715,-10.263134098923965,-10.749662748121036
H018,2026-03-16,1,99.09,99.09,Monday,0,109.55857142857144,-0.15114873035065868,-9.555228123247845
H018,2026-03-17,1,109.36,109.36,Tuesday,0,107.21142857142857,10.364315268947411,2.0040507408591846
H018,2026-03-18,1,100.19,100.19,Wednesday,0,108.06285714285714,-8.385149963423554,-7.285442335148855
H018,2026-03-19,1,104.5,104.5,Thursday,0,107.07714285714287,4.301826529593766,-2.406809509832713
H018,2026-03-20,1,103.87,103.87,Friday,0,106.07428571428571,-0.6028708133971272,-2.0780585034746437
H018,2026-03-21,1,115.91,115.91,Saturday,0,103.83428571428571,11.591412342351015,11.629794727863077
H018,2026-03-22,1,127.09,127.09,Sunday,0,104.5942857142857,9.645414545768283,21.507593968531484
H018,2026-03-23,1,106.64,106.64,Monday,0,108.57285714285716,-16.090959162798026,-1.7802397336877294
H018,2026-03-24,1,106.89,106.89,Tuesday,0,109.65142857142858,0.23443360840209593,-2.518369899421552
H018,2026-03-25,1,113.63,113.63,Wednesday,0,109.29857142857144,6.305547759378793,3.9629324654615696
H018,2026-03-26,1,115.9,115.9,Thursday,0,111.21857142857142,1.997711871864838,4.209214802255543
H018,2026-03-27,1,102.69,102.69,Friday,0,112.84714285714286,-11.397756686798965,-9.000797539022447
H018,2026-03-28,1,121.0,121.0,Saturday,0,112.67857142857143,17.830363229136246,7.385103011093501
H018,2026-03-29,1,123.33,123.33,Sunday,0,113.4057142857143,1.9256198347107345,8.751133729718823
H018,2026-03-30,1,108.25,108.25,Monday,0,112.86857142857141,-12.227357496148539,-4.091990684487635
H018,2026-03-31,1,126.82,126.82,Tuesday,0,113.09857142857142,17.154734411085435,12.132273996134856
H018,2026-04-01,1,102.92,102.92,Wednesday,0,115.94571428571429,-18.845607948273134,-11.2343214804958
H018,2026-04-02,1,112.65,112.65,Thursday,0,114.41571428571429,9.453944811504078,-1.543244559313777
H018,2026-04-03,1,188.65,188.65,Friday,1,113.95142857142856,67.46560142032845,65.5529925030715
H018,2026-04-04,1,118.55,118.55,Saturday,0,126.23142857142855,-37.1587596077392,-6.08519499332291
H018,2026-04-05,1,126.18,126.18,Sunday,0,125.88142857142857,6.436102910164498,0.23718465222375318
H018,2026-04-06,1,110.71,110.71,Monday,0,126.28857142857143,-12.260263116183246,-12.335693762584562
H018,2026-04-07,1,117.95,117.95,Tuesday,0,126.64,6.539607984825224,-6.861970941250788
H018,2026-04-08,1,104.51,104.51,Wednesday,0,125.37285714285714,-11.394658753709198,-16.640649035448543
H018,2026-04-09,1,117.51,117.51,Thursday,0,125.60000000000001,12.439001052530863,-6.441082802547774
H018,2026-04-10,1,103.98,103.98,Friday,0,126.29428571428572,-11.513913709471534,-17.66848403954483
H019,2026-01-01,5,398.05,79.61,Thursday,0,,,
H019,2026-01-02,5,461.56,92.31,Friday,0,,15.955281999748783,
H019,2026-01-03,5,552.57,110.51,Saturday,0,,19.71791316405236,
H019,2026-01-04,5,530.3,106.06,Sunday,0,,-4.030258609768911,
H019,2026-01-05,5,501.43,100.29,Monday,0,,-5.444088251932855,
H019,2026-01-06,5,529.75,105.95,Tuesday,0,,5.647847157130603,
H019,2026-01-07,5,518.23,103.65,Wednesday,0,,-2.1746106654082054,
H019,2026-01-08,5,541.49,108.3,Thursday,0,498.8414285714286,4.488354591590604,8.549524755934462
H019,2026-01-09,5,496.58,99.32,Friday,0,519.3328571428572,-8.29378197196624,-4.381170347671333
H019,2026-01-10,5,554.79,110.96,Saturday,0,524.3357142857143,11.72217970921099,5.808165433814207
H019,2026-01-11,5,481.55,96.31,Sunday,0,524.6528571428571,-13.20139151751112,-8.215500317216545
H019,2026-01-12,5,491.07,98.21,Monday,0,517.6885714285714,1.9769494341189908,-5.141811679388051
H019,2026-01-13,5,513.81,102.76,Tuesday,0,516.2085714285714,4.630704380230921,-0.4646516081539661
H019,2026-01-14,5,487.5,97.5,Wednesday,0,513.9314285714286,-5.120569860454238,-5.1429873913140165
H019,2026-01-15,5,460.07,92.01,Thursday,0,509.5414285714286,-5.626666666666669,-9.709010062268877
H019,2026-01-16,5,483.15,96.63,Friday,0,497.90999999999997,5.016627904449322,-2.9643911550280153
H019,2026-01-17,5,583.18,116.64,Saturday,0,495.99142857142857,20.703715202318108,17.578644792248703
H019,2026-01-18,5,456.52,91.3,Sunday,0,500.04714285714283,-21.718851812476416,-8.704607851259736
H019,2026-01-19,5,551.55,110.31,Monday,0,496.47142857142853,20.816174537807754,11.094006272839755
H019,2026-01-20,5,474.47,94.89,Tuesday,0,505.1114285714285,-13.975160910162254,-6.066271091527173
H019,2026-01-21,5,413.19,82.64,Wednesday,0,499.49142857142857,-12.915463569877971,-17.27785976593335
H019,2026-01-22,5,555.83,111.17,Thursday,0,488.8757142857143,34.521648636220625,13.695563873961541
H019,2026-01-23,5,509.08,101.82,Friday,0,502.55571428571426,-8.410845042548987,1.2982213770186128
H019,2026-01-24,5,516.32,103.26,Saturday,0,506.25999999999993,1.4221733322857144,1.987121242049563
H019,2026-01-25,5,552.47,110.49,Sunday,0,496.7085714285714,7.001471955376504,11.226186093599013
H019,2026-01-26,5,527.07,105.41,Monday,0,510.4157142857143,-4.597534707766937,3.2628865546571406
H019,2026-01-27,5,503.66,100.73,Tuesday,0,506.9185714285714,-4.441535279943842,-0.6428195004551197
H019,2026-01-28,5,492.17,98.43,Wednesday,0,511.08857142857147,-2.2813008775761423,-3.70162286659847
H019,2026-01-29,5,488.34,97.67,Thursday,0,522.3714285714286,-0.7781863990084847,-6.514795164907305
H019,2026-01-30,5,475.97,95.19,Friday,0,512.73,-2.5330712208706974,-7.1694654106449764
H019,2026-01-31,5,582.25,116.45,Saturday,0,508.00000000000006,22.329138391075066,14.616141732283452
H019,2026-02-01,5,1063.23,212.65,Sunday,1,517.4185714285715,82.60712752254187,105.48740588581225
H019,2026-02-02,5,501.27,100.25,Monday,0,590.3842857142856,-52.85403910724866,-15.094284836268862
H019,2026-02-03,5,498.47,99.69,Tuesday,0,586.6985714285714,-0.5585812037424809,-15.03814321786071
H019,2026-02-04,5,470.35,94.07,Wednesday,0,585.9571428571428,-5.641262262523316,-19.729624302118623
H019,2026-02-05,5,513.14,102.63,Thursday,0,582.8399999999999,9.09748059955351,-11.95868505936448
H019,2026-02-06,5,480.97,96.19,Friday,0,586.3828571428572,-6.269244260825502,-17.976797216835426
H019,2026-02-07,5,487.82,97.56,Saturday,0,587.0971428571429,1.424205251886801,-16.90983239570965
H019,2026-02-08,5,593.62,118.72,Sunday,0,573.6071428571429,21.68832766184248,3.488948384284909
H019,2026-02-09,5,502.03,100.41,Monday,0,506.52000000000004,-15.429062363127933,-0.8864408118139591
H019,2026-02-10,5,417.88,83.58,Tuesday,0,506.6285714285714,-16.76194649722128,-17.51748251748251
H019,2026-02-11,5,478.55,95.71,Wednesday,0,495.11571428571426,14.518522063750371,-3.3458268052778357
H019,2026-02-12,5,465.98,93.2,Thursday,0,496.2871428571429,-2.6266847769303103,-6.106775743305291
H019,2026-02-13,5,402.21,80.44,Friday,0,489.55,-13.685136701145984,-17.840874272290886
H019,2026-02-14,5,528.46,105.69,Saturday,0,478.29857142857145,31.389075358643503,10.487471961625886
H019,2026-02-15,5,424.07,84.81,Sunday,0,484.1042857142857,-19.753623736895896,-12.401106019069092
H019,2026-02-16,5,538.14,107.63,Monday,0,459.8828571428571,26.898861037092935,17.016755819805045
H019,2026-02-17,5,540.27,108.05,Tuesday,0,465.0414285714286,0.395807782361457,16.176746157792387
H019,2026-02-18,5,496.59,99.32,Wednesday,0,482.52571428571434,-8.08484646565606,2.914722531441682
H019,2026-02-19,5,484.5,96.9,Thursday,0,485.1028571428571,-2.4346039992750534,-0.12427408620262065
H019,2026-02-20,5,534.02,106.8,Friday,0,487.7485714285714,10.22084623323014,9.486737897745918
H019,2026-02-21,5,610.43,122.09,Saturday,0,506.57857142857137,14.308452866933807,20.50055695774172
H019,2026-02-22,5,479.31,95.86,Sunday,0,518.2885714285713,-21.479940369903172,-7.520631088031473
H019,2026-02-23,5,499.7,99.94,Monday,0,526.18,4.254031837432981,-5.032498384583215
H019,2026-02-24,5,785.22,157.04,Tuesday,1,520.6885714285714,57.13828296978187,50.8041549376924
H019,2026-02-25,5,570.5,114.1,Wednesday,0,555.6814285714286,-27.345202618374476,2.6667386503572197
H019,2026-02-26,5,507.44,101.49,Thursday,0,566.24,-11.053461875547764,-10.384289347273242
H019,2026-02-27,5,1252.7,250.54,Friday,1,569.5171428571429,146.86662462557152,119.95826038097437
H019,2026-02-28,5,519.09,103.82,Saturday,0,672.1857142857143,-58.56230542029217,-22.77580600599324
H019,2026-03-01,5,486.03,97.21,Sunday,0,659.1371428571429,-6.368837773796465,-26.262689750236245
H019,2026-03-02,5,531.63,106.33,Monday,0,660.0971428571428,9.382136905129324,-19.461854099396618
H019,2026-03-03,5,535.72,107.14,Tuesday,0,664.6585714285713,0.7693320542482507,-19.399218933028976
H019,2026-03-04,5,444.45,88.89,Wednesday,0,629.0157142857144,-17.03688493989398,-29.34198782224383
H019,2026-03-05,5,520.11,104.02,Thursday,0,611.0085714285715,17.02328720890989,-14.876807900754264
H019,2026-03-06,5,479.37,95.87,Friday,0,612.8185714285713,-7.832958412643476,-21.77619570462475
H019,2026-03-07,5,549.91,109.98,Saturday,0,502.34285714285716,14.715146963723203,9.469059265157538
H019,2026-03-08,5,578.72,115.74,Sunday,0,506.7457142857143,5.239039115491639,14.203235209544374
H019,2026-03-09,5,537.18,107.44,Monday,0,519.9871428571429,-7.177909870058075,3.3064004329777235
H019,2026-03-10,5,494.67,98.93,Tuesday,0,520.78,-7.913548531218573,-5.013633396059748
H019,2026-03-11,5,506.83,101.37,Wednesday,0,514.9157142857142,2.458204459538682,-1.570298606429336
H019,2026-03-12,5,450.55,90.11,Thursday,0,523.8271428571428,-11.104315056330517,-13.988802194835253
H019,2026-03-13,5,566.09,113.22,Friday,0,513.89,25.644212629009,10.157815874992712
H019,2026-03-14,5,553.52,110.7,Saturday,0,526.2785714285714,-2.2204949742973823,5.176237462506289
H019,2026-03-15,5,452.68,90.54,Sunday,0,526.7942857142858,-18.217950570891738,-14.068923624293586
H019,2026-03-16,5,530.53,106.11,Monday,0,508.7885714285714,17.19757886365645,4.273175498101934
H019,2026-03-17,5,493.8,98.76,Tuesday,0,507.8385714285714,-6.923265413831448,-2.764376756393337
H019,2026-03-18,5,408.82,81.76,Wednesday,0,507.7142857142857,-17.20939651680843,-19.47833427124367
H019,2026-03-19,5,522.82,104.56,Thursday,0,493.71285714285716,27.885132821290547,5.895561040396535
H019,2026-03-20,5,461.73,92.35,Friday,0,504.0371428571429,-11.684709842775721,-8.393655796341543
H019,2026-03-21,5,575.76,115.15,Saturday,0,489.1285714285714,24.696251055811835,17.7113817576448
H019,2026-03-22,5,519.91,103.98,Sunday,0,492.3057142857143,-9.700222314853413,5.607143064414085
H019,2026-03-23,5,448.07,89.61,Monday,0,501.90999999999997,-13.817776153565031,-10.727022773007109
H019,2026-03-24,5,444.38,88.88,Tuesday,0,490.13000000000005,-0.8235320374048727,-9.334258258013191
H019,2026-03-25,5,475.14,95.03,Wednesday,0,483.07000000000005,6.922003690535128,-1.6415840354400115
H019,2026-03-26,5,514.67,102.93,Thursday,0,492.5442857142857,8.319653154859608,4.492126886342338
H019,2026-03-27,5,431.33,86.27,Friday,0,491.38,-16.19290030504983,-12.22068460254793
H019,2026-03-28,5,455.6,91.12,Saturday,0,487.0371428571429,5.626782278070164,-6.454773176583778
H019,2026-03-29,5,492.47,98.49,Sunday,0,469.87142857142857,8.092625109745399,4.8095223617403
H019,2026-03-30,5,411.02,82.2,Monday,0,465.95142857142855,-16.53907852254961,-11.789088991495127
H019,2026-03-31,5,456.5,91.3,Tuesday,0,460.6585714285714,11.065154980292924,-0.9027448280567214
H019,2026-04-01,5,482.43,96.49,Wednesday,0,462.38999999999993,5.680175246440311,4.334003763057177
H019,2026-04-02,5,518.65,103.73,Thursday,0,463.43142857142857,7.507824969425614,11.915154653793746
H019,2026-04-03,5,452.94,90.59,Friday,0,464.0,-12.669430251614767,-2.3836206896551726
H019,2026-04-04,5,583.53,116.71,Saturday,0,467.0871428571428,28.83163332891774,24.92957875709948
H019,2026-04-05,5,505.76,101.15,Sunday,0,485.36285714285714,-13.327506726303707,4.202452362591757
H019,2026-04-06,5,490.89,98.18,Monday,0,487.26142857142855,-2.940129705789307,0.7446867771187669
H019,2026-04-07,5,461.41,92.28,Tuesday,0,498.67142857142863,-6.00541872924687,-7.4721402584009
H019,2026-04-08,5,476.73,95.35,Wednesday,0,499.3728571428572,3.320257471662935,-4.534258684464232
H019,2026-04-09,5,534.98,107.0,Thursday,0,498.5585714285714,12.21865626245464,7.3053459831342495
H019,2026-04-10,5,539.35,107.87,Friday,0,500.8914285714286,0.8168529664660307,7.678025463174223
H020,2026-01-01,4,379.25,94.81,Thursday,0,,,
H020,2026-01-02,4,381.11,95.28,Friday,0,,0.49044166117337973,
H020,2026-01-03,4,461.42,115.36,Saturday,0,,21.072656188502002,
H020,2026-01-04,4,444.34,111.08,Sunday,0,,-3.7016167482987417,
H020,2026-01-05,4,370.92,92.73,Monday,0,,-16.52338299500382,
H020,2026-01-06,4,374.43,93.61,Tuesday,0,,0.9462956971853842,
H020,2026-01-07,4,401.2,100.3,Wednesday,0,,7.149533958283261,
H020,2026-01-08,4,363.12,90.78,Thursday,0,401.81,-9.491525423728808,-9.628929095841317
H020,2026-01-09,4,398.89,99.72,Friday,0,399.5057142857143,9.850738048028184,-0.1541190185014421
H020,2026-01-10,4,417.98,104.5,Saturday,0,402.04571428571427,4.785780541001294,3.963301969925249
H020,2026-01-11,4,379.04,94.76,Sunday,0,395.84,-9.316235226565862,-4.244139046079213
H020,2026-01-12,4,376.18,94.05,Monday,0,386.51142857142855,-0.7545377796538633,-2.6729943302360244
H020,2026-01-13,4,430.94,107.74,Tuesday,0,387.2628571428572,14.556861077143912,11.27842292425963
H020,2026-01-14,4,365.3,91.32,Wednesday,0,395.3357142857143,-15.231818814684173,-7.597521094187579
H020,2026-01-15,4,389.82,97.46,Thursday,0,390.20714285714286,6.712291267451409,-0.09921470281352529
H020,2026-01-16,4,453.87,113.47,Friday,0,394.0214285714286,16.43066030475604,15.189166651559916
H020,2026-01-17,4,369.64,92.41,Saturday,0,401.8757142857143,-18.558177451693226,-8.0213143366997
H020,2026-01-18,4,427.91,106.98,Sunday,0,394.96999999999997,15.763986581538813,8.33987391447453
H020,2026-01-19,4,355.75,88.94,Monday,0,401.9514285714286,-16.863359117571452,-11.494281469687177
H020,2026-01-20,4,380.32,95.08,Tuesday,0,399.03285714285715,6.906535488404786,-4.689552954822916
H020,2026-01-21,4,363.09,90.77,Wednesday,0,391.8014285714285,-4.530395456457725,-7.328056121723462
H020,2026-01-22,4,389.12,97.28,Thursday,0,391.4857142857143,7.169021454735747,-0.6042913443293033
H020,2026-01-23,4,351.98,88.0,Friday,0,391.38571428571424,-9.544613486842103,-10.068255648428645
H020,2026-01-24,4,414.74,103.68,Saturday,0,376.83,17.830558554463316,10.060239365231013
H020,2026-01-25,4,375.73,93.93,Sunday,0,383.27285714285716,-9.405892848531606,-1.9680123448047087
H020,2026-01-26,4,821.68,205.42,Monday,1,375.81857142857143,118.68895217310302,118.63741242924965
H020,2026-01-27,4,368.07,92.02,Tuesday,0,442.38,-55.20518936812384,-16.797775667977756
H020,2026-01-28,4,384.57,96.14,Wednesday,0,440.63000000000005,4.48284293748471,-12.722692508453818
H020,2026-01-29,4,368.77,92.19,Thursday,0,443.6985714285714,-4.108484801206547,-16.887269027557323
H020,2026-01-30,4,372.68,93.17,Friday,0,440.7914285714286,1.0602814762589174,-15.452076459874123
H020,2026-01-31,4,404.65,101.16,Saturday,0,443.74857142857144,8.578405066008354,-8.81097403935305
H020,2026-02-01,4,428.84,107.21,Sunday,0,442.3071428571428,5.97800568392437,-3.044749123911953
H020,2026-02-02,4,741.67,185.42,Monday,1,449.8942857142857,72.94795261636042,64.85428322844098
H020,2026-02-03,4,373.65,93.41,Tuesday,0,438.4642857142857,-49.6204511440398,-14.782112894029492
H020,2026-02-04,4,392.09,98.02,Wednesday,0,439.26142857142855,4.935099692225342,-10.738805072150333
H020,2026-02-05,4,428.67,107.17,Thursday,0,440.3357142857143,9.329490678160646,-2.649277337096693
H020,2026-02-06,4,396.45,99.11,Friday,0,448.89285714285717,-7.516271257610752,-11.682711432890452
H020,2026-02-07,4,362.06,90.52,Saturday,0,452.28857142857134,-8.674486063816367,-19.949337022507738
H020,2026-02-08,4,460.87,115.22,Sunday,0,446.20428571428573,27.291056730928574,3.2867712738879984
H020,2026-02-09,4,411.29,102.82,Monday,0,450.78000000000003,-10.75791437932605,-8.760370912640314
H020,2026-02-10,4,359.92,89.98,Tuesday,0,403.5828571428571,-12.48997058036908,-10.818808670904884
H020,2026-02-11,4,335.68,83.92,Wednesday,0,401.6214285714286,-6.734829962213828,-16.418802354740613
H020,2026-02-12,4,385.25,96.31,Thursday,0,393.5628571428571,14.767040038131562,-2.1122057104691896
H020,2026-02-13,4,327.42,81.85,Friday,0,387.36,-15.01103179753407,-15.473977695167285
H020,2026-02-14,4,395.32,98.83,Saturday,0,377.49857142857144,20.737890171644977,4.720926096219849
H020,2026-02-15,4,357.28,89.32,Sunday,0,382.25000000000006,-9.622584235556008,-6.532374100719446
H020,2026-02-16,4,349.5,87.37,Monday,0,367.45142857142855,-2.177563815494843,-4.88538815625777
H020,2026-02-17,4,379.02,94.76,Tuesday,0,358.6242857142857,8.446351931330476,5.687209455179915
H020,2026-02-18,4,369.8,92.45,Wednesday,0,361.3528571428571,-2.4325893092712714,2.3376438542461644
H020,2026-02-19,4,423.59,105.9,Thursday,0,366.2271428571429,14.545700378583003,15.663191071895252
H020,2026-02-20,4,410.03,102.51,Friday,0,371.7042857142857,-3.2012087159753566,10.310807746557368
H020,2026-02-21,4,428.52,107.13,Saturday,0,383.5057142857143,4.509426139550765,11.737578877573055
H020,2026-02-22,4,437.54,109.39,Sunday,0,388.2485714285714,2.104919256977511,12.69584286944301
H020,2026-02-23,4,782.0,195.5,Monday,1,399.7142857142857,78.72651643278328,95.63974267333809
H020,2026-02-24,4,406.41,101.6,Tuesday,0,461.5,-48.02941176470588,-11.937161430119172
H020,2026-02-25,4,417.1,104.27,Wednesday,0,465.41285714285715,2.6303486626805483,-10.380645141487278
H020,2026-02-26,4,387.38,96.84,Thursday,0,472.17,-7.125389594821396,-17.95751530169219
H020,2026-02-27,4,375.58,93.89,Friday,0,466.9971428571429,-3.0461046001342362,-19.575525087336118
H020,2026-02-28,4,440.04,110.01,Saturday,0,462.07571428571424,17.16278822088504,-4.768853589238608
H020,2026-03-01,4,430.72,107.68,Sunday,0,463.7214285714286,-2.117989273702392,-7.116649466274392
H020,2026-03-02,4,379.41,94.85,Monday,0,462.7471428571429,-11.912611441307575,-18.009218240137315
H020,2026-03-03,4,402.48,100.62,Tuesday,0,405.23428571428576,6.080493397643716,-0.6796773647695935
H020,2026-03-04,4,378.67,94.67,Wednesday,0,404.67285714285714,-5.915821904193996,-6.425648936883757
H020,2026-03-05,4,346.2,86.55,Thursday,0,399.18285714285713,-8.574748461721294,-13.27282877879096
H020,2026-03-06,4,376.64,94.16,Friday,0,393.30000000000007,8.792605430387068,-4.235952199338947
H020,2026-03-07,4,406.29,101.57,Saturday,0,393.4514285714286,7.872238742565862,3.2630638742847142
H020,2026-03-08,4,404.93,101.23,Sunday,0,388.63,-0.33473627212090573,4.194220724082035
H020,2026-03-09,4,347.85,86.96,Monday,0,384.94571428571425,-14.096263551724986,-9.636609243603907
H020,2026-03-10,4,751.74,187.94,Tuesday,1,380.43714285714293,116.11039241052174,97.59900265108556
H020,2026-03-11,4,328.09,82.02,Wednesday,0,430.33142857142855,-56.355920930108816,-23.758764009135817
H020,2026-03-12,4,386.42,96.61,Thursday,0,423.1057142857143,17.778658294980044,-8.670578781392024
H020,2026-03-13,4,363.11,90.78,Friday,0,428.8514285714286,-6.0322964649862865,-15.3296512944876
H020,2026-03-14,4,412.09,103.02,Saturday,0,426.91857142857145,13.48902536421468,-3.4733957295302336
H020,2026-03-15,4,415.94,103.99,Sunday,0,427.7471428571429,0.9342619330728885,-2.7603089942990398
H020,2026-03-16,4,342.42,85.6,Monday,0,429.32000000000005,-17.67562629225369,-20.241311841982675
H020,2026-03-17,4,345.31,86.33,Tuesday,0,428.5442857142857,0.843992757432388,-19.42256342901717
H020,2026-03-18,4,341.27,85.32,Wednesday,0,370.48285714285714,-1.1699632214531963,-7.885076618158547
H020,2026-03-19,4,433.59,108.4,Thursday,0,372.36571428571426,27.051894394467713,16.441977165306
H020,2026-03-20,4,366.86,91.71,Friday,0,379.1042857142857,-15.390115085680012,-3.229793535890986
H020,2026-03-21,4,406.12,101.53,Saturday,0,379.63999999999993,10.7016300496102,6.9750289748182706
H020,2026-03-22,4,387.96,96.99,Sunday,0,378.7871428571429,-4.471584753274904,2.4216389906128803
H020,2026-03-23,4,455.87,113.97,Monday,0,374.78999999999996,17.504381895040733,21.633448064249325
H020,2026-03-24,4,423.37,105.84,Tuesday,0,390.9971428571429,-7.129225437076359,8.279563606602894
H020,2026-03-25,4,354.96,88.74,Wednesday,0,402.1485714285714,-16.15844296950658,-11.734113902466751
H020,2026-03-26,4,400.69,100.17,Thursday,0,404.1042857142857,12.88314176245211,-0.8449021292240679
H020,2026-03-27,4,355.61,88.9,Friday,0,399.4042857142857,-11.250592727544984,-10.964901299435228
H020,2026-03-28,4,348.48,87.12,Saturday,0,397.79714285714283,-2.005005483535327,-12.397560852983204
H020,2026-03-29,4,439.08,109.77,Sunday,0,389.56285714285707,25.99862258953167,12.710950735989806
H020,2026-03-30,4,366.63,91.66,Monday,0,396.86571428571426,-16.500409948073248,-7.618625947603719
H020,2026-03-31,4,375.87,93.97,Tuesday,0,384.1171428571428,2.5202520252025185,-2.1470384778452907
H020,2026-04-01,4,403.8,100.95,Wednesday,0,377.3314285714286,7.430760635326039,7.014674480941342
H020,2026-04-02,4,392.88,98.22,Thursday,0,384.3085714285714,-2.704309063893018,2.2303506111160782
H020,2026-04-03,4,368.95,92.24,Friday,0,383.1928571428571,-6.09091834656893,-3.716890040449603
H020,2026-04-04,4,352.37,88.09,Saturday,0,385.09857142857135,-4.4938338528255795,-8.49875171106468
H020,2026-04-05,4,444.78,111.19,Sunday,0,385.6542857142858,26.225274569344712,15.331273753694994
H020,2026-04-06,4,400.42,100.1,Monday,0,386.4685714285714,-9.97347003012724,3.6099775254317574
H020,2026-04-07,4,391.05,97.76,Tuesday,0,391.2957142857143,-2.340042954897359,-0.06279503627144241
H020,2026-04-08,4,403.81,100.95,Wednesday,0,393.4642857142857,3.263009845288334,2.629390941272577
H020,2026-04-09,4,407.52,101.88,Thursday,0,393.46571428571434,0.9187489165696672,3.571921314618063
H020,2026-04-10,4,359.79,89.95,Friday,0,395.5571428571429,-11.712308598350996,-9.042218931705731
H021,2026-01-01,4,421.57,105.39,Thursday,0,,,
H021,2026-01-02,4,381.31,95.33,Friday,0,,-9.550015418554448,
H021,2026-01-03,4,547.66,136.92,Saturday,0,,43.625921166504945,
H021,2026-01-04,4,524.12,131.03,Sunday,0,,-4.298287258518052,
H021,2026-01-05,4,466.95,116.74,Monday,0,,-10.907807372357482,
H021,2026-01-06,4,437.63,109.41,Tuesday,0,,-6.2790448656173,
H021,2026-01-07,4,440.5,110.13,Wednesday,0,,0.6558051321893021,
H021,2026-01-08,4,431.08,107.77,Thursday,0,459.9628571428571,-2.138479001135074,-6.279389018989106
H021,2026-01-09,4,540.43,135.11,Friday,0,461.32142857142856,25.3665212953512,17.148254238600288
H021,2026-01-10,4,514.2,128.55,Saturday,0,484.05285714285714,-4.853542549451351,6.2280683632543195
H021,2026-01-11,4,497.72,124.43,Sunday,0,479.2728571428571,-3.2049786075457054,3.8489855167500906
H021,2026-01-12,4,500.08,125.02,Monday,0,475.5014285714286,0.4741621795386841,5.168979513355812
H021,2026-01-13,4,422.75,105.69,Tuesday,0,480.2342857142857,-15.463525835866253,-11.970050332575765
H021,2026-01-14,4,464.24,116.06,Wednesday,0,478.10857142857145,9.814311058545243,-2.90071591628919
H021,2026-01-15,4,484.42,121.1,Thursday,0,481.5,4.346889539893151,0.6064382139148528
H021,2026-01-16,4,1029.34,257.34,Friday,1,489.12,112.48916229718012,110.4473339875695
H021,2026-01-17,4,478.2,119.55,Saturday,0,558.9642857142857,-53.54304700099093,-14.448917002108486
H021,2026-01-18,4,470.55,117.64,Sunday,0,553.8214285714286,-1.5997490589711338,-15.035790288256912
H021,2026-01-19,4,499.19,124.8,Monday,0,549.9399999999999,6.086494527680375,-9.228279448667118
H021,2026-01-20,4,442.48,110.62,Tuesday,0,549.8128571428572,-11.360403854243872,-19.521707386149576
H021,2026-01-21,4,418.29,104.57,Wednesday,0,552.6314285714286,-5.466913758813952,-24.309407975349114
H021,2026-01-22,4,427.92,106.98,Thursday,0,546.0671428571429,2.3022305099333007,-21.63601022375585
H021,2026-01-23,4,485.64,121.41,Friday,0,537.9957142857144,13.488502523836221,-9.73162292848856
H021,2026-01-24,4,504.89,126.22,Saturday,0,460.32428571428574,3.9638415287043927,9.681373689976311
H021,2026-01-25,4,465.75,116.44,Sunday,0,464.13714285714286,-7.752183643962052,0.3474958140451087
H021,2026-01-26,4,423.37,105.84,Monday,0,463.45142857142855,-9.099302200751481,-8.648463700927199
H021,2026-01-27,4,437.08,109.27,Tuesday,0,452.62,3.238302194298126,-3.43334364367461
H021,2026-01-28,4,480.98,120.25,Wednesday,0,451.84857142857146,10.043927885055371,6.447166244064063
H021,2026-01-29,4,477.57,119.39,Thursday,0,460.80428571428575,-0.7089691879080262,3.6383590182382872
H021,2026-01-30,4,411.29,102.82,Friday,0,467.8971428571428,-13.878593714010501,-12.098202291101813
H021,2026-01-31,4,433.64,108.41,Saturday,0,457.27571428571434,5.434121909115208,-5.1688103145023625
H021,2026-02-01,4,546.91,136.73,Sunday,0,447.0971428571429,26.120745318697523,22.324646609237988
H021,2026-02-02,4,456.29,114.07,Monday,0,458.6914285714286,-16.56945384066847,-0.5235390115982165
H021,2026-02-03,4,397.22,99.3,Tuesday,0,463.3942857142857,-12.945714348331105,-14.280341332281044
H021,2026-02-04,4,423.7,105.93,Wednesday,0,457.7,6.6663310004531295,-7.428446580729736
H021,2026-02-05,4,433.34,108.33,Thursday,0,449.51714285714286,2.2751947132404915,-3.5987821853290254
H021,2026-02-06,4,431.34,107.83,Friday,0,443.1985714285715,-0.461531361055989,-2.6756790732306563
H021,2026-02-07,4,444.42,111.1,Saturday,0,446.0628571428571,3.0324106273473372,-0.36830171276308826
H021,2026-02-08,4,447.53,111.88,Sunday,0,447.6028571428571,0.6997884883668481,-0.016277184493901496
H021,2026-02-09,4,474.2,118.55,Monday,0,433.4057142857143,5.959377025003909,9.41249373730981
H021,2026-02-10,4,473.24,118.31,Tuesday,0,435.9642857142857,-0.20244622522141986,8.550176128450888
H021,2026-02-11,4,476.46,119.12,Wednesday,0,446.8242857142856,0.6804158566477758,6.632520933444612
H021,2026-02-12,4,391.34,97.83,Thursday,0,454.3614285714285,-17.865088359988246,-13.870329787802657
H021,2026-02-13,4,457.03,114.26,Friday,0,448.3614285714285,16.78591506107221,1.933389198127792
H021,2026-02-14,4,493.39,123.35,Saturday,0,452.0314285714286,7.955714066910269,9.149490237720505
H021,2026-02-15,4,469.78,117.45,Sunday,0,459.02714285714285,-4.785261152435194,2.3425318764218694
H021,2026-02-16,4,512.13,128.03,Monday,0,462.20571428571424,9.014858018647033,10.801312958979315
H021,2026-02-17,4,515.07,128.77,Tuesday,0,467.6242857142857,0.5740729892800722,10.146118526167239
H021,2026-02-18,4,386.92,96.73,Wednesday,0,473.6,-24.880113382647018,-18.302364864864863
H021,2026-02-19,4,535.41,133.85,Thursday,0,460.8085714285715,38.37744236534684,16.1892449917226
H021,2026-02-20,4,413.67,103.42,Friday,0,481.39,-22.737715022132566,-14.067595920147898
H021,2026-02-21,4,508.48,127.12,Saturday,0,475.19571428571425,22.919235139120552,7.004332049651735
H021,2026-02-22,4,441.04,110.26,Sunday,0,477.3514285714286,-13.263058527375705,-7.606854488756411
H021,2026-02-23,4,442.51,110.63,Monday,0,473.2457142857143,0.33330310175947453,-6.494662995967068
H021,2026-02-24,4,466.15,116.54,Tuesday,0,463.30000000000007,5.342252152493732,0.6151521692207875
H021,2026-02-25,4,454.59,113.65,Wednesday,0,456.31142857142856,-2.479888447924483,-0.3772486209293191
H021,2026-02-26,4,489.07,122.27,Thursday,0,465.9785714285714,7.5848566840449605,4.955470055336701
H021,2026-02-27,4,449.04,112.26,Friday,0,459.35857142857145,-8.184922403745876,-2.24629996485783
H021,2026-02-28,4,492.07,123.02,Saturday,0,464.4114285714286,9.582665241403877,5.955618171079825
H021,2026-03-01,4,520.24,130.06,Sunday,0,462.0671428571428,5.724795252707948,12.589697848488326
H021,2026-03-02,4,422.62,105.66,Monday,0,473.38142857142856,-18.7644164231893,-10.72315589663424
H021,2026-03-03,4,409.03,102.26,Tuesday,0,470.53999999999996,-3.215654725285133,-13.072214902027458
H021,2026-03-04,4,426.08,106.52,Wednesday,0,462.38,4.1683984059848855,-7.850685583286476
H021,2026-03-05,4,424.18,106.05,Thursday,0,458.3071428571429,-0.445925647765677,-7.44634758349828
H021,2026-03-06,4,474.43,118.61,Friday,0,449.03714285714284,11.846385968221028,5.654956955517525
H021,2026-03-07,4,506.42,126.6,Saturday,0,452.66428571428565,6.742828235988441,11.875404352011127
H021,2026-03-08,4,551.35,137.84,Sunday,0,454.7142857142857,8.872082461198216,21.251963556393342
H021,2026-03-09,4,455.04,113.76,Monday,0,459.1585714285714,-17.46803300988483,-0.8969823683694614
H021,2026-03-10,4,417.0,104.25,Tuesday,0,463.79,-8.359704641350218,-10.0886176933526
H021,2026-03-11,4,502.61,125.65,Wednesday,0,464.92857142857144,20.529976019184648,8.104777999692732
H021,2026-03-12,4,444.17,111.04,Thursday,0,475.8614285714285,-11.62730546547024,-6.659801923128867
H021,2026-03-13,4,450.86,112.71,Friday,0,478.71714285714285,1.5061800661908764,-5.819123729491314
H021,2026-03-14,4,453.68,113.42,Saturday,0,475.35,0.6254713214745244,-4.558746187020094
H021,2026-03-15,4,431.22,107.81,Sunday,0,467.8157142857143,-4.950625991888547,-7.822677427924914
H021,2026-03-16,4,418.38,104.59,Monday,0,450.6542857142857,-2.9775984416307244,-7.161650679329738
H021,2026-03-17,4,1215.71,303.93,Tuesday,1,445.4171428571429,190.57555332472873,172.9374069892749
H021,2026-03-18,4,401.45,100.36,Wednesday,0,559.5185714285715,-66.97814445879364,-28.250817667229235
H021,2026-03-19,4,464.57,116.14,Thursday,0,545.0671428571429,15.72300411010088,-14.768298532028831
H021,2026-03-20,4,500.96,125.24,Friday,0,547.9814285714285,7.833049917127655,-8.580843459241315
H021,2026-03-21,4,490.54,122.63,Saturday,0,555.1385714285714,-2.0800063877355446,-11.63647686420635
H021,2026-03-22,4,405.53,101.38,Sunday,0,560.4042857142857,-17.329881355241174,-27.636170825653934
H021,2026-03-23,4,408.02,102.0,Monday,0,556.7342857142856,0.6140112938623599,-26.71189641634634
H021,2026-03-24,4,378.68,94.67,Tuesday,0,555.2542857142856,-7.190823979216699,-31.800616448576957
H021,2026-03-25,4,450.53,112.63,Wednesday,0,435.6785714285714,18.97380373930495,3.408804000327899
H021,2026-03-26,4,366.26,91.57,Thursday,0,442.69,-18.704636761147974,-17.264903205403332
H021,2026-03-27,4,399.14,99.78,Friday,0,428.6457142857143,8.977229290667822,-6.883473531254587
H021,2026-03-28,4,450.02,112.5,Saturday,0,414.1,12.747406924888516,8.674233276986225
H021,2026-03-29,4,494.34,123.58,Sunday,0,408.31142857142856,9.84845117994755,21.069351825287416
H021,2026-03-30,4,478.27,119.57,Monday,0,420.9985714285714,-3.250799045191566,13.603710905025135
H021,2026-03-31,4,473.22,118.3,Tuesday,0,431.03428571428566,-1.0558889330294474,9.787090188384106
H021,2026-04-01,4,487.09,121.77,Wednesday,0,444.54,2.9309834749165153,9.571692086201455
H021,2026-04-02,4,806.66,201.66,Thursday,1,449.7628571428571,65.60799852183375,79.35229358963771
H021,2026-04-03,4,464.62,116.15,Friday,0,512.6771428571428,-42.40200332234151,-9.373763493593845
H021,2026-04-04,4,502.45,125.61,Saturday,0,522.0314285714286,8.142137660884163,-3.751005686576074
H021,2026-04-05,4,463.55,115.89,Sunday,0,529.5214285714285,-7.74206388695392,-12.458689112810744
H021,2026-04-06,4,788.21,197.05,Monday,1,525.1228571428571,70.0377521302988,50.10011262670505
H021,2026-04-07,4,422.67,105.67,Tuesday,0,569.4,-46.37596579591733,-25.76923076923076
H021,2026-04-08,4,422.7,105.68,Wednesday,0,562.1785714285714,0.0070977358222590325,-24.81036782923576
H021,2026-04-09,4,403.13,100.78,Thursday,0,552.98,-4.629761059853321,-27.09862924518066
H021,2026-04-10,4,481.3,120.33,Friday,0,495.3328571428571,19.390767246297735,-2.8330156056677525
H022,2026-01-01,3,314.25,104.75,Thursday,0,,,
H022,2026-01-02,3,281.92,93.97,Friday,0,,-10.28798727128082,
H022,2026-01-03,3,276.27,92.09,Saturday,0,,-2.004114642451771,
H022,2026-01-04,3,308.48,102.83,Sunday,0,,11.658884424657057,
H022,2026-01-05,3,296.13,98.71,Monday,0,,-4.003501037344403,
H022,2026-01-06,3,322.14,107.38,Tuesday,0,,8.783304629723432,
H022,2026-01-07,3,295.63,98.54,Wednesday,0,,-8.22934128018874,
H022,2026-01-08,3,266.84,88.95,Thursday,0,299.26000000000005,-9.73852450698509,-10.83338902626481
H022,2026-01-09,3,308.0,102.67,Friday,0,292.4871428571428,15.42497376705143,5.303774036465594
H022,2026-01-10,3,311.31,103.77,Saturday,0,296.2128571428571,1.0746753246753338,5.096720987320909
H022,2026-01-11,3,321.42,107.14,Sunday,0,301.2185714285714,3.2475667341235415,6.706568082977253
H022,2026-01-12,3,303.6,101.2,Monday,0,303.0671428571428,-5.544147843942504,0.17582148227410585
H022,2026-01-13,3,341.08,113.69,Tuesday,0,304.13428571428574,12.345191040843195,12.147829436245255
H022,2026-01-14,3,332.37,110.79,Wednesday,0,306.84000000000003,-2.5536531019115682,8.320297223308556
H022,2026-01-15,3,338.39,112.8,Thursday,0,312.0885714285714,1.8112344676114,8.427552617846583
H022,2026-01-16,3,271.08,90.36,Friday,0,322.31,-19.891249741422623,-15.894635599267792
H022,2026-01-17,3,343.27,114.42,Saturday,0,317.0357142857143,26.630514977128517,8.274867635462428
H022,2026-01-18,3,327.14,109.05,Sunday,0,321.6014285714286,-4.698925044425673,1.7221849583112996
H022,2026-01-19,3,279.94,93.31,Monday,0,322.4185714285714,-14.428073607629754,-13.174976627542717
H022,2026-01-20,3,279.19,93.06,Tuesday,0,319.0385714285714,-0.2679145531185201,-12.490204946110406
H022,2026-01-21,3,316.38,105.46,Wednesday,0,310.19714285714286,13.32067767470182,1.9932024795291432
H022,2026-01-22,3,314.07,104.69,Thursday,0,307.91285714285715,-0.7301346482078475,1.9996381165357502
H022,2026-01-23,3,301.69,100.56,Friday,0,304.43857142857144,-3.941796414811982,-0.9028328492259787
H022,2026-01-24,3,287.6,95.87,Saturday,0,308.8114285714286,-4.670356988962176,-6.868731727175168
H022,2026-01-25,3,310.38,103.46,Sunday,0,300.85857142857145,7.920723226703741,3.1647523041201038
H022,2026-01-26,3,322.98,107.66,Monday,0,298.4642857142857,4.059539918809207,8.213952375254282
H022,2026-01-27,3,320.1,106.7,Tuesday,0,304.61285714285714,-0.8916960802526464,5.084205244127215
H022,2026-01-28,3,277.33,92.44,Wednesday,0,310.45714285714286,-13.36144954701657,-10.670439904288612
H022,2026-01-29,3,230.47,76.82,Thursday,0,304.87857142857143,-16.89683770237622,-24.405969589766418
H022,2026-01-30,3,253.44,84.48,Friday,0,292.9357142857143,9.966590011715182,-13.482724147180033
H022,2026-01-31,3,362.24,120.75,Saturday,0,286.04285714285714,42.92929292929293,26.63836587923888
H022,2026-02-01,3,290.99,97.0,Sunday,0,296.7057142857143,-19.66928003533569,-1.9263917108823554
H022,2026-02-02,3,723.39,241.13,Monday,1,293.9357142857143,148.59617168974876,146.1048334183859
H022,2026-02-03,3,288.23,96.08,Tuesday,0,351.13714285714286,-60.15565600851546,-17.915263063678818
H022,2026-02-04,3,292.04,97.35,Wednesday,0,346.5842857142857,1.3218610137737175,-15.737668429448204
H022,2026-02-05,3,300.52,100.17,Thursday,0,348.6857142857143,2.9037118202985823,-13.813503769255995
H022,2026-02-06,3,332.94,110.98,Friday,0,358.6928571428571,10.787967522960207,-7.179640360833976
H022,2026-02-07,3,334.65,111.55,Saturday,0,370.05,0.513606055145055,-9.56627482772599
H022,2026-02-08,3,338.04,112.68,Sunday,0,366.10857142857145,1.0129986553115256,-7.6667343020805685
H022,2026-02-09,3,312.98,104.33,Monday,0,372.83,-7.41332386699799,-16.05289273931818
H022,2026-02-10,3,288.2,96.07,Tuesday,0,314.2,-7.917438813981736,-8.274984086569065
H022,2026-02-11,3,235.75,78.58,Wednesday,0,314.19571428571425,-18.199167244968773,-24.967149683773073
H022,2026-02-12,3,244.91,81.64,Thursday,0,306.1542857142857,3.8854718981972347,-20.004386210500776
H022,2026-02-13,3,271.12,90.37,Friday,0,298.21000000000004,10.701890490384237,-9.084202407699282
H022,2026-02-14,3,323.49,107.83,Saturday,0,289.37857142857143,19.316169961640604,11.787821193197248
H022,2026-02-15,3,332.09,110.7,Sunday,0,287.78428571428566,2.6585056725091816,15.395459893074687
H022,2026-02-16,3,265.19,88.4,Monday,0,286.9342857142857,-20.14514137733746,-7.578141336493167
H022,2026-02-17,3,294.51,98.17,Tuesday,0,280.10714285714283,11.056223839511281,5.141909983424716
H022,2026-02-18,3,302.35,100.78,Wednesday,0,281.00857142857143,2.6620488268649822,7.59458277835959
H022,2026-02-19,3,277.77,92.59,Thursday,0,290.52285714285716,-8.129651066644627,-4.389622650787263
H022,2026-02-20,3,295.83,98.61,Friday,0,295.21714285714285,6.501782049897398,0.20759537773648276
H022,2026-02-21,3,287.96,95.99,Saturday,0,298.7471428571429,-2.6603116654835612,-3.6107936477575526
H022,2026-02-22,3,304.02,101.34,Sunday,0,293.6714285714285,5.577163494929849,3.5238604854794104
H022,2026-02-23,3,294.39,98.13,Monday,0,289.66142857142853,-3.1675547661338066,1.6324477345472397
H022,2026-02-24,3,319.43,106.48,Tuesday,0,293.8328571428571,8.50572369985394,8.711463757335332
H022,2026-02-25,3,293.9,97.97,Wednesday,0,297.39285714285717,-7.992361393732594,-1.1744926143869499
H022,2026-02-26,3,294.43,98.14,Thursday,0,296.18571428571425,0.18033344675061347,-0.592774803453419
H022,2026-02-27,3,281.37,93.79,Friday,0,298.5657142857143,-4.4356892979655616,-5.759440372064542
H022,2026-02-28,3,320.55,106.85,Saturday,0,296.5,13.924725450474472,8.111298482293428
H022,2026-03-01,3,301.93,100.64,Sunday,0,301.1557142857143,-5.80876618312276,0.2571047725666396
H022,2026-03-02,3,280.75,93.58,Monday,0,300.85714285714283,-7.014870996588618,-6.68328584995251
H022,2026-03-03,3,349.46,116.49,Tuesday,0,298.90857142857146,24.47373107747106,16.912003670496453
H022,2026-03-04,3,293.04,97.68,Wednesday,0,303.1985714285714,-16.144909288616716,-3.3504681043540465
H022,2026-03-05,3,331.65,110.55,Thursday,0,303.07571428571424,13.175675675675658,9.42810141737332
H022,2026-03-06,3,290.54,96.85,Friday,0,308.39285714285717,-12.395597768732081,-5.788998262883614
H022,2026-03-07,3,328.15,109.38,Saturday,0,309.70285714285717,12.944861292765175,5.9564006051883664
H022,2026-03-08,3,299.44,99.81,Sunday,0,310.7885714285714,-8.749047691604439,-3.6515407810546368
H022,2026-03-09,3,332.61,110.87,Monday,0,310.43285714285713,11.077344376168853,7.143941869187273
H022,2026-03-10,3,300.4,100.13,Tuesday,0,317.84142857142854,-9.684014311055,-5.487462301507038
H022,2026-03-11,3,327.83,109.28,Wednesday,0,310.8328571428571,9.131158455392807,5.46825809001623
H022,2026-03-12,3,310.29,103.43,Thursday,0,315.80285714285714,-5.3503340145807154,-1.7456641123304688
H022,2026-03-13,3,333.59,111.2,Friday,0,312.75142857142856,7.509104386219323,6.662982012186762
H022,2026-03-14,3,314.3,104.77,Saturday,0,318.90142857142854,-5.782547438472363,-1.4428999556513074
H022,2026-03-15,3,304.34,101.45,Sunday,0,316.92285714285714,-3.1689468660515585,-3.9703217547307665
H022,2026-03-16,3,266.59,88.86,Monday,0,317.6228571428572,-12.403890385752781,-16.067123632700074
H022,2026-03-17,3,350.2,116.73,Tuesday,0,308.1914285714285,31.362766795453712,13.630674812500601
H022,2026-03-18,3,314.51,104.84,Wednesday,0,315.30571428571426,-10.191319246145058,-0.2523627862301385
H022,2026-03-19,3,287.27,95.76,Thursday,0,313.40285714285716,-8.661091857174652,-8.338423389339154
H022,2026-03-20,3,324.65,108.22,Friday,0,310.11428571428576,13.012148849514404,4.687212087709579
H022,2026-03-21,3,341.88,113.96,Saturday,0,308.8371428571428,5.307253965809333,10.699120202048256
H022,2026-03-22,3,287.72,95.91,Sunday,0,312.77714285714285,-15.841815841815832,-8.011180941245238
H022,2026-03-23,3,284.24,94.75,Monday,0,310.40285714285716,-1.209509245099405,-8.428677939267866
H022,2026-03-24,3,248.55,82.85,Tuesday,0,312.9242857142857,-12.556290458767238,-20.57184074650645
H022,2026-03-25,3,320.2,106.73,Wednesday,0,298.40285714285716,28.827197746932185,7.304602598596327
H022,2026-03-26,3,288.77,96.26,Thursday,0,299.21571428571434,-9.815740162398502,-3.491031315200238
H022,2026-03-27,3,312.62,104.21,Friday,0,299.43,8.259168196142275,4.405036235514142
H022,2026-03-28,3,383.42,127.81,Saturday,0,297.7114285714286,22.64730343548078,28.78914384974903
H022,2026-03-29,3,313.99,104.66,Sunday,0,303.6457142857143,-18.108079912367636,3.406695773269601
H022,2026-03-30,3,318.47,106.16,Monday,0,307.3985714285714,1.4267970317526135,3.6016525776214356
H022,2026-03-31,3,281.78,93.93,Tuesday,0,312.2885714285714,-11.520708386975242,-9.769352521934842
H022,2026-04-01,3,280.26,93.42,Wednesday,0,317.0357142857143,-0.539427922492719,-11.599864819195675
H022,2026-04-02,3,320.12,106.71,Thursday,0,311.33,14.222507671447948,2.8233706999004338
H022,2026-04-03,3,304.1,101.37,Friday,0,315.8085714285714,-5.00437335999,-3.7074900708385523
H022,2026-04-04,3,558.73,186.24,Saturday,1,314.59142857142854,83.73232489312726,77.60496607845099
H022,2026-04-05,3,318.87,106.29,Sunday,0,339.63571428571424,-42.92950083224456,-6.114113861490239
H022,2026-04-06,3,291.13,97.04,Monday,0,340.3328571428571,-8.699470003449683,-14.45727502067303
H022,2026-04-07,3,295.47,98.49,Tuesday,0,336.4271428571428,1.4907429670593997,-12.174149359445247
H022,2026-04-08,3,312.53,104.18,Wednesday,0,338.3828571428572,5.773851829288912,-7.640120235743131
H022,2026-04-09,3,263.09,87.7,Thursday,0,342.99285714285713,-15.819281348990499,-23.29577875424312
H022,2026-04-10,3,275.3,91.77,Friday,0,334.8457142857143,4.640997377323353,-17.78303013754735
H023,2026-01-01,6,533.1,88.85,Thursday,0,,,
H023,2026-01-02,6,563.55,93.92,Friday,0,,5.711873944850865,
H023,2026-01-03,6,573.01,95.5,Saturday,0,,1.6786443084020997,
H023,2026-01-04,6,564.15,94.02,Sunday,0,,-1.5462208338423489,
H023,2026-01-05,6,515.3,85.88,Monday,0,,-8.659044580342112,
H023,2026-01-06,6,570.52,95.09,Tuesday,0,,10.716087715893652,
H023,2026-01-07,6,513.35,85.56,Wednesday,0,,-10.020682885788402,
H023,2026-01-08,6,481.4,80.23,Thursday,0,547.5685714285714,-6.22382390182138,-12.084070357789505
H023,2026-01-09,6,497.88,82.98,Friday,0,540.1828571428571,3.4233485666805175,-7.8312105953539435
H023,2026-01-10,6,559.18,93.2,Saturday,0,530.8014285714286,12.312203743874006,5.346363046713719
H023,2026-01-11,6,574.26,95.71,Sunday,0,528.8257142857143,2.6968060374119363,8.591542447147043
H023,2026-01-12,6,555.15,92.52,Monday,0,530.27,-3.3277609445199086,4.691949384275934
H023,2026-01-13,6,577.31,96.22,Tuesday,0,535.9628571428572,3.9917139511843613,7.714553780379224
H023,2026-01-14,6,559.58,93.26,Wednesday,0,536.9328571428572,-3.0711402885797767,4.217872412884824
H023,2026-01-15,6,479.55,79.93,Thursday,0,543.5371428571428,-14.301797776904113,-11.772358834722816
H023,2026-01-16,6,860.78,143.46,Friday,1,543.2728571428571,79.49744552184339,58.44340255225604
H023,2026-01-17,6,557.29,92.88,Saturday,0,595.1157142857143,-35.25755709937499,-6.3560267991099
H023,2026-01-18,6,556.02,92.67,Sunday,0,594.8457142857143,-0.22788853200308434,-6.527022613306693
H023,2026-01-19,6,490.43,81.74,Monday,0,592.24,-11.796338261213624,-17.190665946238013
H023,2026-01-20,6,505.2,84.2,Tuesday,0,582.9942857142856,3.011642844034812,-13.343919077864022
H023,2026-01-21,6,567.15,94.53,Wednesday,0,572.6928571428572,12.262470308788597,-0.9678586128191478
H023,2026-01-22,6,526.55,87.76,Thursday,0,573.7742857142857,-7.158600017632022,-8.230463945503717
H023,2026-01-23,6,620.78,103.46,Friday,0,580.4885714285714,17.895736397303196,6.940951218431766
H023,2026-01-24,6,579.03,96.5,Saturday,0,546.2028571428572,-6.725409968104645,6.010064287993462
H023,2026-01-25,6,551.78,91.96,Sunday,0,549.3085714285714,-4.706146486365126,0.4499162583611534
H023,2026-01-26,6,536.34,89.39,Monday,0,548.7028571428572,-2.798216680561083,-2.2531060266811065
H023,2026-01-27,6,604.4,100.73,Tuesday,0,555.2614285714286,12.689711750009302,8.849628103107147
H023,2026-01-28,6,483.24,80.54,Wednesday,0,569.4328571428571,-20.046326935804103,-15.13661462658333
H023,2026-01-29,6,553.91,92.32,Thursday,0,557.4457142857143,14.624203294429261,-0.6342706016216914
H023,2026-01-30,6,526.9,87.82,Friday,0,561.3542857142858,-4.876243433048688,-6.137707788307881
H023,2026-01-31,6,497.07,82.85,Saturday,0,547.9428571428571,-5.661415828430439,-9.284336218583782
H023,2026-02-01,6,602.08,100.35,Sunday,0,536.2342857142856,21.125797171424555,12.279280911328758
H023,2026-02-02,6,517.92,86.32,Monday,0,543.42,-13.978208875896902,-4.692503036325495
H023,2026-02-03,6,446.75,74.46,Tuesday,0,540.7885714285715,-13.741504479456278,-17.38915657558275
H023,2026-02-04,6,466.1,77.68,Wednesday,0,518.2671428571429,4.331281477336324,-10.06568592590142
H023,2026-02-05,6,1028.16,171.36,Thursday,1,515.8185714285715,120.5878566831152,99.3258980870904
H023,2026-02-06,6,472.31,78.72,Friday,0,583.5685714285714,-54.062597261126676,-19.065209621589336
H023,2026-02-07,6,551.32,91.89,Saturday,0,575.77,16.728419893713877,-4.24648731264219
H023,2026-02-08,6,531.17,88.53,Sunday,0,583.5200000000001,-3.654864688384263,-8.971414861530047
H023,2026-02-09,6,470.12,78.35,Monday,0,573.3900000000001,-11.493495491085703,-18.010429201764953
H023,2026-02-10,6,480.75,80.12,Tuesday,0,566.5614285714286,2.261124819195093,-15.146006107016513
H023,2026-02-11,6,524.68,87.45,Wednesday,0,571.4185714285715,9.137805512220476,-8.179393139379952
H023,2026-02-12,6,558.48,93.08,Thursday,0,579.7871428571428,6.442021803766118,-3.674994024900758
H023,2026-02-13,6,569.63,94.94,Friday,0,512.6899999999999,1.996490474144097,11.106126509196603
H023,2026-02-14,6,514.12,85.69,Saturday,0,526.5928571428572,-9.744922142443336,-2.3685959605550524
H023,2026-02-15,6,508.19,84.7,Sunday,0,521.2785714285714,-1.153427215436087,-2.5108592882883984
H023,2026-02-16,6,471.28,78.55,Monday,0,517.9957142857143,-7.26303154332042,-9.018552277045867
H023,2026-02-17,6,573.37,95.56,Tuesday,0,518.1614285714286,21.66228144627398,10.654704959568582
H023,2026-02-18,6,491.07,81.84,Wednesday,0,531.3928571428571,-14.353733191481943,-7.588144364540623
H023,2026-02-19,6,601.76,100.29,Thursday,0,526.5914285714287,22.54057466348993,14.274552784213276
H023,2026-02-20,6,542.81,90.47,Friday,0,532.7742857142857,-9.796264291411871,1.8836709193386516
H023,2026-02-21,6,496.74,82.79,Saturday,0,528.9428571428572,-8.487316003758206,-6.088154269972456
H023,2026-02-22,6,588.77,98.13,Sunday,0,526.46,18.526794701453465,11.835657029973776
H023,2026-02-23,6,515.36,85.89,Monday,0,537.9714285714286,-12.468366255074137,-4.203090976684912
H023,2026-02-24,6,520.14,86.69,Tuesday,0,544.2685714285714,0.9275069854082441,-4.433210494818725
H023,2026-02-25,6,549.73,91.62,Wednesday,0,536.6642857142857,5.688853001115102,2.4346159477193816
H023,2026-02-26,6,523.75,87.29,Thursday,0,545.0442857142856,-4.725956378585849,-3.9068909210522653
H023,2026-02-27,6,464.66,77.44,Friday,0,533.9,-11.282100238663483,-12.968720734219882
H023,2026-02-28,6,506.2,84.37,Saturday,0,522.7357142857143,8.939870012482242,-3.163302952871567
H023,2026-03-01,6,624.51,104.08,Sunday,0,524.0871428571428,23.372184907151315,19.1614807788236
H023,2026-03-02,6,550.61,91.77,Monday,0,529.1928571428572,-11.833277289394884,4.047133775156231
H023,2026-03-03,6,530.2,88.37,Tuesday,0,534.2285714285715,-3.7067979150396724,-0.7540913466681
H023,2026-03-04,6,549.34,91.56,Wednesday,0,535.6657142857142,3.6099585062240536,2.5527647840071026
H023,2026-03-05,6,490.64,81.77,Thursday,0,535.61,-10.685549932646454,-8.396034428035328
H023,2026-03-06,6,511.94,85.32,Friday,0,530.88,4.341268547203647,-3.5676612417118747
H023,2026-03-07,6,530.59,88.43,Saturday,0,537.6342857142857,3.643005039653091,-1.3102374423399854
H023,2026-03-08,6,569.92,94.99,Sunday,0,541.1185714285714,7.412503062628373,5.322572554734506
H023,2026-03-09,6,965.58,160.93,Monday,1,533.3199999999999,69.42377877596857,81.05077626940677
H023,2026-03-10,6,528.35,88.06,Tuesday,0,592.6014285714285,-45.28159241077901,-10.842266905484523
H023,2026-03-11,6,541.37,90.23,Wednesday,0,592.3371428571428,2.4642755749029854,-8.60441447438234
H023,2026-03-12,6,516.52,86.09,Thursday,0,591.1985714285713,-4.59020632838909,-12.631723931287276
H023,2026-03-13,6,535.41,89.23,Friday,0,594.8957142857143,3.6571671958491425,-9.999351627055898
H023,2026-03-14,6,533.07,88.84,Saturday,0,598.2485714285714,-0.43704824340223825,-10.89489796405697
H023,2026-03-15,6,586.05,97.67,Sunday,0,598.602857142857,9.938657211998404,-2.097025931812639
H023,2026-03-16,6,520.44,86.74,Monday,0,600.907142857143,-11.195290504223177,-13.390944643217997
H023,2026-03-17,6,492.43,82.07,Tuesday,0,537.3157142857143,-5.381984474675283,-8.353694688677317
H023,2026-03-18,6,877.12,146.19,Wednesday,1,532.1842857142857,78.1207481266373,64.8150882213197
H023,2026-03-19,6,570.77,95.13,Thursday,0,580.1485714285715,-34.92680591025174,-1.6165809743317088
H023,2026-03-20,6,562.48,93.75,Friday,0,587.8985714285715,-1.452423918566137,-4.32363211341121
H023,2026-03-21,6,587.72,97.95,Saturday,0,591.7657142857144,4.48727065851231,-0.6836682470862087
H023,2026-03-22,6,561.4,93.57,Sunday,0,599.5728571428572,-4.478323010957608,-6.366675323623255
H023,2026-03-23,6,485.44,80.91,Monday,0,596.0514285714286,-13.530459565372277,-18.5573632188977
H023,2026-03-24,6,508.86,84.81,Tuesday,0,591.0514285714287,4.824489123269604,-13.905969023725289
H023,2026-03-25,6,528.87,88.15,Wednesday,0,593.3985714285715,3.9323193019691116,-10.874406265121737
H023,2026-03-26,6,501.8,83.63,Thursday,0,543.6485714285715,-5.118460113071266,-7.697724895809799
H023,2026-03-27,6,533.73,88.95,Friday,0,533.7957142857143,6.363092865683551,-0.012310755586009362
H023,2026-03-28,6,608.67,101.44,Saturday,0,529.6885714285714,14.040807149682411,14.910918005728425
H023,2026-03-29,6,622.22,103.7,Sunday,0,532.6814285714285,2.226165245535361,16.80902817819284
H023,2026-03-30,6,529.5,88.25,Monday,0,541.37,-14.901481791006399,-2.192585477584647
H023,2026-03-31,6,480.6,80.1,Tuesday,0,547.6642857142857,-9.235127478753535,-12.245510153509054
H023,2026-04-01,6,535.64,89.27,Wednesday,0,543.6271428571429,11.452351227632128,-1.4692318001571507
H023,2026-04-02,6,512.73,85.46,Thursday,0,544.5942857142857,-4.2771264281980415,-5.8510135985897636
H023,2026-04-03,6,493.07,82.18,Friday,0,546.1557142857142,-3.83437676749947,-9.719886270006715
H023,2026-04-04,6,509.9,84.98,Saturday,0,540.3471428571428,3.4133084551889237,-5.6347374571373345
H023,2026-04-05,6,531.72,88.62,Sunday,0,526.2371428571429,4.279270445185346,1.041898546554242
H023,2026-04-06,6,489.34,81.56,Monday,0,513.3085714285714,-7.970360340028593,-4.669427467744277
H023,2026-04-07,6,516.15,86.03,Tuesday,0,507.57142857142856,5.478808190624096,1.6901210244863483
H023,2026-04-08,6,540.96,90.16,Wednesday,0,512.65,4.806742226097072,5.522286160148261
H023,2026-04-09,6,541.29,90.22,Thursday,0,513.41,0.06100266193431736,5.430357803704641
H023,2026-04-10,6,546.34,91.06,Friday,0,517.49,0.9329564558739456,5.57498695626969
H024,2026-01-01,5,407.1,81.42,Thursday,0,,,
H024,2026-01-02,5,397.58,79.52,Friday,0,,-2.3384917710636333,
H024,2026-01-03,5,509.01,101.8,Saturday,0,,28.02706373560038,
H024,2026-01-04,5,525.95,105.19,Sunday,0,,3.3280289188817536,
H024,2026-01-05,5,466.65,93.33,Monday,0,,-11.274836011027677,
H024,2026-01-06,5,377.45,75.49,Tuesday,0,,-19.114968391728272,
H024,2026-01-07,5,469.69,93.94,Wednesday,0,,24.437673864087973,
H024,2026-01-08,5,445.58,89.12,Thursday,0,450.49000000000007,-5.133172943856589,-1.08992430464607
H024,2026-01-09,5,461.39,92.28,Friday,0,455.9871428571429,3.5481843888863995,1.1848705007346607
H024,2026-01-10,5,499.94,99.99,Saturday,0,465.1028571428572,8.355187585339952,7.490201860110806
H024,2026-01-11,5,411.72,82.34,Sunday,0,463.8071428571429,-17.64611753410409,-11.230345124974972
H024,2026-01-12,5,459.21,91.84,Monday,0,447.4885714285714,11.534538035558128,2.619380542839087
H024,2026-01-13,5,463.61,92.72,Tuesday,0,446.42571428571426,0.958167287297762,3.849304635549675
H024,2026-01-14,5,391.27,78.25,Wednesday,0,458.7342857142857,-15.603632363408904,-14.706615096196368
H024,2026-01-15,5,404.87,80.97,Thursday,0,447.53142857142853,3.475860658880059,-9.5326106386782
H024,2026-01-16,5,413.93,82.79,Friday,0,441.7157142857142,2.237755328871005,-6.290406564014979
H024,2026-01-17,5,455.43,91.09,Saturday,0,434.9357142857143,10.025849781364006,4.712026407843519
H024,2026-01-18,5,410.82,82.16,Sunday,0,428.57714285714286,-9.795138660167312,-4.143278089625474
H024,2026-01-19,5,442.38,88.48,Monday,0,428.4485714285715,7.682196582444867,3.2515987916535933
H024,2026-01-20,5,397.86,79.57,Tuesday,0,426.0442857142857,-10.063746100637461,-6.61534179880696
H024,2026-01-21,5,435.28,87.06,Wednesday,0,416.65142857142854,9.405318453727428,4.47102065446965
H024,2026-01-22,5,476.56,95.31,Thursday,0,422.9385714285714,9.483550817864362,12.678301813502143
H024,2026-01-23,5,393.6,78.72,Friday,0,433.18,-17.4080913211348,-9.137079274204716
H024,2026-01-24,5,473.92,94.78,Saturday,0,430.2757142857143,20.406504065040654,10.143330024270156
H024,2026-01-25,5,469.49,93.9,Sunday,0,432.9171428571429,-0.9347569209993245,8.44800390704918
H024,2026-01-26,5,480.25,96.05,Monday,0,441.29857142857145,2.2918486016741513,8.826547624057564
H024,2026-01-27,5,428.59,85.72,Tuesday,0,446.7085714285714,-10.756897449245194,-4.056016066722955
H024,2026-01-28,5,478.17,95.63,Wednesday,0,451.09857142857146,11.568165379500229,6.001222412586412
H024,2026-01-29,5,454.43,90.89,Thursday,0,457.2257142857143,-4.964761486500624,-0.6114516743840142
H024,2026-01-30,5,427.3,85.46,Friday,0,454.0642857142857,-5.970116409568027,-5.894382482027395
H024,2026-01-31,5,484.52,96.9,Saturday,0,458.87857142857143,13.391060145097121,5.587846146661888
H024,2026-02-01,5,501.49,100.3,Sunday,0,460.39285714285717,3.5024353999834945,8.926537894655182
H024,2026-02-02,5,440.8,88.16,Monday,0,464.9642857142857,-12.101936230034493,-5.197019740379445
H024,2026-02-03,5,437.19,87.44,Tuesday,0,459.3285714285715,-0.8189655172413879,-4.819767984324957
H024,2026-02-04,5,464.1,92.82,Wednesday,0,460.5571428571429,6.155218554861741,0.7692546294860265
H024,2026-02-05,5,403.32,80.66,Thursday,0,458.54714285714283,-13.096315449256634,-12.043940021745696
H024,2026-02-06,5,475.1,95.02,Friday,0,451.2457142857143,17.797282554795203,5.286318508763042
H024,2026-02-07,5,500.24,100.05,Saturday,0,458.07428571428574,5.2915175752473065,9.204994823048036
H024,2026-02-08,5,1061.34,212.27,Sunday,1,460.32,112.16616024308328,130.56569343065695
H024,2026-02-09,5,489.51,97.9,Monday,0,540.2985714285714,-53.8781163434903,-9.400093599041805
H024,2026-02-10,5,442.35,88.47,Tuesday,0,547.2571428571429,-9.6341239198382,-19.16962514357314
H024,2026-02-11,5,380.95,76.19,Wednesday,0,547.9942857142858,-13.880411438905849,-30.482851750278943
H024,2026-02-12,5,374.53,74.91,Thursday,0,536.1157142857143,-1.6852605328783299,-30.14008169878038
H024,2026-02-13,5,448.32,89.66,Friday,0,532.0028571428571,19.702026539930053,-15.729775887347541
H024,2026-02-14,5,445.97,89.19,Saturday,0,528.1771428571428,-0.5241791577444643,-15.564312838766202
H024,2026-02-15,5,489.58,97.92,Sunday,0,520.4242857142857,9.77868466488776,-5.926757563197063
H024,2026-02-16,5,393.73,78.75,Monday,0,438.7442857142857,-19.578005637485184,-10.259799883433557
H024,2026-02-17,5,460.99,92.2,Tuesday,0,425.06142857142856,17.0827724582836,8.452559798079609
H024,2026-02-18,5,388.29,77.66,Wednesday,0,427.72428571428566,-15.770407167183665,-9.219557324979025
H024,2026-02-19,5,423.57,84.71,Thursday,0,428.7728571428571,9.08599242833963,-1.213429688046611
H024,2026-02-20,5,492.42,98.48,Friday,0,435.7785714285714,16.254692258658544,12.997754429674318
H024,2026-02-21,5,447.6,89.52,Saturday,0,442.0785714285715,-9.101986109418792,1.2489699633226092
H024,2026-02-22,5,457.66,91.53,Sunday,0,442.31142857142856,2.2475424486148254,3.470082488744202
H024,2026-02-23,5,477.92,95.58,Monday,0,437.7514285714286,4.4268671065856635,9.176114298395037
H024,2026-02-24,5,465.41,93.08,Tuesday,0,449.7785714285714,-2.6175929025778366,3.4753608918674366
H024,2026-02-25,5,471.31,94.26,Wednesday,0,450.41,1.2676994477987202,4.640216691458888
H024,2026-02-26,5,398.88,79.78,Thursday,0,462.27,-15.367804629649273,-13.712765267051722
H024,2026-02-27,5,478.49,95.7,Friday,0,458.7428571428572,19.95838347372645,4.304621325361227
H024,2026-02-28,5,435.95,87.19,Saturday,0,456.7528571428571,-8.890467930364277,-4.554510566827323
H024,2026-03-01,5,481.94,96.39,Sunday,0,455.08857142857147,10.549374928317468,5.900264312755435
H024,2026-03-02,5,451.19,90.24,Monday,0,458.5571428571428,-6.380462298211398,-1.606592105673067
H024,2026-03-03,5,409.69,81.94,Tuesday,0,454.7385714285714,-9.197898889603051,-9.90647687682404
H024,2026-03-04,5,391.91,78.38,Wednesday,0,446.7785714285714,-4.339866728502029,-12.280931749508376
H024,2026-03-05,5,470.01,94.0,Thursday,0,435.4357142857143,19.928044704141247,7.94015846196748
H024,2026-03-06,5,445.88,89.18,Friday,0,445.59714285714284,-5.133933320567651,0.06347822184035788
H024,2026-03-07,5,518.38,103.68,Saturday,0,440.93857142857144,16.259980263748087,17.562861039924574
H024,2026-03-08,5,435.02,87.0,Sunday,0,452.7142857142857,-16.08086731741194,-3.9084884821710375
H024,2026-03-09,5,732.59,146.52,Monday,1,446.01142857142855,68.40375155165282,64.25363859990777
H024,2026-03-10,5,416.59,83.32,Tuesday,0,486.2114285714286,-43.13463192235767,-14.31916744038456
H024,2026-03-11,5,497.15,99.43,Wednesday,0,487.19714285714286,19.337958184305904,2.0428808519871624
H024,2026-03-12,5,408.54,81.71,Thursday,0,502.2314285714286,-17.823594488584927,-18.655030976044053
H024,2026-03-13,5,427.49,85.5,Friday,0,493.45,4.638468693395992,-13.367109129597726
H024,2026-03-14,5,471.22,94.24,Saturday,0,490.8228571428571,10.229479052141578,-3.9938761729573558
H024,2026-03-15,5,481.28,96.26,Sunday,0,484.08571428571435,2.134883918339625,-0.5795903913120642
H024,2026-03-16,5,422.11,84.42,Monday,0,490.6942857142857,-12.294298537234038,-13.976988872908933
H024,2026-03-17,5,453.24,90.65,Tuesday,0,446.34000000000003,7.374854895643312,1.5459067078908404
H024,2026-03-18,5,342.71,68.54,Wednesday,0,451.57571428571424,-24.386638425558203,-24.107964808938856
H024,2026-03-19,5,437.98,87.6,Thursday,0,429.5128571428571,27.799013743398216,1.9713362979322198
H024,2026-03-20,5,428.35,85.67,Friday,0,433.7185714285714,-2.1987305356408915,-1.2378006804939248
H024,2026-03-21,5,446.37,89.27,Saturday,0,433.8414285714286,4.206840200770401,2.887822739710687
H024,2026-03-22,5,458.44,91.69,Sunday,0,430.2914285714286,2.7040347693617406,6.541745793548555
H024,2026-03-23,5,426.09,85.22,Monday,0,427.02857142857147,-7.056539568973042,-0.21979124849459547
H024,2026-03-24,5,371.98,74.4,Tuesday,0,427.59714285714284,-12.699195005749953,-13.006902358027242
H024,2026-03-25,5,399.56,79.91,Wednesday,0,415.9885714285714,7.414377117049309,-3.94928432099782
H024,2026-03-26,5,473.13,94.63,Thursday,0,424.11000000000007,18.412754029432364,11.558322133408765
H024,2026-03-27,5,365.19,73.04,Friday,0,429.13142857142856,-22.814025743453172,-14.900197075820925
H024,2026-03-28,5,447.41,89.48,Saturday,0,420.1085714285714,22.514307620690598,6.498660210285791
H024,2026-03-29,5,547.81,109.56,Sunday,0,420.25714285714287,22.440267316331752,30.35114555714187
H024,2026-03-30,5,419.77,83.95,Monday,0,433.0242857142857,-23.373067304357342,-3.0608642867275737
H024,2026-03-31,5,942.43,188.49,Tuesday,1,432.1214285714286,124.51104176096433,118.09378977469953
H024,2026-04-01,5,474.82,94.96,Wednesday,0,513.6142857142858,-49.61747822119415,-7.55319444830752
H024,2026-04-02,5,391.59,78.32,Thursday,0,524.3657142857143,-17.52874773598416,-25.321204393879952
H024,2026-04-03,5,477.07,95.41,Friday,0,512.7171428571429,21.82895375264946,-6.952594301508499
H024,2026-04-04,5,465.68,93.14,Saturday,0,528.7,-2.387490305405915,-11.919803291091362
H024,2026-04-05,5,453.65,90.73,Sunday,0,531.31,-2.5833190173509823,-14.616702113643631
H024,2026-04-06,5,981.02,196.2,Monday,1,517.8585714285714,116.25041331422904,89.43782224049038
H024,2026-04-07,5,418.86,83.77,Tuesday,0,598.0371428571427,-57.303622759984506,-29.96087199552821
H024,2026-04-08,5,461.16,92.23,Wednesday,0,523.2414285714285,10.09883970777825,-11.864776980852856
H024,2026-04-09,5,454.89,90.98,Thursday,0,521.2900000000001,-1.3596148842050515,-12.737631644574051
H024,2026-04-10,5,437.21,87.44,Friday,0,530.3328571428572,-3.8866539163314173,-17.559322581774794
H025,2026-01-01,4,387.72,96.93,Thursday,0,,,
H025,2026-01-02,4,388.77,97.19,Friday,0,,0.2708139894769257,
H025,2026-01-03,4,500.89,125.22,Saturday,0,,28.83967384314634,
H025,2026-01-04,4,395.66,98.91,Sunday,0,,-21.00860468366307,
H025,2026-01-05,4,331.51,82.88,Monday,0,,-16.213415558813125,
H025,2026-01-06,4,347.81,86.95,Tuesday,0,,4.916895417936118,
H025,2026-01-07,4,346.01,86.5,Wednesday,0,,-0.5175239354820227,
H025,2026-01-08,4,379.3,94.83,Thursday,0,385.4814285714286,9.621109216496638,-1.6035606681070416
H025,2026-01-09,4,355.59,88.9,Friday,0,384.2785714285714,-6.250988663327195,-7.46556627446607
H025,2026-01-10,4,399.57,99.89,Saturday,0,379.5385714285715,12.368176832869327,5.277837373954061
H025,2026-01-11,4,891.35,222.84,Sunday,1,365.0642857142857,123.0773081062142,144.16247627619404
H025,2026-01-12,4,393.37,98.34,Monday,0,435.8771428571429,-55.86806529421664,-9.75209266044824
H025,2026-01-13,4,382.94,95.74,Tuesday,0,444.7142857142857,-2.651447746396529,-13.890780597494382
H025,2026-01-14,4,314.28,78.57,Wednesday,0,449.73285714285714,-17.929701780957863,-30.118514800850033
H025,2026-01-15,4,351.58,87.9,Thursday,0,445.2,11.86839760722922,-21.028751123090746
H025,2026-01-16,4,365.39,91.35,Friday,0,441.23999999999995,3.927982251550155,-17.190191279122466
H025,2026-01-17,4,423.98,106.0,Saturday,0,442.64000000000004,16.034921590629203,-4.215615398517988
H025,2026-01-18,4,410.33,102.58,Sunday,0,446.1271428571429,-3.2194914854474344,-8.023977789803693
H025,2026-01-19,4,362.47,90.62,Monday,0,377.40999999999997,-11.663782808958633,-3.958559656606858
H025,2026-01-20,4,341.18,85.29,Tuesday,0,372.99571428571426,-5.873589538444568,-8.52978012003201
H025,2026-01-21,4,353.08,88.27,Wednesday,0,367.03000000000003,3.4878949528108327,-3.800779227856046
H025,2026-01-22,4,361.16,90.29,Thursday,0,372.5728571428572,2.288433216268282,-3.0632551255555014
H025,2026-01-23,4,359.62,89.9,Friday,0,373.9414285714286,-0.42640380994574123,-3.8298587632135006
H025,2026-01-24,4,334.61,83.65,Saturday,0,373.1171428571428,-6.954563149991655,-10.32038961337304
H025,2026-01-25,4,391.54,97.89,Sunday,0,360.35,17.013837004273636,8.65547384487304
H025,2026-01-26,4,353.5,88.37,Monday,0,357.6657142857143,-9.715482453899993,-1.1646948866858884
H025,2026-01-27,4,374.7,93.67,Tuesday,0,356.38428571428574,5.997171145685987,5.139315906986429
H025,2026-01-28,4,329.49,82.37,Wednesday,0,361.17285714285714,-12.065652522017611,-8.77221433346122
H025,2026-01-29,4,313.65,78.41,Thursday,0,357.80285714285714,-4.80742966402623,-12.339995687968639
H025,2026-01-30,4,350.57,87.64,Friday,0,351.0157142857143,11.771082416706523,-0.12697844215359175
H025,2026-01-31,4,424.0,106.0,Saturday,0,349.72285714285715,20.945888125053493,21.238858524709357
H025,2026-02-01,4,409.0,102.25,Sunday,0,362.49285714285713,-3.5377358490566,12.829809454373489
H025,2026-02-02,4,353.91,88.48,Monday,0,364.9871428571428,-13.469437652811733,-3.0349405654210764
H025,2026-02-03,4,368.02,92.01,Tuesday,0,365.0457142857143,3.9868893221440382,0.8147707527824144
H025,2026-02-04,4,365.74,91.44,Wednesday,0,364.09142857142854,-0.6195315471985152,0.45279050787872377
H025,2026-02-05,4,376.18,94.04,Thursday,0,369.27,2.854486793897304,1.8712595120101891
H025,2026-02-06,4,334.16,83.54,Friday,0,378.20285714285717,-11.170184486150248,-11.645299952406493
H025,2026-02-07,4,403.79,100.95,Saturday,0,375.85857142857145,20.837323437874076,7.431366661472209
H025,2026-02-08,4,417.12,104.28,Sunday,0,372.9714285714286,3.3012209316723995,11.836984832235325
H025,2026-02-09,4,350.66,87.66,Monday,0,374.13142857142856,-15.93306482546989,-6.273578421639445
H025,2026-02-10,4,282.61,70.65,Tuesday,0,373.6671428571429,-19.406262476472936,-24.368517435303385
H025,2026-02-11,4,342.69,85.67,Wednesday,0,361.46571428571434,21.258978804713212,-5.194327855635404
H025,2026-02-12,4,345.49,86.37,Thursday,0,358.17285714285714,0.8170649858472601,-3.540987791210146
H025,2026-02-13,4,331.2,82.8,Friday,0,353.7885714285714,-4.136154447306728,-6.384765719638843
H025,2026-02-14,4,380.22,95.05,Saturday,0,353.36571428571426,14.800724637681162,7.599573084946408
H025,2026-02-15,4,313.5,78.37,Sunday,0,349.99857142857144,-17.547735521540165,-10.428205829411551
H025,2026-02-16,4,576.97,144.24,Monday,1,335.19571428571425,84.0414673046252,72.12928907205601
H025,2026-02-17,4,323.64,80.91,Tuesday,0,367.52571428571434,-43.90696223373832,-11.940855450347515
H025,2026-02-18,4,361.48,90.37,Wednesday,0,373.38714285714286,11.69200346063528,-3.188953632958511
H025,2026-02-19,4,352.45,88.11,Thursday,0,376.07142857142856,-2.49806351665377,-6.281101614434947
H025,2026-02-20,4,369.36,92.34,Friday,0,377.0657142857143,4.797843665768209,-2.0435998272373914
H025,2026-02-21,4,388.34,97.09,Saturday,0,382.51714285714286,5.138618150314045,1.5222473689321048
H025,2026-02-22,4,346.46,86.61,Sunday,0,383.6771428571429,-10.784364216923315,-9.700119892469127
H025,2026-02-23,4,343.77,85.94,Monday,0,388.3857142857143,-0.776424406857934,-11.487475631735764
H025,2026-02-24,4,360.38,90.09,Tuesday,0,355.07142857142856,4.8317188818105095,1.495071414202377
H025,2026-02-25,4,343.07,85.77,Wednesday,0,360.32,-4.803263222154397,-4.787411190053286
H025,2026-02-26,4,378.65,94.66,Thursday,0,357.69,10.371061299443252,5.859822751544628
H025,2026-02-27,4,352.56,88.14,Friday,0,361.4328571428572,-6.890268057572946,-2.454911601838725
H025,2026-02-28,4,370.11,92.53,Saturday,0,359.03285714285715,4.97787610619469,3.0852727366775032
H025,2026-03-01,4,405.08,101.27,Sunday,0,356.42857142857144,9.44854232525465,13.649699398797585
H025,2026-03-02,4,414.81,103.7,Monday,0,364.80285714285714,2.4019946677199533,13.707991008842352
H025,2026-03-03,4,341.32,85.33,Tuesday,0,374.95142857142855,-17.716544924182152,-8.969542721723954
H025,2026-03-04,4,358.5,89.62,Wednesday,0,372.22857142857146,5.033399742177425,-3.6882100092109376
H025,2026-03-05,4,830.07,207.52,Thursday,1,374.43285714285713,131.5397489539749,121.68727561302236
H025,2026-03-06,4,346.17,86.54,Friday,0,438.9214285714285,-58.296288264845145,-21.13167016550309
H025,2026-03-07,4,336.17,84.04,Saturday,0,438.00857142857143,-2.8887540803651413,-23.25036039738296
H025,2026-03-08,4,368.32,92.08,Sunday,0,433.15999999999997,9.563613647856739,-14.969064548896476
H025,2026-03-09,4,337.66,84.42,Monday,0,427.90857142857146,-8.324283231972185,-21.090620159179533
H025,2026-03-10,4,330.41,82.6,Tuesday,0,416.88714285714286,-2.1471302493632605,-20.7435379907546
H025,2026-03-11,4,749.88,187.47,Wednesday,1,415.3285714285715,126.95439000030264,80.55102672582807
H025,2026-03-12,4,334.54,83.64,Thursday,0,471.24000000000007,-55.387528671254074,-29.00857312622019
H025,2026-03-13,4,353.11,88.28,Friday,0,400.45,5.550905721288935,-11.8217005868398
H025,2026-03-14,4,341.62,85.4,Saturday,0,401.4414285714286,-3.2539435303446496,-14.901657954015715
H025,2026-03-15,4,403.81,100.95,Sunday,0,402.21999999999997,18.204437679292784,0.3953060514146566
H025,2026-03-16,4,340.05,85.01,Monday,0,407.28999999999996,-15.789604021693371,-16.50912126494634
H025,2026-03-17,4,390.96,97.74,Tuesday,0,407.63142857142856,14.971327745919716,-4.089829047248567
H025,2026-03-18,4,316.89,79.22,Wednesday,0,416.2814285714286,-18.94567219152854,-23.87601794115932
H025,2026-03-19,4,324.62,81.16,Thursday,0,354.42571428571426,2.4393322604058243,-8.40958008528887
H025,2026-03-20,4,381.09,95.27,Friday,0,353.00857142857143,17.395724231409027,7.954885757529151
H025,2026-03-21,4,432.0,108.0,Saturday,0,357.0057142857143,13.359049043533023,21.006466483129515
H025,2026-03-22,4,398.45,99.61,Sunday,0,369.9171428571429,-7.766203703703711,7.713310316595981
H025,2026-03-23,4,302.27,75.57,Monday,0,369.15142857142854,-24.138536830217095,-18.117613368110646
H025,2026-03-24,4,364.35,91.09,Tuesday,0,363.7542857142857,20.53792966553083,0.16376832084454016
H025,2026-03-25,4,350.29,87.57,Wednesday,0,359.95285714285717,-3.8589268560450085,-2.684478522981186
H025,2026-03-26,4,328.71,82.18,Thursday,0,364.7242857142857,-6.1606097804676185,-9.874386522892053
H025,2026-03-27,4,362.51,90.63,Friday,0,365.3085714285714,10.282619938547665,-0.7660842497145173
H025,2026-03-28,4,403.37,100.84,Saturday,0,362.6542857142857,11.27141320239442,11.22714273333911
H025,2026-03-29,4,395.78,98.94,Sunday,0,358.5642857142857,-1.8816471229888276,10.379091216956514
H025,2026-03-30,4,360.85,90.21,Monday,0,358.1828571428572,-8.825610187477883,0.7446316326856132
H025,2026-03-31,4,357.29,89.32,Tuesday,0,366.5514285714286,-0.9865595122627191,-2.526638242148826
H025,2026-04-01,4,391.32,97.83,Wednesday,0,365.54285714285714,9.524475915922626,7.051743004533373
H025,2026-04-02,4,332.39,83.1,Thursday,0,371.4042857142857,-15.059286517428195,-10.50453298869542
H025,2026-04-03,4,441.81,110.45,Friday,0,371.92999999999995,32.91916122627035,18.788481703546385
H025,2026-04-04,4,406.55,101.64,Saturday,0,383.25857142857143,-7.980806228921933,6.077210089421169
H025,2026-04-05,4,419.63,104.91,Sunday,0,383.71285714285716,3.217316443241902,9.360422041779747
H025,2026-04-06,4,383.48,95.87,Monday,0,387.12,-8.614732025832271,-0.9402769167183267
H025,2026-04-07,4,314.31,78.58,Tuesday,0,390.3528571428572,-18.03744654219256,-19.48054324475659
H025,2026-04-08,4,401.11,100.28,Wednesday,0,384.21285714285716,27.616047850847902,4.397859817288778
H025,2026-04-09,4,350.78,87.7,Thursday,0,385.6114285714285,-12.547680187479749,-9.032779111466755
H025,2026-04-10,4,363.71,90.93,Friday,0,388.23857142857145,3.6860710416785514,-6.317912034941705
H026,2026-01-01,2,208.86,104.43,Thursday,0,,,
H026,2026-01-02,2,246.63,123.32,Friday,0,,18.083883941396152,
H026,2026-01-03,2,265.06,132.53,Saturday,0,,7.472732433199525,
H026,2026-01-04,2,230.84,115.42,Sunday,0,,-12.910284463894971,
H026,2026-01-05,2,232.63,116.31,Monday,0,,0.7754288684803212,
H026,2026-01-06,2,208.1,104.05,Tuesday,0,,-10.544641705712932,
H026,2026-01-07,2,206.52,103.26,Wednesday,0,,-0.7592503604036405,
H026,2026-01-08,2,230.45,115.23,Thursday,0,228.37714285714287,11.587255471625024,0.9076464995245846
H026,2026-01-09,2,204.52,102.26,Friday,0,231.46142857142857,-11.251898459535681,-11.639705473914193
H026,2026-01-10,2,229.67,114.83,Saturday,0,225.44571428571427,12.297085859573631,1.8737485108863707
H026,2026-01-11,2,247.52,123.76,Sunday,0,220.39000000000001,7.772020725388606,12.30999591633014
H026,2026-01-12,2,226.05,113.03,Monday,0,222.77285714285713,-8.674046541693603,1.4710691864230792
H026,2026-01-13,2,238.71,119.36,Tuesday,0,221.83285714285714,5.600530856005315,7.60804466683411
H026,2026-01-14,2,199.25,99.63,Wednesday,0,226.2057142857143,-16.53051820200243,-11.916460364775428
H026,2026-01-15,2,217.76,108.88,Thursday,0,225.16714285714284,9.289836888331227,-3.289619774516703
H026,2026-01-16,2,197.59,98.8,Friday,0,223.3542857142857,-9.262490815576774,-11.535165144421414
H026,2026-01-17,2,527.48,263.74,Saturday,1,222.36428571428573,166.9568297990789,137.21435225338087
H026,2026-01-18,2,202.15,101.08,Sunday,0,264.90857142857146,-61.676272086145445,-23.690653379063402
H026,2026-01-19,2,190.1,95.05,Monday,0,258.4271428571429,-5.960920108830081,-26.439615476039123
H026,2026-01-20,2,222.12,111.06,Tuesday,0,253.29142857142855,16.84376643871648,-12.306546947615388
H026,2026-01-21,2,249.01,124.5,Wednesday,0,250.9214285714286,12.106068791644153,-0.7617637849070743
H026,2026-01-22,2,237.01,118.51,Thursday,0,258.03000000000003,-4.819083570940929,-8.146339572917892
H026,2026-01-23,2,181.3,90.65,Friday,0,260.78000000000003,-23.50533732753891,-30.477797377099474
H026,2026-01-24,2,258.07,129.04,Saturday,0,258.45285714285717,42.34418091560948,-0.1481342272976135
H026,2026-01-25,2,202.57,101.29,Sunday,0,219.96571428571428,-21.50579300189871,-7.908375331220451
H026,2026-01-26,2,525.19,262.6,Monday,1,220.02571428571426,159.26346448141388,138.69482787726116
H026,2026-01-27,2,191.34,95.67,Tuesday,0,267.8957142857143,-63.56747082008416,-28.57668495736614
H026,2026-01-28,2,224.16,112.08,Wednesday,0,263.49857142857144,17.152712449043594,-14.92933005871542
H026,2026-01-29,2,177.17,88.59,Thursday,0,259.9485714285714,-20.962705210563893,-31.844210942823857
H026,2026-01-30,2,209.91,104.95,Friday,0,251.40000000000003,18.47942653948187,-16.503579952267316
H026,2026-01-31,2,251.9,125.95,Saturday,0,255.48714285714283,20.003811157162588,-1.4040404605207846
H026,2026-02-01,2,216.42,108.21,Sunday,0,254.6057142857143,-14.084954346963086,-14.99798007002425
H026,2026-02-02,2,230.38,115.19,Monday,0,256.5842857142857,6.450420478698837,-10.212739896107664
H026,2026-02-03,2,236.12,118.06,Tuesday,0,214.46857142857144,2.4915357235871127,10.09538527123521
H026,2026-02-04,2,228.67,114.33,Wednesday,0,220.8657142857143,-3.155175334575644,3.533498053115654
H026,2026-02-05,2,232.21,116.1,Thursday,0,221.51,1.5480823894695517,4.8304816938287285
H026,2026-02-06,2,226.25,113.13,Friday,0,229.37285714285713,-2.5666422634684105,-1.3614763236402303
H026,2026-02-07,2,240.29,120.15,Saturday,0,231.70714285714286,6.205524861878442,3.7041832362279945
H026,2026-02-08,2,223.2,111.6,Sunday,0,230.04857142857142,-7.11223937741895,-2.977011065986067
H026,2026-02-09,2,197.39,98.69,Monday,0,231.0171428571429,-11.56362007168459,-14.55612446819038
H026,2026-02-10,2,208.9,104.45,Tuesday,0,226.3042857142857,5.831095800192521,-7.690656701154568
H026,2026-02-11,2,217.85,108.92,Wednesday,0,222.41571428571427,4.284346577309717,-2.0527840401821527
H026,2026-02-12,2,238.35,119.18,Thursday,0,220.86999999999998,9.410144594904747,7.914157649295975
H026,2026-02-13,2,213.0,106.5,Friday,0,221.74714285714285,-10.635619886721203,-3.944647378288008
H026,2026-02-14,2,241.47,120.74,Saturday,0,219.8542857142857,13.366197183098594,9.831836671041861
H026,2026-02-15,2,231.44,115.72,Sunday,0,220.02285714285716,-4.153725100426553,5.189071265323072
H026,2026-02-16,2,209.56,104.78,Monday,0,221.2,-9.453854130660211,-5.262206148282092
H026,2026-02-17,2,236.32,118.16,Tuesday,0,222.93857142857146,12.769612521473551,6.00229403359027
H026,2026-02-18,2,224.59,112.3,Wednesday,0,226.8557142857143,-4.963608666215302,-0.9987468434939811
H026,2026-02-19,2,193.36,96.68,Thursday,0,227.81857142857143,-13.90533861703548,-15.125444432599872
H026,2026-02-20,2,216.48,108.24,Friday,0,221.39142857142858,11.956971452213484,-2.2184366409849465
H026,2026-02-21,2,266.66,133.33,Saturday,0,221.88857142857142,23.17997043606801,20.17743783881229
H026,2026-02-22,2,244.47,122.23,Sunday,0,225.48714285714283,-8.321458036450924,8.418598463010257
H026,2026-02-23,2,196.0,98.0,Monday,0,227.34857142857143,-19.826563586534128,-13.78876991906701
H026,2026-02-24,2,222.45,111.23,Tuesday,0,225.41142857142856,13.49489795918366,-1.3137881207696398
H026,2026-02-25,2,189.89,94.94,Wednesday,0,223.43,-14.636997077995062,-15.011412970505312
H026,2026-02-26,2,203.02,101.51,Thursday,0,218.47285714285718,6.9145294644267885,-7.073124480975092
H026,2026-02-27,2,232.11,116.06,Friday,0,219.85285714285715,14.328637572652948,5.575157410475843
H026,2026-02-28,2,236.32,118.16,Saturday,0,222.08571428571426,1.8137951833182564,6.409365753248434
H026,2026-03-01,2,232.51,116.25,Sunday,0,217.7514285714286,-1.6122207176709535,6.777715087977103
H026,2026-03-02,2,213.93,106.97,Monday,0,216.04285714285717,-7.991054148208676,-0.9779805594128256
H026,2026-03-03,2,224.95,112.47,Tuesday,0,218.6042857142857,5.151217688028775,2.9028316004783568
H026,2026-03-04,2,201.28,100.64,Wednesday,0,218.96142857142857,-10.522338297399415,-8.075133911386871
H026,2026-03-05,2,385.99,192.99,Thursday,1,220.5885714285714,91.76768680445151,74.98186669429839
H026,2026-03-06,2,186.61,93.3,Friday,0,246.72714285714284,-51.654187932329855,-24.365840807369608
H026,2026-03-07,2,209.48,104.74,Saturday,0,240.22714285714287,12.255506135791205,-12.79919599902474
H026,2026-03-08,2,234.88,117.44,Sunday,0,236.3928571428571,12.125262554897853,-0.6399758271642125
H026,2026-03-09,2,187.38,93.69,Monday,0,236.73142857142855,-20.22309264305178,-20.84701168291976
H026,2026-03-10,2,211.8,105.9,Tuesday,0,232.9385714285714,13.032340698046752,-9.074740734835045
H026,2026-03-11,2,240.41,120.21,Wednesday,0,231.06,13.508026440037767,4.046567990998007
H026,2026-03-12,2,210.53,105.26,Thursday,0,236.65,-12.428767522149665,-11.037396999788719
H026,2026-03-13,2,236.07,118.03,Friday,0,211.5842857142857,12.13128770246521,11.57255804846431
H026,2026-03-14,2,234.16,117.08,Saturday,0,218.65000000000003,-0.8090820519337516,7.093528470157769
H026,2026-03-15,2,208.01,104.01,Sunday,0,222.1757142857143,-11.167577724632727,-6.375905814574057
H026,2026-03-16,2,207.99,104.0,Monday,0,218.33714285714285,-0.009614922359491018,-4.73906671203119
H026,2026-03-17,2,228.48,114.24,Tuesday,0,221.28142857142856,9.851435165152168,3.253129498957371
H026,2026-03-18,2,199.8,99.9,Wednesday,0,223.66428571428568,-12.55252100840335,-10.669689905151197
H026,2026-03-19,2,216.75,108.37,Thursday,0,217.86285714285714,8.483483483483468,-0.5108062739337961
H026,2026-03-20,2,219.74,109.87,Friday,0,218.75142857142856,1.3794694348327585,0.45191541606259744
H026,2026-03-21,2,230.88,115.44,Saturday,0,216.4185714285714,5.069627741876759,6.682156931343377
H026,2026-03-22,2,220.71,110.35,Sunday,0,215.95000000000002,-4.404885654885648,2.204213938411665
H026,2026-03-23,2,241.17,120.58,Monday,0,217.76428571428573,9.270082914231326,10.748187752156642
H026,2026-03-24,2,231.65,115.83,Tuesday,0,222.50428571428571,-3.9474229796409133,4.110354214686076
H026,2026-03-25,2,200.71,100.36,Wednesday,0,222.95714285714286,-13.356356572415285,-9.978214903568908
H026,2026-03-26,2,471.97,235.99,Thursday,1,223.08714285714288,135.15021673060636,111.56306632257733
H026,2026-03-27,2,193.46,96.73,Friday,0,259.5471428571429,-59.01010657457042,-25.462481354887363
H026,2026-03-28,2,244.66,122.33,Saturday,0,255.79285714285717,26.465419208105033,-4.352293987880832
H026,2026-03-29,2,248.56,124.28,Sunday,0,257.76142857142855,1.5940488841657885,-3.569746110744701
H026,2026-03-30,2,210.1,105.05,Monday,0,261.74,-15.473125201158677,-19.729502559792163
H026,2026-03-31,2,220.72,110.36,Tuesday,0,257.3014285714286,5.054735840076163,-14.21734374913248
H026,2026-04-01,2,223.66,111.83,Wednesday,0,255.74,1.3320043494019496,-12.54398998983343
H026,2026-04-02,2,199.59,99.8,Thursday,0,259.0185714285714,-10.761870696593046,-22.94374920717212
H026,2026-04-03,2,225.99,113.0,Friday,0,220.10714285714286,13.227115586953264,2.672724322570179
H026,2026-04-04,2,230.32,115.16,Saturday,0,224.75428571428571,1.9160139829195844,2.4763551306823928
H026,2026-04-05,2,223.41,111.71,Sunday,0,222.70571428571427,-3.000173671413686,0.31624052240625816
H026,2026-04-06,2,242.38,121.19,Monday,0,219.11285714285714,8.491114990376447,10.618793967883478
H026,2026-04-07,2,225.98,112.99,Tuesday,0,223.7242857142857,-6.76623483785791,1.0082563359236776
H026,2026-04-08,2,193.37,96.68,Wednesday,0,224.47571428571428,-14.43048057350207,-13.857051033201168
H026,2026-04-09,2,222.11,111.05,Thursday,0,220.14857142857142,14.86269845374153,0.8909567564761584
H026,2026-04-10,2,228.27,114.13,Friday,0,223.3657142857143,2.773400567286477,2.195630484279467
H027,2026-01-01,3,306.11,102.04,Thursday,0,,,
H027,2026-01-02,3,292.27,97.42,Friday,0,,-4.521250530854937,
H027,2026-01-03,3,289.93,96.64,Saturday,0,,-0.8006295548636411,
H027,2026-01-04,3,341.21,113.74,Sunday,0,,17.687027903287,
H027,2026-01-05,3,274.35,91.45,Monday,0,,-19.5949708390727,
H027,2026-01-06,3,323.07,107.69,Tuesday,0,,17.75833788955712,
H027,2026-01-07,3,357.71,119.24,Wednesday,0,,10.722134521930226,
H027,2026-01-08,3,309.15,103.05,Thursday,0,312.09285714285716,-13.575242514886366,-0.9429428054837273
H027,2026-01-09,3,305.7,101.9,Friday,0,312.5271428571428,-1.1159631246967505,-2.184495975206708
H027,2026-01-10,3,336.47,112.16,Saturday,0,314.44571428571425,10.065423617926083,7.004161517772793
H027,2026-01-11,3,300.03,100.01,Sunday,0,321.0942857142857,-10.830088863791731,-6.560155895464625
H027,2026-01-12,3,287.57,95.86,Monday,0,315.2114285714286,-4.152918041529174,-8.76917080598964
H027,2026-01-13,3,293.77,97.92,Tuesday,0,317.09999999999997,2.1559968007789365,-7.357300536108478
H027,2026-01-14,3,306.0,102.0,Wednesday,0,312.91428571428565,4.163120808795995,-2.2096420745069207
H027,2026-01-15,3,340.33,113.44,Thursday,0,305.5271428571428,11.218954248366009,11.391085197013144
H027,2026-01-16,3,351.48,117.16,Friday,0,309.9814285714286,3.2762318925748657,13.387437957112642
H027,2026-01-17,3,332.32,110.77,Saturday,0,316.5214285714286,-5.451234778650282,4.991311804662277
H027,2026-01-18,3,775.75,258.58,Sunday,1,315.92857142857144,133.43464130958114,145.54600949581732
H027,2026-01-19,3,263.59,87.86,Monday,0,383.8885714285714,-66.0212697389623,-31.33684625747055
H027,2026-01-20,3,341.53,113.84,Tuesday,0,380.4628571428571,29.56864827952501,-10.233024436400772
H027,2026-01-21,3,331.02,110.34,Wednesday,0,387.2857142857143,-3.0773284923725552,-14.528218369605314
H027,2026-01-22,3,366.64,122.21,Thursday,0,390.86,10.760679113044525,-6.196592130174493
H027,2026-01-23,3,273.07,91.02,Friday,0,394.61857142857144,-25.520946977962033,-30.801533488033655
H027,2026-01-24,3,367.25,122.42,Saturday,0,383.4171428571428,34.48932508148095,-4.21659363915465
H027,2026-01-25,3,355.82,118.61,Sunday,0,388.40714285714284,-3.1123213070115785,-8.389944277911615
H027,2026-01-26,3,343.3,114.43,Monday,0,328.4171428571429,-3.5186330166938284,4.531693142867078
H027,2026-01-27,3,326.55,108.85,Tuesday,0,339.80428571428575,-4.879114477133706,-3.9005646107213057
H027,2026-01-28,3,306.26,102.09,Wednesday,0,337.6642857142857,-6.213443576787636,-9.30044634357879
H027,2026-01-29,3,323.07,107.69,Thursday,0,334.1271428571428,5.48880036570234,-3.309262085861232
H027,2026-01-30,3,288.4,96.13,Friday,0,327.90285714285716,-10.731420435199812,-12.047121969921417
H027,2026-01-31,3,305.28,101.76,Saturday,0,330.0928571428571,5.852981969486826,-7.516932464890827
H027,2026-02-01,3,284.17,94.72,Sunday,0,321.23999999999995,-6.91496331236896,-11.539658822064482
H027,2026-02-02,3,336.5,112.17,Monday,0,311.0042857142857,18.415033254741875,8.197865899872772
H027,2026-02-03,3,289.98,96.66,Tuesday,0,310.03285714285715,-13.824665676077263,-6.467978048409613
H027,2026-02-04,3,315.78,105.26,Wednesday,0,304.8085714285714,8.897165321746314,3.599448834397239
H027,2026-02-05,3,300.69,100.23,Thursday,0,306.1685714285714,-4.778643359300771,-1.789397064175655
H027,2026-02-06,3,315.29,105.1,Friday,0,302.97142857142853,4.855499018923148,4.0659185213127325
H027,2026-02-07,3,739.74,246.58,Saturday,1,306.8128571428571,134.62209394525675,141.10462869408528
H027,2026-02-08,3,342.14,114.05,Sunday,0,368.87857142857143,-53.74861437802472,-7.248610653912442
H027,2026-02-09,3,308.36,102.79,Monday,0,377.15999999999997,-9.873151341556085,-18.24159507901155
H027,2026-02-10,3,284.46,94.82,Tuesday,0,373.14,-7.750681022181871,-23.765878758642874
H027,2026-02-11,3,337.37,112.46,Wednesday,0,372.3514285714286,18.60015467904099,-9.39473462090345
H027,2026-02-12,3,322.72,107.57,Thursday,0,375.4357142857143,-4.342413374040365,-14.04120926161983
H027,2026-02-13,3,325.08,108.36,Friday,0,378.5828571428572,0.7312840852751412,-14.132403550081529
H027,2026-02-14,3,362.73,120.91,Saturday,0,379.98142857142864,11.581764488741243,-4.540071507254126
H027,2026-02-15,3,328.78,109.59,Sunday,0,326.1228571428572,-9.35957875003447,0.8147674408417296
H027,2026-02-16,3,275.5,91.83,Monday,0,324.2142857142857,-16.205365289859476,-15.025335977087467
H027,2026-02-17,3,300.74,100.25,Tuesday,0,319.52,9.161524500907436,-5.877566349524279
H027,2026-02-18,3,340.06,113.35,Wednesday,0,321.8457142857143,13.074416439449354,5.659322124176627
H027,2026-02-19,3,313.05,104.35,Thursday,0,322.23,-7.942715991295646,-2.848896750768087
H027,2026-02-20,3,274.14,91.38,Friday,0,320.84857142857146,-12.429324389075235,-14.55782434081054
H027,2026-02-21,3,295.01,98.34,Saturday,0,313.57142857142856,7.612898519004885,-5.919362186788153
H027,2026-02-22,3,340.04,113.35,Sunday,0,303.8971428571429,15.263889359682725,11.89312173291714
H027,2026-02-23,3,300.48,100.16,Monday,0,305.5057142857143,-11.633925420538759,-1.6450475558091038
H027,2026-02-24,3,270.91,90.3,Tuesday,0,309.07428571428574,-9.840921192758245,-12.347932998077207
H027,2026-02-25,3,621.8,207.27,Wednesday,1,304.8128571428571,129.522719722417,103.99401974982308
H027,2026-02-26,3,340.83,113.61,Thursday,0,345.06142857142856,-45.18655516243165,-1.226282690866639
H027,2026-02-27,3,308.49,102.83,Friday,0,349.03000000000003,-9.48860135551447,-11.615047417127473
H027,2026-02-28,3,377.84,125.95,Saturday,0,353.9371428571429,22.480469383124245,6.753418686126661
H027,2026-03-01,3,346.86,115.62,Sunday,0,365.77000000000004,-8.199237772602153,-5.169915520682403
H027,2026-03-02,3,322.54,107.51,Monday,0,366.7442857142857,-7.011474370062842,-12.05316277203656
H027,2026-03-03,3,315.77,105.26,Tuesday,0,369.8957142857143,-2.098964469523168,-14.632695701877369
H027,2026-03-04,3,301.5,100.5,Wednesday,0,376.30428571428564,-4.5191120119074,-19.87866961767261
H027,2026-03-05,3,354.3,118.1,Thursday,0,330.54714285714283,17.51243781094527,7.185921178306111
H027,2026-03-06,3,284.93,94.98,Friday,0,332.4714285714286,-19.57945244143381,-14.299402741374125
H027,2026-03-07,3,341.16,113.72,Saturday,0,329.10571428571427,19.73467167374443,3.6627397188919013
H027,2026-03-08,3,334.87,111.62,Sunday,0,323.86571428571426,-1.8437096963301758,3.397792735966415
H027,2026-03-09,3,314.95,104.98,Monday,0,322.1528571428571,-5.948577059754534,-2.235850771816387
H027,2026-03-10,3,303.07,101.02,Tuesday,0,321.06857142857143,-3.772027305921577,-5.605834089736063
H027,2026-03-11,3,268.34,89.45,Wednesday,0,319.2542857142857,-11.459398818754751,-15.947878538379618
H027,2026-03-12,3,307.45,102.48,Thursday,0,314.51714285714286,14.574793172840428,-2.2469817679708615
H027,2026-03-13,3,280.17,93.39,Friday,0,307.82428571428574,-8.872987477638627,-8.983789453166697
H027,2026-03-14,3,280.71,93.57,Saturday,0,307.1442857142857,0.19274012206873525,-8.606471597806516
H027,2026-03-15,3,355.67,118.56,Sunday,0,298.50857142857143,26.703715578354892,19.149007446543777
H027,2026-03-16,3,321.16,107.05,Monday,0,301.48,-9.70281440661287,6.52779620538676
H027,2026-03-17,3,259.72,86.57,Tuesday,0,302.3671428571428,-19.130651388715904,-14.10442366659263
H027,2026-03-18,3,273.77,91.26,Wednesday,0,296.17428571428576,5.4096719544124205,-7.5645614068936435
H027,2026-03-19,3,355.72,118.57,Thursday,0,296.95,29.93388610877745,19.791210641522156
H027,2026-03-20,3,281.48,93.83,Friday,0,303.8457142857143,-20.870347464297765,-7.3608786414157485
H027,2026-03-21,3,355.49,118.5,Saturday,0,304.03285714285715,26.293164700866846,16.92486244437866
H027,2026-03-22,3,329.88,109.96,Sunday,0,314.71571428571434,-7.204140763453271,4.818407542407868
H027,2026-03-23,3,321.02,107.01,Monday,0,311.0314285714286,-2.6858251485388673,3.2114347654348077
H027,2026-03-24,3,310.58,103.53,Tuesday,0,311.01142857142855,-3.252133823437786,-0.13871791574034864
H027,2026-03-25,3,296.2,98.73,Wednesday,0,318.27714285714285,-4.630047008822203,-6.936452507697695
H027,2026-03-26,3,281.41,93.8,Thursday,0,321.4814285714286,-4.993247805536782,-12.464616929660451
H027,2026-03-27,3,313.8,104.6,Friday,0,310.86571428571426,11.509896592160906,0.94390779666003
H027,2026-03-28,3,625.63,208.54,Saturday,1,315.48285714285714,99.37221159974506,98.30871498564558
H027,2026-03-29,3,356.15,118.72,Sunday,0,354.07428571428574,-43.073382030912846,0.586236947855966
H027,2026-03-30,3,305.11,101.7,Monday,0,357.82714285714286,-14.331040292011787,-14.732572391298268
H027,2026-03-31,3,259.57,86.52,Tuesday,0,355.55428571428575,-14.92576447838485,-26.99567677027419
H027,2026-04-01,3,274.72,91.57,Wednesday,0,348.26714285714286,5.836575875486405,-21.11802516130884
H027,2026-04-02,3,338.75,112.92,Thursday,0,345.1985714285715,23.30736750145601,-1.8680759314514783
H027,2026-04-03,3,287.81,95.94,Friday,0,353.39,-15.037638376383766,-18.557401171510225
H027,2026-04-04,3,313.81,104.6,Saturday,0,349.6771428571429,9.033737535179466,-10.25721686126795
H027,2026-04-05,3,313.96,104.65,Sunday,0,305.13142857142856,0.047799623976274574,2.893366792763772
H027,2026-04-06,3,305.98,101.99,Monday,0,299.1042857142857,-2.5417250605172526,2.2987682270397887
H027,2026-04-07,3,285.31,95.1,Tuesday,0,299.2285714285714,-6.755343486502385,-4.651484770361873
H027,2026-04-08,3,289.01,96.34,Wednesday,0,302.9057142857143,1.296835021555487,-4.587471820557083
H027,2026-04-09,3,288.02,96.01,Thursday,0,304.94714285714286,-0.34254870073699983,-5.550844877098147
H027,2026-04-10,3,320.06,106.69,Friday,0,297.7,11.124227484202498,7.510917030567691
H028,2026-01-01,1,114.59,114.59,Thursday,0,,,
H028,2026-01-02,1,108.12,108.12,Friday,0,,-5.646216947377603,
H028,2026-01-03,1,117.87,117.87,Saturday,0,,9.017758046614865,
H028,2026-01-04,1,122.34,122.34,Sunday,0,,3.7923135657928153,
H028,2026-01-05,1,110.07,110.07,Monday,0,,-10.029426189308488,
H028,2026-01-06,1,102.53,102.53,Tuesday,0,,-6.85018624511674,
H028,2026-01-07,1,101.84,101.84,Wednesday,0,,-0.6729737637764521,
H028,2026-01-08,1,116.1,116.1,Thursday,0,111.05142857142857,14.002356637863311,4.546156221055875
H028,2026-01-09,1,113.26,113.26,Friday,0,111.26714285714286,-2.4461670973298766,1.7910562738326075
H028,2026-01-10,1,123.93,123.93,Saturday,0,112.00142857142858,9.420801695214553,10.650374357469932
H028,2026-01-11,1,122.38,122.38,Sunday,0,112.86714285714285,-1.250706043734373,8.428367106712065
H028,2026-01-12,1,117.55,117.55,Monday,0,112.87285714285714,-3.9467233208040464,4.143726822847449
H028,2026-01-13,1,210.78,210.78,Tuesday,1,113.94142857142857,79.31093151850277,84.98978171742374
H028,2026-01-14,1,121.5,121.5,Wednesday,0,129.40571428571428,-42.356959863364644,-6.109246666077892
H028,2026-01-15,1,111.37,111.37,Thursday,0,132.21428571428572,-8.33744855967078,-15.765532144786604
H028,2026-01-16,1,114.9,114.9,Friday,0,131.53857142857143,3.1696147975217803,-12.649195781791322
H028,2026-01-17,1,120.14,120.14,Saturday,0,131.77285714285713,4.560487380330724,-8.827961535542757
H028,2026-01-18,1,112.69,112.69,Sunday,0,131.23142857142858,-6.201098718162146,-14.128801898499932
H028,2026-01-19,1,134.26,134.26,Monday,0,129.84714285714287,19.14100630047031,3.398501534771637
H028,2026-01-20,1,106.09,106.09,Tuesday,0,132.2342857142857,-20.98167734246983,-19.77118534203361
H028,2026-01-21,1,109.99,109.99,Wednesday,0,117.27857142857144,3.6761240456216315,-6.214751202874731
H028,2026-01-22,1,105.46,105.46,Thursday,0,115.63428571428572,-4.118556232384762,-8.798675627594399
H028,2026-01-23,1,105.1,105.1,Friday,0,114.78999999999999,-0.34136165370756144,-8.44150187298545
H028,2026-01-24,1,133.15,133.15,Saturday,0,113.39,26.688867745004764,17.426580827233444
H028,2026-01-25,1,112.19,112.19,Sunday,0,115.24857142857142,-15.741644761547136,-2.6538909685896304
H028,2026-01-26,1,102.74,102.74,Monday,0,115.17714285714285,-8.423210624832878,-10.798273466957733
H028,2026-01-27,1,94.42,94.42,Tuesday,0,110.67428571428572,-8.098111738368697,-14.686596447748865
H028,2026-01-28,1,114.9,114.9,Wednesday,0,109.00714285714285,21.690319847489945,5.405936701395724
H028,2026-01-29,1,133.86,133.86,Thursday,0,109.70857142857142,16.501305483028727,22.014167404552346
H028,2026-01-30,1,106.16,106.16,Friday,0,113.76571428571428,-20.69326161661439,-6.685418654879702
H028,2026-01-31,1,100.78,100.78,Saturday,0,113.91714285714286,-5.067822155237378,-11.53219131699732
H028,2026-02-01,1,112.78,112.78,Sunday,0,109.29285714285716,11.907124429450278,3.1906411345663543
H028,2026-02-02,1,106.9,106.9,Monday,0,109.37714285714286,-5.213690370633084,-2.264771955488214
H028,2026-02-03,1,103.84,103.84,Tuesday,0,109.97142857142856,-2.8624883068288143,-5.575474149129632
H028,2026-02-04,1,107.81,107.81,Wednesday,0,111.31714285714285,3.823189522342063,-3.1505864839198137
H028,2026-02-05,1,116.0,116.0,Thursday,0,110.30428571428573,7.596697894443927,5.163638247445367
H028,2026-02-06,1,107.38,107.38,Friday,0,107.75285714285714,-7.4310344827586245,-0.346029936229732
H028,2026-02-07,1,114.33,114.33,Saturday,0,107.92714285714285,6.472341218103939,5.932573561529605
H028,2026-02-08,1,118.76,118.76,Sunday,0,109.86285714285714,3.874748534942718,8.09840840528452
H028,2026-02-09,1,112.84,112.84,Monday,0,110.71714285714286,-4.984843381609972,1.9173698743258236
H028,2026-02-10,1,93.73,93.73,Tuesday,0,111.5657142857143,-16.935483870967737,-15.986734275763165
H028,2026-02-11,1,105.48,105.48,Wednesday,0,110.12142857142858,12.53600768163874,-4.214827787507302
H028,2026-02-12,1,116.01,116.01,Thursday,0,109.78857142857143,9.982935153583616,5.666736064123254
H028,2026-02-13,1,112.02,112.02,Friday,0,109.78999999999999,-3.439358675976212,2.0311503779943565
H028,2026-02-14,1,122.7,122.7,Saturday,0,110.45285714285716,9.534011783610087,11.088117749007322
H028,2026-02-15,1,126.49,126.49,Sunday,0,111.64857142857144,3.0888345558272245,13.292985643729027
H028,2026-02-16,1,113.27,113.27,Monday,0,112.75285714285714,-10.451419084512615,0.45865166546302344
H028,2026-02-17,1,117.48,117.48,Tuesday,0,112.81428571428572,3.716782908095717,4.135747752311005
H028,2026-02-18,1,115.93,115.93,Wednesday,0,116.20714285714287,-1.319373510384747,-0.23849038047821505
H028,2026-02-19,1,105.52,105.52,Thursday,0,117.7,-8.979556629000262,-10.348343245539512
H028,2026-02-20,1,97.61,97.61,Friday,0,116.20142857142856,-7.496209249431384,-15.999311540305621
H028,2026-02-21,1,123.68,123.68,Saturday,0,114.14285714285714,26.70832906464502,8.355444305381738
H028,2026-02-22,1,132.69,132.69,Sunday,0,114.28285714285714,7.2849288486416475,16.10665266631666
H028,2026-02-23,1,101.44,101.44,Monday,0,115.16857142857143,-23.55113422262416,-11.920414795703191
H028,2026-02-24,1,113.39,113.39,Tuesday,0,113.47857142857141,11.780362776025232,-0.07805123686031232
H028,2026-02-25,1,108.74,108.74,Wednesday,0,112.89428571428572,-4.100890731105045,-3.67980158428872
H028,2026-02-26,1,92.87,92.87,Thursday,0,111.86714285714285,-14.594445466249761,-16.98187901464747
H028,2026-02-27,1,112.65,112.65,Friday,0,110.06000000000002,21.298589426079474,2.353261857168807
H028,2026-02-28,1,98.4,98.4,Saturday,0,112.20857142857143,-12.649800266311583,-12.306164540524021
H028,2026-03-01,1,127.2,127.2,Sunday,0,108.59714285714286,29.268292682926834,17.130153384724675
H028,2026-03-02,1,98.73,98.73,Monday,0,107.81285714285715,-22.382075471698116,-8.424651181279737
H028,2026-03-03,1,106.49,106.49,Tuesday,0,107.42571428571429,7.859819710321059,-0.8710338040905452
H028,2026-03-04,1,109.74,109.74,Wednesday,0,106.43999999999998,3.0519297586627747,3.10033821871478
H028,2026-03-05,1,124.95,124.95,Thursday,0,106.58285714285714,13.860032804811384,17.232736435770974
H028,2026-03-06,1,105.06,105.06,Friday,0,111.1657142857143,-15.918367346938778,-5.492443713375153
H028,2026-03-07,1,115.44,115.44,Saturday,0,110.08142857142856,9.880068532267261,4.867825116472231
H028,2026-03-08,1,116.38,116.38,Sunday,0,112.51571428571428,0.8142758142758222,3.4344409034928454
H028,2026-03-09,1,96.44,96.44,Monday,0,110.97,-17.133528097611272,-13.093628908714066
H028,2026-03-10,1,107.87,107.87,Tuesday,0,110.64285714285712,11.851928660306932,-2.5061329890251574
H028,2026-03-11,1,94.85,94.85,Wednesday,0,110.84,-12.070084360804678,-14.426199927823898
H028,2026-03-12,1,100.13,100.13,Thursday,0,108.71285714285715,5.566684238270958,-7.894978909052688
H028,2026-03-13,1,116.71,116.71,Friday,0,105.16714285714285,16.55847398382104,10.975725715527666
H028,2026-03-14,1,114.53,114.53,Saturday,0,106.83142857142857,-1.86787764544597,7.2062795859966275
H028,2026-03-15,1,111.17,111.17,Sunday,0,106.70142857142856,-2.933729153933462,4.187920900777879
H028,2026-03-16,1,112.0,112.0,Monday,0,105.95714285714284,0.7466042997211542,5.7031144667655544
H028,2026-03-17,1,117.97,117.97,Tuesday,0,108.17999999999999,5.330357142857145,9.049731928267708
H028,2026-03-18,1,86.4,86.4,Wednesday,0,109.62285714285714,-26.761040942612524,-21.18432026688907
H028,2026-03-19,1,102.09,102.09,Thursday,0,108.41571428571429,18.159722222222218,-5.8346839546191225
H028,2026-03-20,1,110.76,110.76,Friday,0,108.69571428571429,8.492506611813111,1.8991417719189896
H028,2026-03-21,1,114.51,114.51,Saturday,0,107.84571428571428,3.385698808234028,6.179462724527113
H028,2026-03-22,1,123.42,123.42,Sunday,0,107.84285714285714,7.78097982708934,14.44429725791496
H028,2026-03-23,1,104.76,104.76,Monday,0,109.59285714285716,-15.119105493437047,-4.409828586326019
H028,2026-03-24,1,107.22,107.22,Tuesday,0,108.55857142857144,2.3482245131729584,-1.2330407548262412
H028,2026-03-25,1,119.42,119.42,Wednesday,0,107.02285714285715,11.378474165267672,11.583640343851776
H028,2026-03-26,1,238.55,238.55,Thursday,1,111.74000000000001,99.75715960475632,113.48666547342043
H028,2026-03-27,1,110.97,110.97,Friday,0,131.23428571428573,-53.48145042967931,-15.441304537141875
H028,2026-03-28,1,132.97,132.97,Saturday,0,131.2642857142857,19.82517797602956,1.2994503999564735
H028,2026-03-29,1,130.62,130.62,Sunday,0,133.90142857142857,-1.7673159359253954,-2.4506299943455145
H028,2026-03-30,1,108.81,108.81,Monday,0,134.93,-16.697289848415252,-19.358185725931968
H028,2026-03-31,1,107.52,107.52,Tuesday,0,135.50857142857143,-1.1855527984560355,-20.654465716454418
H028,2026-04-01,1,106.49,106.49,Wednesday,0,135.55142857142857,-0.9579613095238138,-21.439411504331517
H028,2026-04-02,1,107.13,107.13,Thursday,0,133.70428571428573,0.6009953986289895,-19.875418033399946
H028,2026-04-03,1,116.84,116.84,Friday,0,114.92999999999999,9.063754317184735,1.6618811450448194
H028,2026-04-04,1,119.68,119.68,Saturday,0,115.76857142857143,2.4306744265662372,3.378661862336189
H028,2026-04-05,1,110.41,110.41,Sunday,0,113.87,-7.7456550802139095,-3.038552735575663
H028,2026-04-06,1,128.12,128.12,Monday,0,110.98285714285714,16.04021374875464,15.441252188240146
H028,2026-04-07,1,107.81,107.81,Tuesday,0,113.74142857142856,-15.852325944427104,-5.2148356548059995
H028,2026-04-08,1,102.59,102.59,Wednesday,0,113.78285714285714,-4.841851405249975,-9.837032944957809
H028,2026-04-09,1,121.89,121.89,Thursday,0,113.22571428571428,18.81274978068037,7.652224381135038
H028,2026-04-10,1,111.83,111.83,Friday,0,115.33428571428571,-8.253343178275497,-3.0383729283820946
H029,2026-01-01,2,170.12,85.06,Thursday,0,,,
H029,2026-01-02,2,189.93,94.97,Friday,0,,11.644721373148359,
H029,2026-01-03,2,211.43,105.71,Saturday,0,,11.319959985257722,
H029,2026-01-04,2,205.58,102.79,Sunday,0,,-2.7668731968027216,
H029,2026-01-05,2,189.84,94.92,Monday,0,,-7.6563868080552595,
H029,2026-01-06,2,233.2,116.6,Tuesday,0,,22.840286557100708,
H029,2026-01-07,2,204.54,102.27,Wednesday,0,,-12.289879931389368,
H029,2026-01-08,2,178.87,89.44,Thursday,0,200.66285714285715,-12.550112447443041,-10.860433990203896
H029,2026-01-09,2,200.32,100.16,Friday,0,201.91285714285712,11.991949460502038,-0.7888834645780637
H029,2026-01-10,2,195.88,97.94,Saturday,0,203.39714285714285,-2.216453674121399,-3.6957956987736873
H029,2026-01-11,2,206.5,103.25,Sunday,0,201.1757142857143,5.421686746987953,2.646584719825593
H029,2026-01-12,2,162.63,81.32,Monday,0,201.30714285714288,-21.24455205811139,-19.213000745130053
H029,2026-01-13,2,173.69,86.85,Tuesday,0,197.42,6.800713275533421,-12.02005875797791
H029,2026-01-14,2,191.44,95.72,Wednesday,0,188.9185714285714,10.219356324486162,1.33466421663152
H029,2026-01-15,2,185.03,92.52,Thursday,0,187.04714285714286,-3.3483075637275372,-1.0784141507488565
H029,2026-01-16,2,197.32,98.66,Friday,0,187.92714285714285,6.642166135221306,4.99813757611232
H029,2026-01-17,2,192.65,96.32,Saturday,0,187.49857142857144,-2.366713967159939,2.7474495043771743
H029,2026-01-18,2,181.05,90.52,Sunday,0,187.03714285714287,-6.021282117830262,-3.2010448650382655
H029,2026-01-19,2,394.8,197.4,Monday,1,183.40142857142857,118.0613090306545,115.26549878876158
H029,2026-01-20,2,197.67,98.83,Tuesday,0,216.56857142857143,-49.93161094224925,-8.726368421746995
H029,2026-01-21,2,216.75,108.37,Wednesday,0,219.99428571428572,9.65245105478829,-1.4747136289254308
H029,2026-01-22,2,196.1,98.05,Thursday,0,223.60999999999999,-9.527104959630917,-12.302669826930813
H029,2026-01-23,2,357.97,178.98,Friday,1,225.1914285714286,82.54462009178994,58.962533463592884
H029,2026-01-24,2,186.44,93.22,Saturday,0,248.1414285714286,-47.917423247758194,-24.865428125665673
H029,2026-01-25,2,180.89,90.45,Sunday,0,247.25428571428571,-2.9768290066509384,-26.840499659113238
H029,2026-01-26,2,197.43,98.71,Monday,0,247.23142857142858,9.143678478633444,-20.143647941200264
H029,2026-01-27,2,174.09,87.05,Tuesday,0,219.03571428571428,-11.821911563592158,-20.519810859285826
H029,2026-01-28,2,196.17,98.08,Wednesday,0,215.66714285714286,12.683094950887464,-9.040386309590847
H029,2026-01-29,2,171.36,85.68,Thursday,0,212.72714285714287,-12.647193760513831,-19.446104667951563
H029,2026-01-30,2,195.81,97.91,Friday,0,209.19285714285715,14.26820728291316,-6.397377676102027
H029,2026-01-31,2,194.05,97.02,Saturday,0,186.02714285714288,-0.8988304989530627,4.312734700773308
H029,2026-02-01,2,207.26,103.63,Sunday,0,187.11428571428573,6.807523834063378,10.766529241105498
H029,2026-02-02,2,179.72,89.86,Monday,0,190.8814285714286,-13.287658014088578,-5.847309848297754
H029,2026-02-03,2,192.14,96.07,Tuesday,0,188.35142857142858,6.910750055642101,2.011437586274882
H029,2026-02-04,2,176.27,88.13,Wednesday,0,190.93,-8.25960237326948,-7.678206672602522
H029,2026-02-05,2,184.95,92.47,Thursday,0,188.08714285714288,4.924263913314797,-1.667919885159632
H029,2026-02-06,2,187.27,93.63,Friday,0,190.02857142857144,1.2543930792106028,-1.4516614043001053
H029,2026-02-07,2,195.76,97.88,Saturday,0,188.80857142857144,4.533561168366518,3.681733577470745
H029,2026-02-08,2,181.48,90.74,Sunday,0,189.05285714285716,-7.294646505925629,-4.005682462198797
H029,2026-02-09,2,175.11,87.56,Monday,0,185.37000000000003,-3.5100286532951164,-5.534876193558837
H029,2026-02-10,2,200.88,100.44,Tuesday,0,184.71142857142857,14.716463936953893,8.753422326718123
H029,2026-02-11,2,166.82,83.41,Wednesday,0,185.96,-16.955396256471523,-10.29253602925361
H029,2026-02-12,2,170.34,85.17,Thursday,0,184.60999999999999,2.1100587459537357,-7.729808786089586
H029,2026-02-13,2,218.68,109.34,Friday,0,182.52285714285713,28.378537043559948,19.809652020099254
H029,2026-02-14,2,194.95,97.47,Saturday,0,187.01,-10.851472471190792,4.245762258702742
H029,2026-02-15,2,214.36,107.18,Sunday,0,186.8942857142857,9.95639907668635,14.695855563878753
H029,2026-02-16,2,167.98,83.99,Monday,0,191.59142857142857,-21.63649934689309,-12.323843894000628
H029,2026-02-17,2,187.74,93.87,Tuesday,0,190.57285714285715,11.763305155375647,-1.48649560348123
H029,2026-02-18,2,166.52,83.26,Wednesday,0,188.69571428571427,-11.30286566528177,-11.752102780742984
H029,2026-02-19,2,228.71,114.36,Thursday,0,188.65285714285713,37.346865241412445,21.233255336710673
H029,2026-02-20,2,166.87,83.44,Friday,0,196.99142857142857,-27.038607843994576,-15.29073056115567
H029,2026-02-21,2,192.29,96.15,Saturday,0,189.59,15.233415233415215,1.4241257450287401
H029,2026-02-22,2,186.59,93.29,Sunday,0,189.21,-2.9642727130895996,-1.3847048253263594
H029,2026-02-23,2,228.35,114.17,Monday,0,185.24285714285716,22.38062061203707,23.270610010025433
H029,2026-02-24,2,184.0,92.0,Tuesday,0,193.86714285714288,-19.421940004379245,-5.089641654446724
H029,2026-02-25,2,171.07,85.54,Wednesday,0,193.33285714285716,-7.027173913043483,-11.51529929876676
H029,2026-02-26,2,157.05,78.52,Thursday,0,193.98285714285717,-8.195475536330143,-19.039237635137134
H029,2026-02-27,2,187.54,93.77,Friday,0,183.74571428571429,19.414199299586098,2.06496555799163
H029,2026-02-28,2,203.03,101.51,Saturday,0,186.6985714285714,8.259571291457824,8.74748448607
H029,2026-03-01,2,205.14,102.57,Sunday,0,188.2328571428571,1.0392552824705525,8.982035928143722
H029,2026-03-02,2,196.22,98.11,Monday,0,190.88285714285715,-4.348249975626395,2.7960304749360083
H029,2026-03-03,2,186.44,93.22,Tuesday,0,186.29285714285714,-4.984201406584443,0.07898470150684198
H029,2026-03-04,2,174.42,87.21,Wednesday,0,186.64142857142855,-6.447114353143113,-6.54807920458633
H029,2026-03-05,2,201.47,100.73,Thursday,0,187.11999999999998,15.508542598325882,7.668875587858072
H029,2026-03-06,2,191.47,95.74,Friday,0,193.46571428571428,-4.963518141658807,-1.0315596709642165
H029,2026-03-07,2,214.51,107.25,Saturday,0,194.02714285714288,12.033216691909953,10.55669678027373
H029,2026-03-08,2,179.31,89.66,Sunday,0,195.66714285714286,-16.409491399002373,-8.359677878613098
H029,2026-03-09,2,179.72,89.86,Monday,0,191.97714285714284,0.22865428587361958,-6.384688653411111
H029,2026-03-10,2,175.12,87.56,Tuesday,0,189.61999999999998,-2.5595370576452225,-7.646872692753915
H029,2026-03-11,2,202.84,101.42,Wednesday,0,188.00285714285715,15.829145728643223,7.891977325572556
H029,2026-03-12,2,196.65,98.33,Thursday,0,192.06285714285715,-3.0516663380003917,2.388355002826452
H029,2026-03-13,2,208.1,104.05,Friday,0,191.3742857142857,5.822527332824801,8.739791881279777
H029,2026-03-14,2,215.71,107.85,Saturday,0,193.75,3.6568957232099963,11.3341935483871
H029,2026-03-15,2,233.2,116.6,Sunday,0,193.92142857142858,8.108108108108091,20.254889682861236
H029,2026-03-16,2,192.32,96.16,Monday,0,201.62000000000003,-17.53001715265866,-4.612637635155262
H029,2026-03-17,2,213.93,106.97,Tuesday,0,203.42000000000002,11.23648086522464,5.166650280208431
H029,2026-03-18,2,193.04,96.52,Wednesday,0,208.96428571428572,-9.764876361426644,-7.620577679029234
H029,2026-03-19,2,186.62,93.31,Thursday,0,207.56428571428572,-3.3257355988396076,-10.09050552324581
H029,2026-03-20,2,178.46,89.23,Friday,0,206.1314285714286,-4.372521701854037,-13.424167660022734
H029,2026-03-21,2,223.81,111.9,Saturday,0,201.89714285714285,25.411856998767224,10.85347560285294
H029,2026-03-22,2,210.65,105.32,Sunday,0,203.0542857142857,-5.879987489388316,3.7407308390437577
H029,2026-03-23,2,161.13,80.57,Monday,0,199.83285714285714,-23.50818893899834,-19.3676143634323
H029,2026-03-24,2,341.76,170.88,Tuesday,1,195.37714285714284,112.10202941724074,74.92322541019567
H029,2026-03-25,2,180.15,90.08,Wednesday,0,213.63857142857145,-47.2875702247191,-15.675339525366613
H029,2026-03-26,2,227.76,113.88,Thursday,0,211.79714285714286,26.42797668609491,7.536861417259097
H029,2026-03-27,2,190.27,95.13,Friday,0,217.67428571428573,-16.46030909729539,-12.589583388024048
H029,2026-03-28,2,196.37,98.18,Saturday,0,219.36142857142858,3.20597046302622,-10.481071682090223
H029,2026-03-29,2,226.51,113.25,Sunday,0,215.4414285714286,15.348576666496916,5.137624412336121
H029,2026-03-30,2,179.65,89.83,Monday,0,217.70714285714286,-20.687828351949133,-17.480888480593194
H029,2026-03-31,2,206.32,103.16,Tuesday,0,220.35285714285715,14.845532980795983,-6.368357245197642
H029,2026-04-01,2,181.65,90.83,Wednesday,0,201.00428571428574,-11.957153935633958,-9.628792563058367
H029,2026-04-02,2,178.6,89.3,Thursday,0,201.21857142857144,-1.6790531241398399,-11.240797143120847
H029,2026-04-03,2,211.32,105.66,Friday,0,194.1957142857143,18.320268756998882,8.818055422732577
H029,2026-04-04,2,225.22,112.61,Saturday,0,197.20285714285714,6.577702063221658,14.207270251083004
H029,2026-04-05,2,197.51,98.76,Sunday,0,201.3242857142857,-12.303525441790253,-1.8945979123943615
H029,2026-04-06,2,178.97,89.49,Monday,0,197.18142857142857,-9.386866487772771,-9.235874140566699
H029,2026-04-07,2,176.06,88.03,Tuesday,0,197.08428571428573,-1.6259708331005207,-10.667662131502842
H029,2026-04-08,2,175.3,87.65,Wednesday,0,192.76142857142855,-0.43167102124275214,-9.058569808719868
H029,2026-04-09,2,181.82,90.91,Thursday,0,191.8542857142857,3.719338277239004,-5.230159793891199
H029,2026-04-10,2,312.84,156.42,Friday,1,192.3142857142857,72.06027939720603,62.67122270093598
H030,2026-01-01,4,466.26,116.57,Thursday,0,,,
H030,2026-01-02,4,388.47,97.12,Friday,0,,-16.68382447561446,
H030,2026-01-03,4,450.15,112.54,Saturday,0,,15.87767395165649,
H030,2026-01-04,4,431.67,107.92,Sunday,0,,-4.105298233922017,
H030,2026-01-05,4,435.87,108.97,Monday,0,,0.9729654597261828,
H030,2026-01-06,4,421.17,105.29,Tuesday,0,,-3.3725652143987817,
H030,2026-01-07,4,402.02,100.51,Wednesday,0,,-4.546857563454198,
H030,2026-01-08,4,398.68,99.67,Thursday,0,427.94428571428574,-0.8308044375901602,-6.838340104352707
H030,2026-01-09,4,365.51,91.38,Friday,0,418.29,-8.31995585431926,-12.618040115709203
H030,2026-01-10,4,413.16,103.29,Saturday,0,415.01000000000005,13.036579026565631,-0.44577239102672767
H030,2026-01-11,4,396.65,99.16,Sunday,0,409.7257142857143,-3.9960305934746976,-3.1913335750746175
H030,2026-01-12,4,449.71,112.43,Monday,0,404.72285714285715,13.377032648430598,11.115542911198485
H030,2026-01-13,4,380.6,95.15,Tuesday,0,406.7,-15.367681394676557,-6.417506761740832
H030,2026-01-14,4,419.72,104.93,Wednesday,0,400.9042857142857,10.278507619548073,4.693318319655926
H030,2026-01-15,4,376.46,94.12,Thursday,0,403.43285714285713,-10.30687124749834,-6.685835490416181
H030,2026-01-16,4,400.41,100.1,Friday,0,400.25857142857143,6.361897678372208,0.037832686727514456
H030,2026-01-17,4,405.53,101.38,Saturday,0,405.2442857142857,1.2786893434229674,0.07050421086399185
H030,2026-01-18,4,406.79,101.7,Sunday,0,404.1542857142857,0.31070451014723055,0.6521554710365243
H030,2026-01-19,4,402.35,100.59,Monday,0,405.6028571428571,-1.0914722584134284,-0.8019808257197213
H030,2026-01-20,4,389.09,97.27,Tuesday,0,398.8371428571428,-3.2956381260097034,-2.443890452959667
H030,2026-01-21,4,369.27,92.32,Wednesday,0,400.05,-5.093937135367133,-7.694038245219355
H030,2026-01-22,4,418.73,104.68,Thursday,0,392.84285714285716,13.39399355485147,6.5896941706971175
H030,2026-01-23,4,439.81,109.95,Friday,0,398.88142857142856,5.03427029350656,10.260836553648241
H030,2026-01-24,4,457.03,114.26,Saturday,0,404.50999999999993,3.9153270730542644,12.983609799510532
H030,2026-01-25,4,508.78,127.19,Sunday,0,411.8671428571429,11.323107892260897,23.530125872767556
H030,2026-01-26,4,399.98,99.99,Monday,0,426.4371428571429,-21.384488383977352,-6.204230400728963
H030,2026-01-27,4,425.84,106.46,Tuesday,0,426.09857142857146,6.465323266163292,-0.06068347699561134
H030,2026-01-28,4,382.9,95.73,Wednesday,0,431.34857142857146,-10.083599473980842,-11.231884057971026
H030,2026-01-29,4,448.71,112.18,Thursday,0,433.2957142857143,17.1872551580047,3.5574516908610603
H030,2026-01-30,4,422.29,105.57,Friday,0,437.5785714285715,-5.88799001582313,-3.493903135763379
H030,2026-01-31,4,459.45,114.86,Saturday,0,435.0757142857143,8.7996400577802,5.602308957718356
H030,2026-02-01,4,519.86,129.96,Sunday,0,435.4214285714285,13.14832952443139,19.39237848389903
H030,2026-02-02,4,406.71,101.68,Monday,0,437.00428571428574,-21.765475320278536,-6.93226284148898
H030,2026-02-03,4,459.95,114.99,Tuesday,0,437.96571428571434,13.090408399105025,5.019636240279719
H030,2026-02-04,4,442.19,110.55,Wednesday,0,442.8385714285714,-3.8612892705728874,-0.14645775468003197
H030,2026-02-05,4,399.88,99.97,Thursday,0,451.3085714285714,-9.568285126303177,-11.395434229352098
H030,2026-02-06,4,410.59,102.65,Friday,0,444.3328571428571,2.678303491047318,-7.594049506000969
H030,2026-02-07,4,442.44,110.61,Saturday,0,442.66142857142853,7.757129983682032,-0.0500221065438509
H030,2026-02-08,4,405.83,101.46,Sunday,0,440.2314285714286,-8.274568303046747,-7.814396324011402
H030,2026-02-09,4,381.28,95.32,Monday,0,423.9414285714285,-6.049331000665303,-10.063047792990263
H030,2026-02-10,4,378.74,94.69,Tuesday,0,420.3085714285714,-0.666177087704567,-9.890012779726447
H030,2026-02-11,4,389.28,97.32,Wednesday,0,408.70714285714286,2.782911760046458,-4.753316206155304
H030,2026-02-12,4,431.26,107.81,Thursday,0,401.1485714285714,10.784011508425827,7.5063033290124075
H030,2026-02-13,4,404.87,101.22,Friday,0,405.6314285714285,-6.119278393544492,-0.18771439237588922
H030,2026-02-14,4,466.77,116.69,Saturday,0,404.8142857142857,15.288858151999406,15.304725270847305
H030,2026-02-15,4,427.47,106.87,Sunday,0,408.28999999999996,-8.419564239346988,4.697641382350795
H030,2026-02-16,4,429.95,107.49,Monday,0,411.38142857142856,0.5801576718833967,4.513711640569927
H030,2026-02-17,4,386.63,96.66,Tuesday,0,418.33428571428567,-10.075590184905225,-7.578696462842421
H030,2026-02-18,4,415.73,103.93,Wednesday,0,419.4614285714286,7.526575795980661,-0.8895760890665942
H030,2026-02-19,4,482.61,120.65,Thursday,0,423.23999999999995,16.08736439516032,14.027502126453092
H030,2026-02-20,4,409.84,102.46,Friday,0,430.5757142857143,-15.07842771596114,-4.815811388738674
H030,2026-02-21,4,418.99,104.75,Saturday,0,431.2857142857143,2.2325785672457688,-2.8509440211990684
H030,2026-02-22,4,430.66,107.66,Sunday,0,424.46000000000004,2.7852693381703597,1.4606794515384225
H030,2026-02-23,4,409.39,102.35,Monday,0,424.9157142857143,-4.938930943203468,-3.653833869574134
H030,2026-02-24,4,363.02,90.76,Tuesday,0,421.97857142857146,-11.326607880016615,-13.971934932376401
H030,2026-02-25,4,378.81,94.7,Wednesday,0,418.6057142857143,4.3496226103244995,-9.506729824178233
H030,2026-02-26,4,405.51,101.38,Thursday,0,413.3314285714286,7.048388374118941,-1.892289826220407
H030,2026-02-27,4,404.99,101.25,Friday,0,402.3171428571428,-0.1282335824024039,0.6643657100652783
H030,2026-02-28,4,408.55,102.14,Saturday,0,401.62428571428575,0.8790340502234706,1.7244261694476304
H030,2026-03-01,4,444.57,111.14,Sunday,0,400.1328571428571,8.816546322359553,11.105597069544764
H030,2026-03-02,4,407.16,101.79,Monday,0,402.12,-8.414872798434436,1.2533572068039442
H030,2026-03-03,4,423.52,105.88,Tuesday,0,401.8014285714285,4.018076431869533,5.4052997038338155
H030,2026-03-04,4,392.64,98.16,Wednesday,0,410.4442857142857,-7.291273139403098,-4.33780815910285
H030,2026-03-05,4,429.2,107.3,Thursday,0,412.42,9.31132844335778,4.068667862858245
H030,2026-03-06,4,422.75,105.69,Friday,0,415.80428571428575,-1.5027958993476198,1.6704287387953713
H030,2026-03-07,4,473.04,118.26,Saturday,0,418.34142857142854,11.895919574216451,13.075102701484449
H030,2026-03-08,4,447.16,111.79,Sunday,0,427.55428571428575,-5.470996110265514,4.5855497046323235
H030,2026-03-09,4,418.46,104.61,Monday,0,427.92428571428576,-6.418284283030696,-2.211672959502197
H030,2026-03-10,4,445.34,111.33,Tuesday,0,429.5385714285714,6.423553027768492,3.6786984039351203
H030,2026-03-11,4,717.78,179.45,Wednesday,1,432.6557142857143,61.175730902232004,65.90096381484453
H030,2026-03-12,4,416.37,104.09,Thursday,0,479.10428571428565,-41.99197525704255,-13.094077340751928
H030,2026-03-13,4,424.05,106.01,Friday,0,477.2714285714286,1.8445132934649555,-11.151186805950495
H030,2026-03-14,4,410.85,102.71,Saturday,0,477.45714285714286,-3.11284046692607,-13.950391957393329
H030,2026-03-15,4,431.73,107.93,Sunday,0,468.5728571428572,5.082146768893758,-7.862780906155777
H030,2026-03-16,4,403.21,100.8,Monday,0,466.3685714285715,-6.605980589720439,-13.542630292411292
H030,2026-03-17,4,405.25,101.31,Tuesday,0,464.19,0.5059398328414622,-12.697386845903615
H030,2026-03-18,4,405.15,101.29,Wednesday,0,458.4628571428571,-0.02467612584824419,-11.628609888945666
H030,2026-03-19,4,456.91,114.23,Thursday,0,413.8014285714286,12.775515241268675,10.417695167799605
H030,2026-03-20,4,370.5,92.62,Friday,0,419.59285714285716,-18.91182070867349,-11.700117460803844
H030,2026-03-21,4,429.21,107.3,Saturday,0,411.9428571428572,15.846153846153843,4.191635455680386
H030,2026-03-22,4,909.34,227.34,Sunday,1,414.5657142857143,111.86365648517045,119.3476133371928
H030,2026-03-23,4,446.79,111.7,Monday,0,482.79571428571427,-50.86656256185805,-7.457753501185055
H030,2026-03-24,4,438.67,109.67,Tuesday,0,489.02142857142854,-1.8174086259764133,-10.296364459635123
H030,2026-03-25,4,412.97,103.24,Wednesday,0,493.79571428571427,-5.858618095607171,-16.36824944959887
H030,2026-03-26,4,398.25,99.56,Thursday,0,494.9128571428572,-3.5644235658764623,-19.53128833647483
H030,2026-03-27,4,444.11,111.03,Friday,0,486.53285714285715,11.515379786566227,-8.719422855011993
H030,2026-03-28,4,449.09,112.27,Saturday,0,497.04857142857145,1.1213438112179341,-9.64866900044262
H030,2026-03-29,4,394.26,98.56,Sunday,0,499.8885714285714,-12.209134026587098,-21.13042335148976
H030,2026-03-30,4,435.2,108.8,Monday,0,426.3057142857143,10.384010551412782,2.0863632403305377
H030,2026-03-31,4,485.16,121.29,Tuesday,0,424.65000000000003,11.479779411764724,14.24938184387142
H030,2026-04-01,4,412.44,103.11,Wednesday,0,431.2914285714286,-14.988869651249082,-4.370925857226141
H030,2026-04-02,4,385.29,96.32,Thursday,0,431.2157142857142,-6.5827756764620275,-10.650287724738346
H030,2026-04-03,4,371.51,92.88,Friday,0,429.3642857142857,-3.5765267720418437,-13.474405682820114
H030,2026-04-04,4,470.49,117.62,Saturday,0,418.99285714285713,26.642620656240744,12.290697079732016
H030,2026-04-05,4,474.28,118.57,Sunday,0,422.05,0.8055431571340366,12.375310982111115
H030,2026-04-06,4,424.74,106.19,Monday,0,433.4814285714286,-10.445306569958667,-2.016563570032659
H030,2026-04-07,4,403.21,100.8,Tuesday,0,431.9871428571428,-5.068983378066594,-6.6615739225043065
H030,2026-04-08,4,428.97,107.24,Wednesday,0,420.28000000000003,6.388730438233181,2.06766917293233
H030,2026-04-09,4,416.03,104.01,Thursday,0,422.6414285714286,-3.016527962328386,-1.564311523784107
H030,2026-04-10,4,384.87,96.22,Friday,0,427.03285714285715,-7.489844482369056,-9.87344566995514
H031,2026-01-01,4,478.4,119.6,Thursday,0,,,
H031,2026-01-02,4,485.08,121.27,Friday,0,,1.3963210702341078,
H031,2026-01-03,4,459.13,114.78,Saturday,0,,-5.349633050218516,
H031,2026-01-04,4,487.89,121.97,Sunday,0,,6.264021083353288,
H031,2026-01-05,4,453.08,113.27,Monday,0,,-7.134804976531594,
H031,2026-01-06,4,406.0,101.5,Tuesday,0,,-10.391100909331685,
H031,2026-01-07,4,412.94,103.23,Wednesday,0,,1.7093596059113203,
H031,2026-01-08,4,473.21,118.3,Thursday,0,454.6457142857143,14.595340727466466,4.0832422105752615
H031,2026-01-09,4,467.92,116.98,Friday,0,453.9042857142857,-1.1178969168022523,3.087812723261357
H031,2026-01-10,4,432.01,108.0,Saturday,0,451.45285714285717,-7.6743887844075935,-4.306730334127602
H031,2026-01-11,4,430.47,107.62,Sunday,0,447.57857142857137,-0.356473229786336,-3.822473308756623
H031,2026-01-12,4,399.35,99.84,Monday,0,439.3757142857143,-7.229307501103444,-9.109678342323361
H031,2026-01-13,4,446.46,111.62,Tuesday,0,431.7,11.796669588080611,3.419041000694925
H031,2026-01-14,4,460.01,115.0,Wednesday,0,437.48,3.034986336961887,5.149949711986827
H031,2026-01-15,4,431.01,107.75,Thursday,0,444.2042857142857,-6.304210778026564,-2.970319318974854
H031,2026-01-16,4,469.15,117.29,Friday,0,438.17571428571426,8.848982622212942,7.068918861643894
H031,2026-01-17,4,1034.95,258.74,Saturday,1,438.3514285714286,120.60108707236492,136.1005194788265
H031,2026-01-18,4,494.8,123.7,Sunday,0,524.4857142857143,-52.19092709792743,-5.659966225418091
H031,2026-01-19,4,838.47,209.62,Monday,1,533.6757142857143,69.4563459983832,57.11226453731935
H031,2026-01-20,4,397.52,99.38,Tuesday,0,596.407142857143,-52.58983624935895,-33.34754542079358
H031,2026-01-21,4,412.92,103.23,Wednesday,0,589.4157142857142,3.874018917287181,-29.944182010756403
H031,2026-01-22,4,482.1,120.52,Thursday,0,582.6885714285714,16.753850624818377,-17.262835820163673
H031,2026-01-23,4,441.08,110.27,Friday,0,589.9871428571429,-8.508608172578313,-25.239048792830843
H031,2026-01-24,4,420.48,105.12,Saturday,0,585.9771428571429,-4.670354584202407,-28.242934878005972
H031,2026-01-25,4,475.96,118.99,Sunday,0,498.19571428571425,13.194444444444443,-4.463248809274607
H031,2026-01-26,4,426.75,106.69,Monday,0,495.5042857142857,-10.339104126397169,-13.875618777983753
H031,2026-01-27,4,443.98,110.99,Tuesday,0,436.6871428571429,4.037492677211496,1.6700416447211313
H031,2026-01-28,4,420.86,105.21,Wednesday,0,443.32428571428574,-5.207441776656607,-5.067235528974277
H031,2026-01-29,4,982.92,245.73,Thursday,1,444.4585714285714,133.55034928479776,121.14997059022052
H031,2026-01-30,4,437.35,109.34,Friday,0,516.0042857142856,-55.5050258413706,-15.242952024207975
H031,2026-01-31,4,534.07,133.52,Saturday,0,515.4714285714286,22.11501086086658,3.608070282404451
H031,2026-02-01,4,389.46,97.37,Sunday,0,531.6985714285714,-27.07697492838018,-26.751730975391542
H031,2026-02-02,4,484.59,121.15,Monday,0,519.3414285714285,24.426128485595445,-6.691441633497368
H031,2026-02-03,4,447.14,111.78,Tuesday,0,527.6042857142858,-7.72818258734187,-15.250877957776806
H031,2026-02-04,4,404.95,101.24,Wednesday,0,528.0557142857143,-9.435523549671244,-23.313016213116047
H031,2026-02-05,4,410.28,102.57,Thursday,0,525.7828571428571,1.3162118780096321,-21.967786810416033
H031,2026-02-06,4,414.64,103.66,Friday,0,443.9771428571429,1.0626888953885194,-6.607804777594739
H031,2026-02-07,4,494.72,123.68,Saturday,0,440.7328571428571,19.313139108624355,12.24940278043391
H031,2026-02-08,4,490.6,122.65,Sunday,0,435.1114285714285,-0.832794307891338,12.752726723532252
H031,2026-02-09,4,387.83,96.96,Monday,0,449.56,-20.94781899714636,-13.731203843758347
H031,2026-02-10,4,387.96,96.99,Tuesday,0,435.7371428571428,0.0335198411675286,-10.964670705799039
H031,2026-02-11,4,452.59,113.15,Wednesday,0,427.28285714285715,16.65893391071245,5.922807909113392
H031,2026-02-12,4,387.35,96.84,Thursday,0,434.0885714285714,-14.414812523475984,-10.767058730607964
H031,2026-02-13,4,426.24,106.56,Friday,0,430.8128571428571,10.040015489867038,-1.0614486236980532
H031,2026-02-14,4,491.48,122.87,Saturday,0,432.46999999999997,15.305930930930934,13.644877101301836
H031,2026-02-15,4,430.77,107.69,Sunday,0,432.00714285714287,-12.352486367705717,-0.2863709264066466
H031,2026-02-16,4,451.57,112.89,Monday,0,423.46000000000004,4.828562806137859,6.638171255844696
H031,2026-02-17,4,470.94,117.73,Tuesday,0,432.5657142857143,4.289478929069701,8.871319304085914
H031,2026-02-18,4,455.16,113.79,Wednesday,0,444.42,-3.3507453178748814,2.4166329148103167
H031,2026-02-19,4,436.63,109.16,Thursday,0,444.78714285714284,-4.071095878372444,-1.833943041775999
H031,2026-02-20,4,408.16,102.04,Friday,0,451.82714285714286,-6.520394842314992,-9.66456830836065
H031,2026-02-21,4,419.48,104.87,Saturday,0,449.2442857142857,2.7734221873775056,-6.6254122001710725
H031,2026-02-22,4,480.76,120.19,Sunday,0,438.9585714285714,14.608562982740537,9.522864181780905
H031,2026-02-23,4,361.16,90.29,Monday,0,446.1,-24.877277643730757,-19.0405738623627
H031,2026-02-24,4,406.79,101.7,Tuesday,0,433.1842857142857,12.634289511573815,-6.093084764320026
H031,2026-02-25,4,475.9,118.98,Wednesday,0,424.02000000000004,16.989109860124387,12.23527192113578
H031,2026-02-26,4,436.83,109.21,Thursday,0,426.98285714285714,-8.20970792183232,2.3062150370707384
H031,2026-02-27,4,384.87,96.22,Friday,0,427.01142857142855,-11.894787445917176,-9.868922879280577
H031,2026-02-28,4,541.88,135.47,Saturday,0,423.68428571428575,40.795593317224,27.89712016022711
H031,2026-03-01,4,470.91,117.73,Sunday,0,441.1700000000001,-13.096995644792198,6.741165537094532
H031,2026-03-02,4,421.31,105.33,Monday,0,439.7628571428572,-10.532798199231275,-4.196092699311973
H031,2026-03-03,4,408.81,102.2,Tuesday,0,448.3557142857143,-2.966936460088776,-8.820165111247775
H031,2026-03-04,4,507.75,126.94,Wednesday,0,448.6442857142857,24.201952007044845,13.174293347258894
H031,2026-03-05,4,468.91,117.23,Thursday,0,453.19428571428574,-7.649433776464787,3.4677653229772156
H031,2026-03-06,4,462.62,115.65,Friday,0,457.7771428571429,-1.3414087991299062,1.0579071538240594
H031,2026-03-07,4,474.97,118.74,Saturday,0,468.88428571428574,2.669577623103203,1.2979138928581229
H031,2026-03-08,4,528.56,132.14,Sunday,0,459.3257142857143,11.28281786218075,15.073026299420253
H031,2026-03-09,4,443.91,110.98,Monday,0,467.56142857142856,-16.015211139700302,-5.058464434008664
H031,2026-03-10,4,377.15,94.29,Tuesday,0,470.79,-15.039084499110189,-19.88997217443022
H031,2026-03-11,4,363.21,90.8,Wednesday,0,466.26714285714286,-3.6961421185204846,-22.102595998002375
H031,2026-03-12,4,971.11,242.78,Thursday,1,445.61857142857144,167.36873984747115,117.92404138068109
H031,2026-03-13,4,365.0,91.25,Friday,0,517.3614285714286,-62.41414463860943,-29.449707720217706
H031,2026-03-14,4,507.09,126.77,Saturday,0,503.4157142857143,38.928767123287656,0.7298710807029667
H031,2026-03-15,4,502.1,125.52,Sunday,0,508.00428571428574,-0.9840462245360726,-1.162251162110557
H031,2026-03-16,4,434.38,108.6,Monday,0,504.2242857142857,-13.487353116908984,-13.851828976334229
H031,2026-03-17,4,464.9,116.23,Tuesday,0,502.86285714285714,7.026106174317404,-7.549346030158752
H031,2026-03-18,4,473.04,118.26,Wednesday,0,515.3985714285715,1.7509141750914337,-8.218604741406793
H031,2026-03-19,4,422.15,105.54,Thursday,0,531.0885714285714,-10.758075427025204,-20.512317020028945
H031,2026-03-20,4,435.26,108.82,Friday,0,452.6657142857143,3.1055312092858056,-3.845158521267664
H031,2026-03-21,4,490.68,122.67,Saturday,0,462.70285714285717,12.732619583697113,6.046459931088136
H031,2026-03-22,4,474.8,118.7,Sunday,0,460.3585714285714,-3.2363250998614146,3.1369956959016516
H031,2026-03-23,4,435.85,108.96,Monday,0,456.4585714285714,-8.203454085930916,-4.514883215813663
H031,2026-03-24,4,481.99,120.5,Tuesday,0,456.6685714285714,10.58621085235747,5.544815245817545
H031,2026-03-25,4,476.08,119.02,Wednesday,0,459.11000000000007,-1.226166517977556,3.696281936790728
H031,2026-03-26,4,450.66,112.66,Thursday,0,459.54428571428576,-5.339438749789938,-1.933281729415171
H031,2026-03-27,4,493.77,123.44,Friday,0,463.6171428571429,9.565969910797477,6.503827049412683
H031,2026-03-28,4,465.22,116.31,Saturday,0,471.9757142857143,-5.782044271624431,-1.4313690474388736
H031,2026-03-29,4,493.44,123.36,Sunday,0,468.3385714285714,6.065947293753493,5.359675692493529
H031,2026-03-30,4,392.67,98.17,Monday,0,471.00142857142856,-20.42193579766537,-16.630826112144028
H031,2026-03-31,4,410.14,102.53,Tuesday,0,464.8328571428571,4.449028446278036,-11.766134063549721
H031,2026-04-01,4,448.62,112.15,Wednesday,0,454.5685714285715,9.382162188520994,-1.3086191616540763
H031,2026-04-02,4,447.87,111.97,Thursday,0,450.6457142857143,-0.16717935000668538,-0.6159415695573338
H031,2026-04-03,4,501.8,125.45,Friday,0,450.2471428571429,12.041440596601705,11.44990211724989
H031,2026-04-04,4,457.55,114.39,Saturday,0,451.39428571428573,-8.818254284575533,1.3637111679368046
H031,2026-04-05,4,529.09,132.27,Sunday,0,450.2985714285714,15.635449677630863,17.497596832577766
H031,2026-04-06,4,400.71,100.18,Monday,0,455.3914285714286,-24.26430285962692,-12.007566489111419
H031,2026-04-07,4,482.96,120.74,Tuesday,0,456.54,20.526066232437422,5.787006614973487
H031,2026-04-08,4,476.77,119.19,Wednesday,0,466.9428571428572,-1.2816796422063903,2.1045707642415596
H031,2026-04-09,4,454.9,113.72,Thursday,0,470.9642857142857,-4.587117478029235,-3.4109350117540065
H031,2026-04-10,4,441.17,110.29,Friday,0,471.9685714285714,-3.01824576830072,-6.5255555757344545
H032,2026-01-01,6,542.51,90.42,Thursday,0,,,
H032,2026-01-02,6,533.19,88.87,Friday,0,,-1.717940683121033,
H032,2026-01-03,6,602.4,100.4,Saturday,0,,12.980363472683276,
H032,2026-01-04,6,628.13,104.69,Sunday,0,,4.2712483399734325,
H032,2026-01-05,6,605.33,100.89,Monday,0,,-3.62982185216435,
H032,2026-01-06,6,552.8,92.13,Tuesday,0,,-8.677911221978107,
H032,2026-01-07,6,650.26,108.38,Wednesday,0,,17.630246020260508,
H032,2026-01-08,6,569.55,94.92,Thursday,0,587.8028571428571,-12.41195829360564,-3.1052685302652465
H032,2026-01-09,6,561.83,93.64,Friday,0,591.6657142857142,-1.355456061803162,-5.042664052577934
H032,2026-01-10,6,662.1,110.35,Saturday,0,595.7571428571429,17.8470355801577,11.135889504352207
H032,2026-01-11,6,580.7,96.78,Sunday,0,604.2857142857143,-12.294215375320949,-3.9030732860520096
H032,2026-01-12,6,501.12,83.52,Monday,0,597.51,-13.704150163595664,-16.131947582467237
H032,2026-01-13,6,1185.64,197.61,Tuesday,1,582.6228571428571,136.59802043422732,103.50042664208164
H032,2026-01-14,6,564.81,94.14,Wednesday,0,673.0285714285714,-52.36243716473804,-16.079342842587874
H032,2026-01-15,6,595.6,99.27,Thursday,0,660.8214285714286,5.4513907331669165,-9.869750851213311
H032,2026-01-16,6,634.12,105.69,Friday,0,664.5428571428572,6.46742780389522,-4.5780128122447294
H032,2026-01-17,6,604.0,100.67,Saturday,0,674.87,-4.749889610799219,-10.501281728332865
H032,2026-01-18,6,579.26,96.54,Sunday,0,666.5699999999999,-4.0960264900662295,-13.098399267893837
H032,2026-01-19,6,544.8,90.8,Monday,0,666.3642857142858,-5.9489693747194705,-18.24291732321447
H032,2026-01-20,6,597.97,99.66,Tuesday,0,672.6042857142857,9.759544787077834,-11.096314326190509
H032,2026-01-21,6,635.93,105.99,Wednesday,0,588.6514285714285,6.348144555746926,8.031675306269058
H032,2026-01-22,6,573.44,95.57,Thursday,0,598.8114285714286,-9.826553236991476,-4.236964653790356
H032,2026-01-23,6,522.82,87.14,Friday,0,595.6457142857142,-8.827427455357139,-12.226347397302312
H032,2026-01-24,6,560.08,93.35,Saturday,0,579.7457142857144,7.126735779044413,-3.39212758302902
H032,2026-01-25,6,705.02,117.5,Sunday,0,573.4714285714286,25.878445936294803,22.938993099668664
H032,2026-01-26,6,564.0,94.0,Monday,0,591.4371428571428,-20.002269439164845,-4.639063201982573
H032,2026-01-27,6,617.69,102.95,Tuesday,0,594.1800000000001,9.519503546099294,3.9567134538355364
H032,2026-01-28,6,570.86,95.14,Wednesday,0,596.9971428571428,-7.5814729071217,-4.378101833461737
H032,2026-01-29,6,564.4,94.07,Thursday,0,587.7014285714286,-1.1316259678380014,-3.9648412337654446
H032,2026-01-30,6,537.39,89.56,Friday,0,586.41,-4.7856130403968855,-8.359339029007005
H032,2026-01-31,6,717.12,119.52,Saturday,0,588.4914285714286,33.44498408976722,21.857339832598594
H032,2026-02-01,6,658.95,109.83,Sunday,0,610.9257142857142,-8.111613119143236,7.860904295121242
H032,2026-02-02,6,562.91,93.82,Monday,0,604.3442857142857,-14.574702177706966,-6.856073052020959
H032,2026-02-03,6,660.81,110.13,Tuesday,0,604.1885714285714,17.39176777815281,9.371482886137713
H032,2026-02-04,6,548.76,91.46,Wednesday,0,610.3485714285714,-16.95646252326689,-10.090720993156134
H032,2026-02-05,6,550.35,91.72,Thursday,0,607.1914285714286,0.28974415044829005,-9.361368737559813
H032,2026-02-06,6,575.94,95.99,Friday,0,605.1842857142857,4.649768329245041,-4.832294295244175
H032,2026-02-07,6,656.76,109.46,Saturday,0,610.6914285714286,14.032711740806313,7.543674149207924
H032,2026-02-08,6,546.95,91.16,Sunday,0,602.0685714285713,-16.71995858456665,-9.154866080750152
H032,2026-02-09,6,641.67,106.95,Monday,0,586.0685714285715,17.31785355151292,9.487188237358838
H032,2026-02-10,6,585.5,97.58,Tuesday,0,597.3199999999999,-8.753720759892147,-1.9788388133663595
H032,2026-02-11,6,603.02,100.5,Wednesday,0,586.5614285714286,2.992314261315121,2.8059416502473233
H032,2026-02-12,6,569.84,94.97,Thursday,0,594.3128571428572,-5.5023050645086276,-4.1178407716955245
H032,2026-02-13,6,551.31,91.88,Friday,0,597.0971428571429,-3.2517899761336677,-7.668290395436987
H032,2026-02-14,6,687.55,114.59,Saturday,0,593.5785714285714,24.71204948214254,15.831337769701923
H032,2026-02-15,6,604.86,100.81,Sunday,0,597.9771428571429,-12.026761690058896,1.1510234504902204
H032,2026-02-16,6,548.38,91.4,Monday,0,606.25,-9.33769797969778,-9.545567010309279
H032,2026-02-17,6,554.32,92.39,Tuesday,0,592.9228571428572,1.0831904883475074,-6.510603643933443
H032,2026-02-18,6,582.49,97.08,Wednesday,0,588.4685714285714,5.081902150382445,-1.0159542444310605
H032,2026-02-19,6,582.03,97.0,Thursday,0,585.5357142857143,-0.07897131281224823,-0.598719121683453
H032,2026-02-20,6,594.1,99.02,Friday,0,587.2771428571428,2.073776265828231,1.1617780848175896
H032,2026-02-21,6,709.42,118.24,Saturday,0,593.39,19.410873590304647,19.553750484504285
H032,2026-02-22,6,495.82,82.64,Sunday,0,596.5142857142857,-30.10910321107383,-16.880448318804486
H032,2026-02-23,6,583.78,97.3,Monday,0,580.9371428571428,17.740308983098707,0.4893570978910945
H032,2026-02-24,6,584.04,97.34,Tuesday,0,585.9942857142858,0.04453732570488533,-0.33349910774362784
H032,2026-02-25,6,1009.82,168.3,Wednesday,1,590.24,72.90254092185468,71.08633776091082
H032,2026-02-26,6,579.56,96.59,Thursday,0,651.2871428571428,-42.607593432492926,-11.013136623960031
H032,2026-02-27,6,610.56,101.76,Friday,0,650.9342857142857,5.348885361308575,-6.202513310538264
H032,2026-02-28,6,606.38,101.06,Saturday,0,653.2857142857143,-0.684617400419274,-7.179969385523734
H032,2026-03-01,6,785.96,130.99,Sunday,0,638.5657142857142,29.615092846070134,23.082085745733767
H032,2026-03-02,6,586.68,97.78,Monday,0,680.0142857142857,-25.354979897195797,-13.725341904581848
H032,2026-03-03,6,512.37,85.4,Tuesday,0,680.4285714285714,-12.666189404786243,-24.69892924627336
H032,2026-03-04,6,1096.04,182.67,Wednesday,1,670.1899999999999,113.91572496438118,63.541682209522676
H032,2026-03-05,6,561.41,93.57,Thursday,0,682.5071428571429,-48.778329258056274,-17.742985421398004
H032,2026-03-06,6,630.67,105.11,Friday,0,679.9142857142857,12.336794855809474,-7.2427196705467125
H032,2026-03-07,6,668.32,111.39,Saturday,0,682.7871428571428,5.969841597031733,-2.1188364497615764
H032,2026-03-08,6,542.54,90.42,Sunday,0,691.6357142857142,-18.82032559253054,-21.556971568435078
H032,2026-03-09,6,526.52,87.75,Monday,0,656.8614285714285,-2.9527776753787705,-19.843063224902835
H032,2026-03-10,6,653.19,108.86,Tuesday,0,648.2671428571429,24.057965509382374,0.7593871133373229
H032,2026-03-11,6,629.58,104.93,Wednesday,0,668.3842857142857,-3.614568502273463,-5.805684924626335
H032,2026-03-12,6,608.89,101.48,Thursday,0,601.7471428571429,-3.286317862702126,1.187019702153011
H032,2026-03-13,6,542.2,90.37,Friday,0,608.53,-10.952717239567066,-10.900037796000186
H032,2026-03-14,6,627.46,104.58,Saturday,0,595.8914285714285,15.724824787901138,5.29770523872999
H032,2026-03-15,6,649.26,108.21,Sunday,0,590.0542857142857,3.4743250565772987,10.033943608094171
H032,2026-03-16,6,487.09,81.18,Monday,0,605.3000000000001,-24.977666882296766,-19.529159094663818
H032,2026-03-17,6,634.25,105.71,Tuesday,0,599.6671428571428,30.21207579708063,5.767008840618728
H032,2026-03-18,6,578.24,96.37,Wednesday,0,596.9614285714287,-8.830902640914463,-3.13612030449444
H032,2026-03-19,6,559.44,93.24,Thursday,0,589.6271428571429,-3.251245157719973,-5.11970034331623
H032,2026-03-20,6,555.92,92.65,Friday,0,582.5628571428572,-0.6292006292006436,-4.573387543710808
H032,2026-03-21,6,662.99,110.5,Saturday,0,584.5228571428572,19.259965462656513,13.42413592527237
H032,2026-03-22,6,1126.62,187.77,Sunday,1,589.5985714285715,69.93016485919846,91.08255253574461
H032,2026-03-23,6,572.72,95.45,Monday,0,657.7928571428571,-49.16475830359837,-12.933077065076922
H032,2026-03-24,6,528.57,88.09,Tuesday,0,670.0257142857142,-7.708828048610139,-21.1119829089715
H032,2026-03-25,6,586.15,97.69,Wednesday,0,654.9285714285714,10.893542955521497,-10.501690478787223
H032,2026-03-26,6,513.82,85.64,Thursday,0,656.0585714285714,-12.339844749637452,-21.68077327590524
H032,2026-03-27,6,534.18,89.03,Friday,0,649.5414285714286,3.962477132069586,-17.760441982145654
H032,2026-03-28,6,587.36,97.89,Saturday,0,646.4357142857142,9.95544572990379,-9.138683550457992
H032,2026-03-29,6,602.53,100.42,Sunday,0,635.6314285714286,2.5827431217651853,-5.20764504137619
H032,2026-03-30,6,673.03,112.17,Monday,0,560.7614285714286,11.700662207690904,20.02073711000093
H032,2026-03-31,6,598.42,99.74,Tuesday,0,575.0914285714285,-11.085687116473263,4.0564978487892605
H032,2026-04-01,6,597.8,99.63,Wednesday,0,585.0699999999999,-0.10360616289563085,2.1758080229716135
H032,2026-04-02,6,564.8,94.13,Thursday,0,586.7342857142856,-5.520240883238536,-3.7383678179950004
H032,2026-04-03,6,554.25,92.37,Friday,0,594.0171428571429,-1.867917847025491,-6.694611988110011
H032,2026-04-04,6,508.47,84.74,Saturday,0,596.8842857142856,-8.259810554803781,-14.812634178914777
H032,2026-04-05,6,640.44,106.74,Sunday,0,585.6142857142856,25.9543335890023,9.362086209840728
H032,2026-04-06,6,575.62,95.94,Monday,0,591.03,-10.121166697895202,-2.6073126575639085
H032,2026-04-07,6,616.29,102.71,Tuesday,0,577.1142857142856,7.0654251068413165,6.788207336996887
H032,2026-04-08,6,509.62,84.94,Wednesday,0,579.6671428571428,-17.308410001784868,-12.084028518829767
H032,2026-04-09,6,554.55,92.42,Thursday,0,567.0699999999999,8.816372983791831,-2.20784030190276
H032,2026-04-10,6,529.11,88.18,Friday,0,565.6057142857143,-4.587503381119817,-6.452500985037528
H033,2026-01-01,3,315.65,105.22,Thursday,0,,,
H033,2026-01-02,3,306.97,102.32,Friday,0,,-2.7498811975288917,
H033,2026-01-03,3,316.36,105.45,Saturday,0,,3.0589308401472337,
H033,2026-01-04,3,360.38,120.13,Sunday,0,,13.914527753192552,
H033,2026-01-05,3,301.37,100.46,Monday,0,,-16.374382596148507,
H033,2026-01-06,3,337.46,112.49,Tuesday,0,,11.975312738494193,
H033,2026-01-07,3,309.32,103.11,Wednesday,0,,-8.338766075979375,
H033,2026-01-08,3,311.8,103.93,Thursday,0,321.0728571428572,0.801758696495547,-2.888085036329099
H033,2026-01-09,3,334.62,111.54,Friday,0,320.5228571428571,7.318794098781267,4.398170845850098
H033,2026-01-10,3,290.93,96.98,Saturday,0,324.47285714285715,-13.056601518139976,-10.337646556392567
H033,2026-01-11,3,345.89,115.3,Sunday,0,320.84000000000003,18.89114219915442,7.807629971325255
H033,2026-01-12,3,291.58,97.19,Monday,0,318.77,-15.701523605770618,-8.529660884022963
H033,2026-01-13,3,295.47,98.49,Tuesday,0,317.37142857142857,1.3341107071815683,-6.900882247029158
H033,2026-01-14,3,289.37,96.46,Wednesday,0,311.3728571428572,-2.0645073949978054,-7.066401787475753
H033,2026-01-15,3,325.42,108.47,Thursday,0,308.5228571428571,12.45809862805405,5.476788012927979
H033,2026-01-16,3,320.71,106.9,Friday,0,310.46857142857147,-1.4473603343371777,3.2987005816093458
H033,2026-01-17,3,334.65,111.55,Saturday,0,308.4814285714286,4.346605968008488,8.483029772572545
H033,2026-01-18,3,301.17,100.39,Sunday,0,314.7271428571429,-10.004482294934991,-4.307586163070966
H033,2026-01-19,3,307.15,102.38,Monday,0,308.3385714285714,1.985589534150134,-0.38547607685429514
H033,2026-01-20,3,301.53,100.51,Tuesday,0,310.5628571428571,-1.8297248901188334,-2.908543934055221
H033,2026-01-21,3,358.51,119.5,Wednesday,0,311.42857142857144,18.89695884323286,15.11788990825687
H033,2026-01-22,3,316.93,105.64,Thursday,0,321.30571428571426,-11.598002845108923,-1.361853864143618
H033,2026-01-23,3,351.44,117.15,Friday,0,320.0928571428571,10.88883980689741,9.793140383370911
H033,2026-01-24,3,330.24,110.08,Saturday,0,324.48285714285714,-6.032324152060098,1.7742517764530845
H033,2026-01-25,3,333.42,111.14,Sunday,0,323.8528571428571,0.962936046511631,2.954163486945151
H033,2026-01-26,3,355.48,118.49,Monday,0,328.46,6.616279767260513,8.22626803872619
H033,2026-01-27,3,315.58,105.19,Tuesday,0,335.36428571428576,-11.224260155283005,-5.899341867052901
H033,2026-01-28,3,338.08,112.69,Wednesday,0,337.37142857142857,7.129729387160144,0.21002710027099944
H033,2026-01-29,3,299.84,99.95,Thursday,0,334.45285714285717,-11.310932323710364,-10.349098954796121
H033,2026-01-30,3,314.82,104.94,Friday,0,332.01142857142855,4.99599786552829,-5.177962892843617
H033,2026-01-31,3,618.38,206.13,Saturday,1,326.78000000000003,96.42335302712661,89.2343472672746
H033,2026-02-01,3,363.88,121.29,Sunday,0,367.9428571428572,-41.15592354215855,-1.1042087280633748
H033,2026-02-02,3,348.54,116.18,Monday,0,372.2942857142857,-4.2156754974167265,-6.380513111747228
H033,2026-02-03,3,338.56,112.85,Tuesday,0,371.30285714285714,-2.863372927067198,-8.818369294222657
H033,2026-02-04,3,282.74,94.25,Wednesday,0,374.58571428571435,-16.48747637051039,-24.51927844094429
H033,2026-02-05,3,301.27,100.42,Thursday,0,366.68,6.553724269647021,-17.83844223846406
H033,2026-02-06,3,293.41,97.8,Friday,0,366.88428571428574,-2.608955422046655,-20.02655566761026
H033,2026-02-07,3,371.91,123.97,Saturday,0,363.82571428571424,26.75437101666609,2.2220215330731548
H033,2026-02-08,3,309.72,103.24,Sunday,0,328.61571428571426,-16.721787529240938,-5.750094552473347
H033,2026-02-09,3,280.9,93.63,Monday,0,320.87857142857143,-9.305178871238551,-12.459096676535413
H033,2026-02-10,3,317.67,105.89,Tuesday,0,311.21571428571434,13.090067639729464,2.0738945426002044
H033,2026-02-11,3,276.78,92.26,Wednesday,0,308.2314285714286,-12.871848144300701,-10.203835707863306
H033,2026-02-12,3,332.53,110.84,Thursday,0,307.38,20.14235132596287,8.182054785607384
H033,2026-02-13,3,328.68,109.56,Friday,0,311.8457142857143,-1.1577902745616875,5.398273871694799
H033,2026-02-14,3,383.86,127.95,Saturday,0,316.88428571428574,16.788365583546305,21.13570072897272
H033,2026-02-15,3,344.97,114.99,Sunday,0,318.5914285714286,-10.131297869014745,8.2797492534101
H033,2026-02-16,3,283.36,94.45,Monday,0,323.6271428571428,-17.85952401658115,-12.442449203006973
H033,2026-02-17,3,294.46,98.15,Tuesday,0,323.9785714285714,3.9172783738000927,-9.111272791410364
H033,2026-02-18,3,781.49,260.5,Wednesday,1,320.66285714285715,165.39767710385115,143.71079549504597
H033,2026-02-19,3,318.08,106.03,Thursday,0,392.7642857142857,-59.29826357343024,-19.015039918526195
H033,2026-02-20,3,292.99,97.66,Friday,0,390.7,-7.887952716297775,-25.008958280010233
H033,2026-02-21,3,336.29,112.1,Saturday,0,385.6014285714286,14.778661387760671,-12.788186172991352
H033,2026-02-22,3,343.09,114.36,Sunday,0,378.8057142857143,2.022064289749914,-9.428504623553739
H033,2026-02-23,3,354.77,118.26,Monday,0,378.53714285714284,3.404354542539867,-6.278681842883885
H033,2026-02-24,3,319.2,106.4,Tuesday,0,388.7385714285714,-10.026214166925051,-17.888261299367546
H033,2026-02-25,3,299.41,99.8,Wednesday,0,392.2728571428571,-6.199874686716777,-23.67302642839713
H033,2026-02-26,3,312.73,104.24,Thursday,0,323.4042857142857,4.448749206773317,-3.3006011935525152
H033,2026-02-27,3,284.72,94.91,Friday,0,322.64,-8.956607936558692,-11.753037441110823
H033,2026-02-28,3,361.11,120.37,Saturday,0,321.4585714285714,26.829867940432695,12.334848747450247
H033,2026-03-01,3,404.75,134.92,Sunday,0,325.00428571428574,12.084960261416189,24.53681929469061
H033,2026-03-02,3,312.19,104.06,Monday,0,333.8128571428571,-22.868437306979615,-6.477538740697307
H033,2026-03-03,3,304.33,101.44,Tuesday,0,327.73,-2.517697555975529,-7.140023800079344
H033,2026-03-04,3,324.44,108.15,Wednesday,0,325.6057142857143,6.60795846613873,-0.3580140748670745
H033,2026-03-05,3,328.77,109.59,Thursday,0,329.18142857142857,1.334607323387993,-0.12498535327891737
H033,2026-03-06,3,317.67,105.89,Friday,0,331.47285714285715,-3.3762204580709776,-4.164098762665331
H033,2026-03-07,3,375.99,125.33,Saturday,0,336.18,18.358674095759753,11.841870426557202
H033,2026-03-08,3,847.46,282.49,Sunday,1,338.30571428571426,125.39429240139364,150.50123725793242
H033,2026-03-09,3,310.99,103.66,Monday,0,401.55,-63.3032827508083,-22.552608641514134
H033,2026-03-10,3,380.96,126.99,Tuesday,0,401.3785714285714,22.499115727193786,-5.08711049418966
H033,2026-03-11,3,298.18,99.39,Wednesday,0,412.32571428571424,-21.72931541369172,-27.68338484138752
H033,2026-03-12,3,326.63,108.88,Thursday,0,408.57428571428574,9.541216714736066,-20.05615345347236
H033,2026-03-13,3,299.88,99.96,Friday,0,408.2685714285714,-8.189694761656918,-26.548350525564402
H033,2026-03-14,3,393.46,131.15,Saturday,0,405.72714285714284,31.20581565959717,-3.0234957342901105
H033,2026-03-15,3,330.15,110.05,Sunday,0,408.22285714285715,-16.0905809993392,-19.125057741569737
H033,2026-03-16,3,325.61,108.54,Monday,0,334.32142857142856,-1.3751325155232363,-2.6057045187479884
H033,2026-03-17,3,305.84,101.95,Tuesday,0,336.40999999999997,-6.071680845182903,-9.087125828602002
H033,2026-03-18,3,338.38,112.79,Wednesday,0,325.67857142857144,10.639550091551154,3.899989033885288
H033,2026-03-19,3,328.96,109.65,Thursday,0,331.4214285714285,-2.783852473550452,-0.742688420009043
H033,2026-03-20,3,324.53,108.18,Friday,0,331.7542857142857,-1.3466682879377467,-2.1776013228379005
H033,2026-03-21,3,353.89,117.96,Saturday,0,335.2757142857143,9.046929405601944,5.55193380288291
H033,2026-03-22,3,360.84,120.28,Sunday,0,329.6228571428572,1.9638870835570366,9.47056376118159
H033,2026-03-23,3,302.67,100.89,Monday,0,334.0071428571428,-16.120718323910864,-9.382177455571933
H033,2026-03-24,3,362.26,120.75,Tuesday,0,330.73,19.688109161793356,9.533456293653424
H033,2026-03-25,3,538.24,179.41,Wednesday,1,338.78999999999996,48.57836912714626,58.87127719236107
H033,2026-03-26,3,310.86,103.62,Thursday,0,367.34142857142854,-42.24509512485136,-15.375730635959528
H033,2026-03-27,3,363.94,121.31,Friday,0,364.7557142857143,17.07521070578395,-0.22363303815861693
H033,2026-03-28,3,312.11,104.04,Saturday,0,370.3857142857143,-14.241358465681152,-15.733791028657384
H033,2026-03-29,3,315.4,105.13,Sunday,0,364.4171428571428,1.0541155361891485,-13.450833424803587
H033,2026-03-30,3,283.99,94.66,Monday,0,357.92571428571426,-9.958782498414697,-20.65672046873253
H033,2026-03-31,3,306.82,102.27,Tuesday,0,355.25714285714287,8.039015458290777,-13.634389576966388
H033,2026-04-01,3,264.1,88.03,Wednesday,0,347.3371428571428,-13.923473046085643,-23.964365622532224
H033,2026-04-02,3,325.16,108.39,Thursday,0,308.17428571428576,23.120030291556226,5.511723421811398
H033,2026-04-03,3,306.26,102.09,Friday,0,310.21714285714285,-5.812523065567731,-1.275604185086943
H033,2026-04-04,3,311.56,103.85,Saturday,0,301.9771428571429,1.7305557369555302,3.1733716837603483
H033,2026-04-05,3,299.51,99.84,Sunday,0,301.8985714285714,-3.867633842598539,-0.7911834154328072
H033,2026-04-06,3,301.14,100.38,Monday,0,299.62857142857143,0.5442222296417443,0.5044340612186454
H033,2026-04-07,3,359.9,119.97,Tuesday,0,302.0785714285715,19.51251909410905,19.141188432526988
H033,2026-04-08,3,338.16,112.72,Wednesday,0,309.6614285714286,-6.040566824117799,9.203138912083707
H033,2026-04-09,3,293.3,97.77,Thursday,0,320.24142857142857,-13.265909628578187,-8.41284923428306
H033,2026-04-10,3,295.62,98.54,Friday,0,315.69,0.7909989771564874,-6.357502613323194
H034,2026-01-01,3,262.24,87.41,Thursday,0,,,
H034,2026-01-02,3,280.99,93.66,Friday,0,,7.149938987187299,
H034,2026-01-03,3,334.81,111.6,Saturday,0,,19.153706537599202,
H034,2026-01-04,3,306.22,102.07,Sunday,0,,-8.539171470386187,
H034,2026-01-05,3,240.15,80.05,Monday,0,,-21.575991117497228,
H034,2026-01-06,3,255.38,85.13,Tuesday,0,,6.341869664792843,
H034,2026-01-07,3,286.06,95.35,Wednesday,0,,12.01347012295404,
H034,2026-01-08,3,275.87,91.96,Thursday,0,280.8357142857143,-3.5621897504020117,-1.7681918762876103
H034,2026-01-09,3,280.62,93.54,Friday,0,282.78285714285715,1.7218254975169378,-0.7648473336431811
H034,2026-01-10,3,322.11,107.37,Saturday,0,282.73,14.785118665811424,13.928483004987088
H034,2026-01-11,3,298.83,99.61,Sunday,0,280.9157142857143,-7.227344695911341,6.377103452484476
H034,2026-01-12,3,263.24,87.75,Monday,0,279.86,-11.909781481109649,-5.938683627528051
H034,2026-01-13,3,310.9,103.63,Tuesday,0,283.1585714285714,18.10515119282783,9.797135375937764
H034,2026-01-14,3,299.23,99.74,Wednesday,0,291.09000000000003,-3.753618526857494,2.796385997457826
H034,2026-01-15,3,285.43,95.14,Thursday,0,292.9714285714286,-4.611837048424294,-2.574117417593138
H034,2026-01-16,3,318.99,106.33,Friday,0,294.33714285714285,11.75769891041587,8.375720747830481
H034,2026-01-17,3,255.34,85.11,Saturday,0,299.81857142857143,-19.953603561240165,-14.835162217150371
H034,2026-01-18,3,299.51,99.84,Sunday,0,290.28000000000003,17.29850395551029,3.1796885765467686
H034,2026-01-19,3,285.66,95.22,Monday,0,290.37714285714287,-4.624219558612386,-1.6244883501259406
H034,2026-01-20,3,254.26,84.75,Tuesday,0,293.58,-10.9920884968144,-13.393282921179917
H034,2026-01-21,3,294.36,98.12,Wednesday,0,285.48857142857145,15.771257767639435,3.1074548893625944
H034,2026-01-22,3,302.56,100.85,Thursday,0,284.79285714285714,2.785704579426551,6.238619548042437
H034,2026-01-23,3,285.03,95.01,Friday,0,287.23999999999995,-5.793892120571131,-0.7693914496588149
H034,2026-01-24,3,263.16,87.72,Saturday,0,282.3885714285715,-7.672876539311635,-6.809259783884423
H034,2026-01-25,3,306.16,102.05,Sunday,0,283.5057142857143,16.33986928104576,7.990768641599566
H034,2026-01-26,3,218.83,72.94,Monday,0,284.4557142857143,-28.524301019074993,-23.07062610800576
H034,2026-01-27,3,306.69,102.23,Tuesday,0,274.9085714285714,40.149888040945015,11.560726683157005
H034,2026-01-28,3,282.0,94.0,Wednesday,0,282.3985714285714,-8.050474420424536,-0.1411379053920703
H034,2026-01-29,3,260.67,86.89,Thursday,0,280.6328571428572,-7.563829787234033,-7.113513843710395
H034,2026-01-30,3,301.15,100.38,Friday,0,274.6485714285714,15.529213181417113,9.649214060565708
H034,2026-01-31,3,288.87,96.29,Saturday,0,276.9514285714286,-4.077702141789796,4.3034879762309926
H034,2026-02-01,3,308.87,102.96,Sunday,0,280.62428571428575,6.9235296153979276,10.065313561090822
H034,2026-02-02,3,315.18,105.06,Monday,0,281.01142857142855,2.042930682811539,12.159139435101785
H034,2026-02-03,3,286.98,95.66,Tuesday,0,294.77571428571434,-8.947268227679416,-2.644625696049794
H034,2026-02-04,3,289.27,96.42,Wednesday,0,291.96,0.7979650149836148,-0.9213590902863399
H034,2026-02-05,3,574.91,191.64,Thursday,1,292.9985714285714,98.74511701870226,96.21597374926257
H034,2026-02-06,3,293.33,97.78,Friday,0,337.89,-48.978100920144016,-13.187723815442897
H034,2026-02-07,3,273.81,91.27,Saturday,0,336.7728571428571,-6.654621075239486,-18.695941732664227
H034,2026-02-08,3,538.61,179.54,Sunday,1,334.62142857142857,96.70939702713561,60.961000704420776
H034,2026-02-09,3,210.37,70.12,Monday,0,367.4414285714286,-60.942054547817534,-42.747337768118534
H034,2026-02-10,3,282.94,94.31,Tuesday,0,352.4685714285714,34.496363549935815,-19.726176194027428
H034,2026-02-11,3,293.28,97.76,Wednesday,0,351.8914285714286,3.6544850498338777,-16.65611146295125
H034,2026-02-12,3,288.9,96.3,Thursday,0,352.4642857142857,-1.493453355155483,-18.034248657412107
H034,2026-02-13,3,276.66,92.22,Friday,0,311.60571428571427,-4.236760124610573,-11.214721901303832
H034,2026-02-14,3,353.39,117.8,Saturday,0,309.22428571428566,27.734403238632233,14.282744378791184
H034,2026-02-15,3,264.59,88.2,Sunday,0,320.59285714285716,-25.12804550213645,-17.46852928725799
H034,2026-02-16,3,288.72,96.24,Monday,0,281.44714285714286,9.1197702105144,2.584093435458581
H034,2026-02-17,3,302.26,100.75,Tuesday,0,292.64,4.689664727071197,3.2873154729360325
H034,2026-02-18,3,287.04,95.68,Wednesday,0,295.4,-5.035399986766354,-2.8300609343263226
H034,2026-02-19,3,258.91,86.3,Thursday,0,294.50857142857143,-9.80002787068004,-12.08744834009196
H034,2026-02-20,3,224.54,74.85,Friday,0,290.2242857142857,-13.274883164033845,-22.63224993477951
H034,2026-02-21,3,297.38,99.13,Saturday,0,282.7785714285714,32.43965440456045,5.163555533102635
H034,2026-02-22,3,296.41,98.8,Sunday,0,274.77714285714285,-0.3261819893738527,7.872873601464056
H034,2026-02-23,3,282.27,94.09,Monday,0,279.3228571428571,-4.770419351573851,1.0551026461953936
H034,2026-02-24,3,307.7,102.57,Tuesday,0,278.40142857142854,9.009104757855946,10.523858149332167
H034,2026-02-25,3,272.36,90.79,Wednesday,0,279.17857142857144,-11.485212869678252,-2.442369195343483
H034,2026-02-26,3,289.39,96.46,Thursday,0,277.0814285714286,6.252753708327208,4.442221729558597
H034,2026-02-27,3,290.24,96.75,Friday,0,281.43571428571425,0.2937212757870178,3.128346996269145
H034,2026-02-28,3,654.2,218.07,Saturday,1,290.82142857142856,125.39966923925027,124.94903598182492
H034,2026-03-01,3,292.46,97.49,Sunday,0,341.79571428571427,-55.29501681442984,-14.43426942576393
H034,2026-03-02,3,313.45,104.48,Monday,0,341.2314285714286,7.17704985297134,-8.141521045624676
H034,2026-03-03,3,284.31,94.77,Tuesday,0,345.6857142857143,-9.296538522890408,-17.754773121745604
H034,2026-03-04,3,529.17,176.39,Wednesday,1,342.3442857142858,86.12430093911574,54.57246464503148
H034,2026-03-05,3,287.06,95.69,Thursday,0,379.0314285714286,-45.75278265963678,-24.264855534030353
H034,2026-03-06,3,295.85,98.62,Friday,0,378.6985714285714,3.0620776144360207,-21.877180871329998
H034,2026-03-07,3,331.78,110.59,Saturday,0,379.5,12.144667906033435,-12.57444005270093
H034,2026-03-08,3,302.21,100.74,Sunday,0,333.44,-8.912532400988605,-9.3660028790787
H034,2026-03-09,3,321.14,107.05,Monday,0,334.8328571428571,6.26385625889283,-4.08946041308456
H034,2026-03-10,3,295.52,98.51,Tuesday,0,335.93142857142857,-7.977828984243629,-12.029665918214606
H034,2026-03-11,3,279.94,93.31,Wednesday,0,337.53285714285715,-5.272062804547906,-17.062889115557006
H034,2026-03-12,3,277.74,92.58,Thursday,0,301.92857142857144,-0.7858826891476656,-8.011355571327185
H034,2026-03-13,3,291.39,97.13,Friday,0,300.59714285714284,4.914668394901689,-3.062950888231995
H034,2026-03-14,3,293.34,97.78,Saturday,0,299.96,0.6692062184700864,-2.2069609281237517
H034,2026-03-15,3,266.99,89.0,Sunday,0,294.4685714285714,-8.982750392036532,-9.331580377241316
H034,2026-03-16,3,253.51,84.5,Monday,0,289.4371428571429,-5.048878235139897,-12.412761714855442
H034,2026-03-17,3,269.31,89.77,Tuesday,0,279.7757142857143,6.2324957595361274,-3.740751520350484
H034,2026-03-18,3,281.13,93.71,Wednesday,0,276.0314285714286,4.388994096023158,1.8470981565246105
H034,2026-03-19,3,323.38,107.79,Thursday,0,276.20142857142855,15.028634439583112,17.08121919303201
H034,2026-03-20,3,269.52,89.84,Friday,0,282.7214285714286,-16.655328096975698,-4.669412091660153
H034,2026-03-21,3,294.01,98.0,Saturday,0,279.59714285714284,9.086524191154655,5.1548656740821
H034,2026-03-22,3,334.59,111.53,Sunday,0,279.6928571428572,13.802251624094408,19.62765278238882
H034,2026-03-23,3,256.57,85.52,Monday,0,289.35,-23.31809079769269,-11.328840504579238
H034,2026-03-24,3,339.9,113.3,Tuesday,0,289.78714285714284,32.47846591573449,17.292988449650235
H034,2026-03-25,3,292.14,97.38,Wednesday,0,299.87142857142857,-14.051191526919682,-2.5782478204945005
H034,2026-03-26,3,254.27,84.76,Thursday,0,301.44428571428574,-12.962962962962955,-15.649421120225965
H034,2026-03-27,3,278.02,92.67,Friday,0,291.57142857142856,9.34046486018798,-4.647721705046546
H034,2026-03-28,3,296.37,98.79,Saturday,0,292.7857142857143,6.600244586720394,1.2242010246401605
H034,2026-03-29,3,352.75,117.58,Sunday,0,293.1228571428571,19.023517899922382,20.342031132728383
H034,2026-03-30,3,266.91,88.97,Monday,0,295.71714285714285,-24.334514528703043,-9.741451773412805
H034,2026-03-31,3,296.52,98.84,Tuesday,0,297.19428571428574,11.093627065302902,-0.2268838085716083
H034,2026-04-01,3,263.37,87.79,Wednesday,0,290.9971428571429,-11.179684338324558,-9.49395673987963
H034,2026-04-02,3,255.89,85.3,Thursday,0,286.88714285714286,-2.8401108706382683,-10.804646924375445
H034,2026-04-03,3,239.68,79.89,Friday,0,287.11857142857144,-6.334753214271749,-16.522292930247833
H034,2026-04-04,3,255.95,85.32,Saturday,0,281.64142857142855,6.788217623497994,-9.122034603269604
H034,2026-04-05,3,273.48,91.16,Sunday,0,275.8671428571428,6.848993944129722,-0.8653233699451414
H034,2026-04-06,3,252.19,84.06,Monday,0,264.54285714285714,-7.784847155185027,-4.669510746300897
H034,2026-04-07,3,208.8,69.6,Tuesday,0,262.44,-17.205281732027434,-20.438957475994506
H034,2026-04-08,3,255.66,85.22,Wednesday,0,249.9085714285714,22.442528735632173,2.3014130882151265
H034,2026-04-09,3,268.42,89.47,Thursday,0,248.80714285714288,4.991003676758199,7.882754858898168
H034,2026-04-10,3,265.44,88.48,Friday,0,250.59714285714284,-1.110200432158559,5.9229953596552285
H035,2026-01-01,3,288.7,96.23,Thursday,0,,,
H035,2026-01-02,3,288.16,96.05,Friday,0,,-0.18704537582263647,
H035,2026-01-03,3,291.56,97.19,Saturday,0,,1.1799000555247074,
H035,2026-01-04,3,288.21,96.07,Sunday,0,,-1.148991631225138,
H035,2026-01-05,3,283.67,94.56,Monday,0,,-1.575240276187495,
H035,2026-01-06,3,267.29,89.1,Tuesday,0,,-5.774315225438009,
H035,2026-01-07,3,312.08,104.03,Wednesday,0,,16.757080324740905,
H035,2026-01-08,3,299.01,99.67,Thursday,0,288.5242857142857,-4.188028710587021,3.634257081602433
H035,2026-01-09,3,278.77,92.92,Friday,0,289.9971428571429,-6.769004381124377,-3.8714667139577856
H035,2026-01-10,3,304.31,101.44,Saturday,0,288.6557142857143,9.161674498690676,5.423168480493324
H035,2026-01-11,3,279.96,93.32,Sunday,0,290.47714285714284,-8.001708783805995,-3.6206438667414207
H035,2026-01-12,3,274.77,91.59,Monday,0,289.29857142857145,-1.853836262323183,-5.02199902226569
H035,2026-01-13,3,267.28,89.09,Tuesday,0,288.02714285714285,-2.725916220839253,-7.203190175529099
H035,2026-01-14,3,251.6,83.87,Wednesday,0,288.0257142857143,-5.866507033822199,-12.646688291719988
H035,2026-01-15,3,280.84,93.61,Thursday,0,279.38571428571424,11.621621621621614,0.520529733599229
H035,2026-01-16,3,579.12,193.04,Friday,1,276.78999999999996,106.20994160376016,109.22721196575023
H035,2026-01-17,3,386.81,128.94,Saturday,0,319.69714285714286,-33.20728001105125,20.992635887536416
H035,2026-01-18,3,356.78,118.93,Sunday,0,331.48285714285714,-7.763501460665445,7.631508632206787
H035,2026-01-19,3,332.0,110.67,Monday,0,342.45714285714286,-6.94545658388922,-3.0535624895711657
H035,2026-01-20,3,270.93,90.31,Tuesday,0,350.6328571428571,-18.394578313253007,-22.731143279702408
H035,2026-01-21,3,229.91,76.64,Wednesday,0,351.1542857142857,-15.14044218063707,-34.52735468333008
H035,2026-01-22,3,278.82,92.94,Thursday,0,348.05571428571426,21.27354182071246,-19.89213549554874
H035,2026-01-23,3,302.05,100.68,Friday,0,347.76714285714286,8.331540061688546,-13.145906333055365
H035,2026-01-24,3,310.77,103.59,Saturday,0,308.1857142857143,2.8869392484687895,0.838548185231525
H035,2026-01-25,3,340.56,113.52,Sunday,0,297.3228571428572,9.58586736171445,14.542152350018728
H035,2026-01-26,3,307.62,102.54,Monday,0,295.0057142857143,-9.672304439746304,4.275946228644476
H035,2026-01-27,3,267.4,89.13,Tuesday,0,291.52285714285716,-13.074572524543271,-8.274773847676746
H035,2026-01-28,3,263.8,87.93,Wednesday,0,291.0185714285714,-1.3462976813762073,-9.35286407838478
H035,2026-01-29,3,326.47,108.82,Thursday,0,295.86,23.756633813495085,10.346109646454408
H035,2026-01-30,3,291.47,97.16,Friday,0,302.6671428571429,-10.720740037369437,-3.699490718233611
H035,2026-01-31,3,290.3,96.77,Saturday,0,301.1557142857143,-0.40141352454798884,-3.6046848094720767
H035,2026-02-01,3,295.23,98.41,Sunday,0,298.2314285714286,1.6982431966930722,-1.0064092124045532
H035,2026-02-02,3,259.46,86.49,Monday,0,291.7557142857143,-12.11597737357316,-11.069436759715822
H035,2026-02-03,3,254.43,84.81,Tuesday,0,284.8757142857143,-1.9386417944962542,-10.687367423387647
H035,2026-02-04,3,284.63,94.88,Wednesday,0,283.0228571428571,11.869669457218102,0.5678491388883395
H035,2026-02-05,3,275.42,91.81,Thursday,0,285.99857142857144,-3.235779784281345,-3.6988196744239454
H035,2026-02-06,3,314.75,104.92,Friday,0,278.7057142857143,14.280008713964133,12.932740115021474
H035,2026-02-07,3,320.0,106.67,Saturday,0,282.0314285714286,1.6679904686258906,13.462532037969419
H035,2026-02-08,3,293.87,97.96,Sunday,0,286.2742857142857,-8.165624999999999,2.6532995329154834
H035,2026-02-09,3,297.49,99.16,Monday,0,286.08,1.2318372069282324,3.9883948545861387
H035,2026-02-10,3,305.7,101.9,Tuesday,0,291.5128571428571,2.7597566304749632,4.86672972032599
H035,2026-02-11,3,286.97,95.66,Wednesday,0,298.8371428571428,-6.126921818776565,-3.971107053053234
H035,2026-02-12,3,314.1,104.7,Thursday,0,299.1714285714285,9.453949890232426,4.989972304459962
H035,2026-02-13,3,289.32,96.44,Friday,0,304.69714285714286,-7.889207258834774,-5.046697423202435
H035,2026-02-14,3,333.36,111.12,Saturday,0,301.0642857142857,15.221899626710922,10.727182139552554
H035,2026-02-15,3,262.53,87.51,Sunday,0,302.97285714285715,-21.247300215982733,-13.348673384225851
H035,2026-02-16,3,670.82,223.61,Monday,1,298.4957142857143,155.52127375918948,124.73354487023025
H035,2026-02-17,3,298.9,99.63,Tuesday,0,351.8285714285715,-55.442592647804176,-15.04385252558066
H035,2026-02-18,3,281.07,93.69,Wednesday,0,350.85714285714295,-5.965205754432912,-19.890472312703604
H035,2026-02-19,3,270.48,90.16,Thursday,0,350.0142857142857,-3.767744689934882,-22.723154156973173
H035,2026-02-20,3,301.9,100.63,Friday,0,343.78285714285715,11.616385684708641,-12.182939396961547
H035,2026-02-21,3,332.7,110.9,Saturday,0,345.58,10.202053660152366,-3.7270675386307066
H035,2026-02-22,3,334.93,111.64,Sunday,0,345.4857142857142,0.6702735196874032,-3.0553258352629604
H035,2026-02-23,3,275.64,91.88,Monday,0,355.8285714285715,-17.70220643119459,-22.53573149189017
H035,2026-02-24,3,326.99,109.0,Tuesday,0,299.3742857142857,18.629371644173574,9.224477720197376
H035,2026-02-25,3,309.23,103.08,Wednesday,0,303.38714285714286,-5.43135875714853,1.9258750017657822
H035,2026-02-26,3,280.86,93.62,Thursday,0,307.40999999999997,-9.174400931345605,-8.636674148531263
H035,2026-02-27,3,295.78,98.59,Friday,0,308.89285714285717,5.312255216121886,-4.245115042201427
H035,2026-02-28,3,307.31,102.44,Saturday,0,308.0185714285714,3.898167556968035,-0.23004178783282656
H035,2026-03-01,3,297.75,99.25,Sunday,0,304.39142857142855,-3.1108652500732137,-2.181871087040176
H035,2026-03-02,3,280.89,93.63,Monday,0,299.08,-5.662468513853913,-6.081984753243279
H035,2026-03-03,3,294.85,98.28,Tuesday,0,299.83,4.969917049378769,-1.660941200013328
H035,2026-03-04,3,315.26,105.09,Wednesday,0,295.23857142857145,6.92216381210784,6.781440675095675
H035,2026-03-05,3,281.7,93.9,Thursday,0,296.09999999999997,-10.645181754742117,-4.863221884498473
H035,2026-03-06,3,264.67,88.22,Friday,0,296.21999999999997,-6.045438409655657,-10.650867598406576
H035,2026-03-07,3,324.08,108.03,Saturday,0,291.7757142857143,22.446820569010463,11.071615673486967
H035,2026-03-08,3,314.66,104.89,Sunday,0,294.1714285714285,-2.906689706245358,6.964840714840742
H035,2026-03-09,3,340.99,113.66,Monday,0,296.58714285714285,8.36776202885654,14.97126838173315
H035,2026-03-10,3,237.31,79.1,Tuesday,0,305.17285714285714,-30.4055837414587,-22.237514102077977
H035,2026-03-11,3,280.15,93.38,Wednesday,0,296.95285714285717,18.052336606126996,-5.658425820356302
H035,2026-03-12,3,289.05,96.35,Thursday,0,291.9371428571429,3.1768695341781283,-0.9889604415823384
H035,2026-03-13,3,271.07,90.36,Friday,0,292.9871428571428,-6.220377097387997,-7.480581790522249
H035,2026-03-14,3,333.83,111.28,Saturday,0,293.90142857142854,23.15269118677832,13.585701717291032
H035,2026-03-15,3,300.09,100.03,Sunday,0,295.2942857142857,-10.106940658418962,1.624045746132182
H035,2026-03-16,3,286.55,95.52,Monday,0,293.21285714285716,-4.5119797394114975,-2.272361862907982
H035,2026-03-17,3,286.71,95.57,Tuesday,0,285.43571428571425,0.05583667771766887,0.44643527439253644
H035,2026-03-18,3,287.32,95.77,Wednesday,0,292.49285714285713,0.21275853650029042,-1.7685413563212768
H035,2026-03-19,3,284.79,94.93,Thursday,0,293.51714285714286,-0.880551301684529,-2.9732991988786184
H035,2026-03-20,3,294.98,98.33,Friday,0,292.9085714285714,3.578075072860698,0.7071928832010127
H035,2026-03-21,3,321.65,107.22,Saturday,0,296.32428571428574,9.04129093497863,8.546621220959647
H035,2026-03-22,3,280.47,93.49,Sunday,0,294.5842857142857,-12.802735893051443,-4.791255473815395
H035,2026-03-23,3,309.18,103.06,Monday,0,291.7814285714286,10.236388918600902,5.96287827972993
H035,2026-03-24,3,294.93,98.31,Tuesday,0,295.0142857142858,-4.608965651077046,-0.02857004503416234
H035,2026-03-25,3,300.82,100.27,Wednesday,0,296.18857142857144,1.99708405384329,1.5636756506472664
H035,2026-03-26,3,256.07,85.36,Thursday,0,298.1171428571428,-14.876005584735053,-14.10423515204952
H035,2026-03-27,3,330.43,110.14,Friday,0,294.0142857142857,29.038934666302186,12.385695544434205
H035,2026-03-28,3,297.48,99.16,Saturday,0,299.0785714285715,-9.97185485579396,-0.5344988177975316
H035,2026-03-29,3,326.74,108.91,Sunday,0,295.6257142857143,9.835955358343407,10.524891513400144
H035,2026-03-30,3,276.5,92.17,Monday,0,302.2357142857143,-15.376140050192822,-8.515113558480856
H035,2026-03-31,3,293.28,97.76,Tuesday,0,297.56714285714287,6.068716094032545,-1.4407312635323732
H035,2026-04-01,3,355.23,118.41,Wednesday,0,297.33142857142855,21.123158756137506,19.47273845444239
H035,2026-04-02,3,296.1,98.7,Thursday,0,305.1042857142857,-16.64555358500126,-2.9512157435630817
H035,2026-04-03,3,326.29,108.76,Friday,0,310.8228571428572,10.19587977034786,4.976192227083866
H035,2026-04-04,3,338.34,112.78,Saturday,0,310.2314285714286,3.693033804284518,9.060517033366784
H035,2026-04-05,3,294.92,98.31,Sunday,0,316.06857142857143,-12.83324466512974,-6.691133931154175
H035,2026-04-06,3,254.48,84.83,Monday,0,311.5228571428571,-13.712193137121941,-18.31097007328056
H035,2026-04-07,3,326.17,108.72,Tuesday,0,308.3771428571428,28.171172587236736,5.7698365637623885
H035,2026-04-08,3,704.97,234.99,Wednesday,1,313.0757142857143,116.13575742710856,125.17556227840822
H035,2026-04-09,3,331.67,110.56,Thursday,0,363.0385714285714,-52.95260791239343,-8.64056160895929
H035,2026-04-10,3,281.26,93.75,Friday,0,368.12,-15.198842222691233,-23.59556666304466
H036,2026-01-01,2,179.25,89.62,Thursday,0,,,
H036,2026-01-02,2,172.23,86.12,Friday,0,,-3.9163179916318014,
H036,2026-01-03,2,212.47,106.24,Saturday,0,,23.364106137142194,
H036,2026-01-04,2,201.91,100.95,Sunday,0,,-4.9701134277780445,
H036,2026-01-05,2,179.25,89.62,Monday,0,,-11.222822049427961,
H036,2026-01-06,2,197.14,98.57,Tuesday,0,,9.980474198047418,
H036,2026-01-07,2,193.37,96.69,Wednesday,0,,-1.9123465557471797,
H036,2026-01-08,2,168.37,84.19,Thursday,0,190.80285714285714,-12.928582510213582,-11.757086596487019
H036,2026-01-09,2,172.03,86.02,Friday,0,189.24857142857144,2.173783928253248,-9.098389117864642
H036,2026-01-10,2,202.08,101.04,Saturday,0,189.22,17.467883508690353,6.796321741887756
H036,2026-01-11,2,212.78,106.39,Sunday,0,187.73571428571427,5.294932699920807,13.340181866605802
H036,2026-01-12,2,144.47,72.23,Monday,0,189.28857142857143,-32.1035811636432,-23.677378454664836
H036,2026-01-13,2,203.61,101.8,Tuesday,0,184.32,40.935834429293294,10.465494791666679
H036,2026-01-14,2,190.85,95.42,Wednesday,0,185.24428571428572,-6.266882766072401,3.026119949718896
H036,2026-01-15,2,209.89,104.94,Thursday,0,184.8842857142857,9.976421273251246,13.525062007896826
H036,2026-01-16,2,178.78,89.39,Friday,0,190.81571428571428,-14.82204964505216,-6.3075068690059926
H036,2026-01-17,2,217.47,108.73,Saturday,0,191.78,21.64112316813962,13.395557409531753
H036,2026-01-18,2,221.91,110.96,Sunday,0,193.97857142857146,2.0416609187474233,14.399234083293425
H036,2026-01-19,2,185.77,92.89,Monday,0,195.28285714285715,-16.285881663737545,-4.871322184669856
H036,2026-01-20,2,192.72,96.36,Tuesday,0,201.18285714285716,3.741185336706665,-4.20654983383987
H036,2026-01-21,2,200.68,100.34,Wednesday,0,199.62714285714284,4.1303445413034545,0.5274118177459511
H036,2026-01-22,2,192.11,96.05,Thursday,0,201.03142857142856,-4.270480366753038,-4.437827773908831
H036,2026-01-23,2,207.31,103.66,Friday,0,198.49142857142857,7.912133673416255,4.442797098111471
H036,2026-01-24,2,195.83,97.92,Saturday,0,202.56714285714287,-5.537600694611933,-3.3258813656142228
H036,2026-01-25,2,244.43,122.21,Sunday,0,199.47571428571428,24.817443701169385,22.53621994800657
H036,2026-01-26,2,183.58,91.79,Monday,0,202.69285714285715,-24.894652865851164,-9.429467526517952
H036,2026-01-27,2,191.31,95.66,Tuesday,0,202.37999999999997,4.210698333151752,-5.46990809368513
H036,2026-01-28,2,193.36,96.68,Wednesday,0,202.17857142857147,1.0715592493858228,-4.361773538244141
H036,2026-01-29,2,186.38,93.19,Thursday,0,201.13285714285715,-3.609846917666537,-7.334881705766627
H036,2026-01-30,2,192.06,96.03,Friday,0,200.31428571428572,3.0475372894087416,-4.120667522464698
H036,2026-01-31,2,201.74,100.87,Saturday,0,198.1357142857143,5.040091638029787,1.8190994628501358
H036,2026-02-01,2,171.34,85.67,Sunday,0,198.98000000000002,-15.068900565083776,-13.89084330083426
H036,2026-02-02,2,190.06,95.03,Monday,0,188.53857142857143,10.925644916540222,0.8069587882737148
H036,2026-02-03,2,201.26,100.63,Tuesday,0,189.46428571428572,5.892875933915609,6.225824693685193
H036,2026-02-04,2,297.3,148.65,Wednesday,1,190.88571428571427,47.71936798171521,55.747642568477794
H036,2026-02-05,2,181.98,90.99,Thursday,0,205.73428571428573,-38.78910191725531,-11.546099684752884
H036,2026-02-06,2,214.94,107.47,Friday,0,205.1057142857143,18.11188042642049,4.794739994706554
H036,2026-02-07,2,202.39,101.19,Saturday,0,208.3742857142857,-5.838838745696484,-2.871892610823925
H036,2026-02-08,2,201.03,100.52,Sunday,0,208.46714285714285,-0.6719699589900596,-3.5675371932541555
H036,2026-02-09,2,188.55,94.27,Monday,0,212.70857142857145,-6.208028652439934,-11.357591876208899
H036,2026-02-10,2,212.08,106.04,Tuesday,0,212.49285714285716,12.479448422169192,-0.19429224511748583
H036,2026-02-11,2,163.25,81.62,Wednesday,0,214.03857142857146,-23.0243304413429,-23.728700434501135
H036,2026-02-12,2,172.08,86.04,Thursday,0,194.88857142857142,5.408882082695254,-11.70339094867396
H036,2026-02-13,2,162.37,81.18,Friday,0,193.4742857142857,-5.64272431427244,-16.076702699509717
H036,2026-02-14,2,185.82,92.91,Saturday,0,185.96428571428572,14.442323089240606,-0.07758786249280619
H036,2026-02-15,2,185.69,92.85,Sunday,0,183.59714285714287,-0.06996017651490494,1.1399181437619548
H036,2026-02-16,2,161.33,80.66,Monday,0,181.4057142857143,-13.118638591200382,-11.066748566748572
H036,2026-02-17,2,176.66,88.33,Tuesday,0,177.5171428571429,9.502262443438902,-0.48285075083293577
H036,2026-02-18,2,381.78,190.89,Wednesday,1,172.45714285714283,116.11004188837315,121.37673956262427
H036,2026-02-19,2,195.21,97.61,Thursday,0,203.6757142857143,-48.86845827439886,-4.156467213287227
H036,2026-02-20,2,176.9,88.45,Friday,0,206.98,-9.379642436350599,-14.532805101942209
H036,2026-02-21,2,178.62,89.31,Saturday,0,209.05571428571426,0.9723007348784618,-14.558661737472567
H036,2026-02-22,2,205.01,102.5,Sunday,0,208.02714285714288,14.77438136826783,-1.4503601865141362
H036,2026-02-23,2,206.21,103.11,Monday,0,210.7871428571428,0.5853373006194929,-2.1714525824968742
H036,2026-02-24,2,202.03,101.01,Tuesday,0,217.1985714285714,-2.0270597934144874,-6.983734436559027
H036,2026-02-25,2,180.98,90.49,Wednesday,0,220.82285714285717,-10.419244666633675,-18.042904461235914
H036,2026-02-26,2,337.15,168.57,Thursday,1,192.13714285714283,86.2913029063985,75.47362003330956
H036,2026-02-27,2,189.23,94.62,Friday,0,212.41428571428574,-43.87364674477235,-10.91465465061539
H036,2026-02-28,2,243.03,121.52,Saturday,0,214.1757142857143,28.43100988215399,13.472249087865102
H036,2026-03-01,2,203.29,101.64,Sunday,0,223.37714285714287,-16.351890713080696,-8.992479087257946
H036,2026-03-02,2,169.77,84.89,Monday,0,223.1314285714286,-16.48875989965074,-23.91479717271051
H036,2026-03-03,2,182.42,91.21,Tuesday,0,217.9257142857143,7.4512575837898165,-16.292576762723872
H036,2026-03-04,2,184.19,92.09,Wednesday,0,215.1242857142857,0.9702883455761535,-14.379727333700776
H036,2026-03-05,2,188.89,94.45,Thursday,0,215.58285714285716,2.5517129051522813,-12.381716012404924
H036,2026-03-06,2,167.77,83.89,Friday,0,194.40285714285713,-11.181110699348817,-13.699828044855296
H036,2026-03-07,2,212.13,106.07,Saturday,0,191.33714285714285,26.440960839244187,10.867130569824395
H036,2026-03-08,2,213.48,106.74,Sunday,0,186.92285714285714,0.6364022061943198,14.20754169023126
H036,2026-03-09,2,193.66,96.83,Monday,0,188.37857142857143,-9.28424208356754,2.803624919425165
H036,2026-03-10,2,178.49,89.24,Tuesday,0,191.79142857142855,-7.83331612103686,-6.935361330016225
H036,2026-03-11,2,187.21,93.6,Wednesday,0,191.23,4.885427755056315,-2.1021806201955666
H036,2026-03-12,2,225.46,112.73,Thursday,0,191.66142857142856,20.431600876021584,17.634519204251557
H036,2026-03-13,2,193.8,96.9,Friday,0,196.8857142857143,-14.042402199946768,-1.5672616456247295
H036,2026-03-14,2,190.82,95.41,Saturday,0,200.6042857142857,-1.5376676986584181,-4.877406122928581
H036,2026-03-15,2,186.56,93.28,Sunday,0,197.56,-2.232470390944341,-5.567928730512249
H036,2026-03-16,2,176.31,88.15,Monday,0,193.71428571428572,-5.494210977701542,-8.984513274336285
H036,2026-03-17,2,185.49,92.75,Tuesday,0,191.2357142857143,5.206738131699851,-3.0045194785791653
H036,2026-03-18,2,206.74,103.37,Wednesday,0,192.2357142857143,11.45614318831203,7.545052576821611
H036,2026-03-19,2,201.23,100.61,Thursday,0,195.0257142857143,-2.6651833220470267,3.181265474149923
H036,2026-03-20,2,200.37,100.19,Friday,0,191.56428571428572,-0.42737166426476403,4.596741116372722
H036,2026-03-21,2,191.74,95.87,Saturday,0,192.50285714285715,-4.30703199081699,-0.3962835431014013
H036,2026-03-22,2,206.99,103.5,Sunday,0,192.63428571428568,7.953478669030978,7.452315268013431
H036,2026-03-23,2,188.04,94.02,Monday,0,195.55285714285714,-9.155031644040779,-3.8418549606609833
H036,2026-03-24,2,199.12,99.56,Tuesday,0,197.22857142857143,5.892363326951711,0.9590033318846904
H036,2026-03-25,2,186.96,93.48,Wednesday,0,199.1757142857143,-6.106870229007633,-6.133134418281058
H036,2026-03-26,2,195.8,97.9,Thursday,0,196.35,4.728284124946525,-0.2801120448179185
H036,2026-03-27,2,216.83,108.42,Friday,0,195.5742857142857,10.740551583248203,10.868358387751833
H036,2026-03-28,2,200.83,100.42,Saturday,0,197.9257142857143,-7.379052714107825,1.467361492046081
H036,2026-03-29,2,212.26,106.13,Sunday,0,199.22428571428574,5.691380769805288,6.543235549309087
H036,2026-03-30,2,175.37,87.68,Monday,0,199.97714285714287,-17.379628757184584,-12.304977711738486
H036,2026-03-31,2,179.5,89.75,Tuesday,0,198.16714285714286,2.3550208131379424,-9.419898065846294
H036,2026-04-01,2,179.17,89.59,Wednesday,0,195.3642857142857,-0.18384401114206472,-8.289276443274469
H036,2026-04-02,2,190.94,95.47,Thursday,0,194.25142857142856,6.569180108277051,-1.7047125963405272
H036,2026-04-03,2,201.78,100.89,Friday,0,193.55714285714288,5.677176076254331,4.248284006199709
H036,2026-04-04,2,227.51,113.76,Saturday,0,191.40714285714287,12.751511547229644,18.86181288950254
H036,2026-04-05,2,205.35,102.68,Sunday,0,195.21857142857144,-9.740231198628635,5.189787271410061
H036,2026-04-06,2,193.41,96.71,Monday,0,194.23142857142855,-5.8144631117604035,-0.42291228431472666
H036,2026-04-07,2,192.72,96.36,Tuesday,0,196.80857142857144,-0.3567550798821095,-2.077435651757334
H036,2026-04-08,2,195.14,97.57,Wednesday,0,198.69714285714286,1.255707762557079,-1.790233521223984
H036,2026-04-09,2,224.73,112.37,Thursday,0,200.97857142857143,15.163472378804954,11.817891033159182
H036,2026-04-10,2,211.41,105.71,Friday,0,205.80571428571426,-5.9271125350420455,2.7230952909817976
H037,2026-01-01,2,173.1,86.55,Thursday,0,,,
H037,2026-01-02,2,163.61,81.8,Friday,0,,-5.482380127094155,
H037,2026-01-03,2,196.28,98.14,Saturday,0,,19.968217101644136,
H037,2026-01-04,2,168.13,84.07,Sunday,0,,-14.341756674138983,
H037,2026-01-05,2,175.85,87.93,Monday,0,,4.591685005650392,
H037,2026-01-06,2,150.3,75.15,Tuesday,0,,-14.529428490190499,
H037,2026-01-07,2,173.71,86.85,Wednesday,0,,15.575515635395876,
H037,2026-01-08,2,178.35,89.18,Thursday,0,171.56857142857143,2.6711185308847973,3.9526053722793004
H037,2026-01-09,2,188.0,94.0,Friday,0,172.31857142857143,5.410709279506598,9.100254511991906
H037,2026-01-10,2,180.8,90.4,Saturday,0,175.80285714285714,-3.8297872340425476,2.842469649445006
H037,2026-01-11,2,187.6,93.8,Sunday,0,173.5914285714286,3.761061946902644,8.069852033510525
H037,2026-01-12,2,154.68,77.34,Monday,0,176.37285714285716,-17.54797441364605,-12.299430589416904
H037,2026-01-13,2,190.09,95.05,Tuesday,0,173.34857142857143,22.892423066976985,9.657667457805907
H037,2026-01-14,2,191.12,95.56,Wednesday,0,179.03285714285715,0.5418485980325016,6.751354499972069
H037,2026-01-15,2,178.93,89.47,Thursday,0,181.52,-6.378191712013392,-1.426840017628913
H037,2026-01-16,2,195.3,97.65,Friday,0,181.60285714285715,9.148829151064675,7.542360881672727
H037,2026-01-17,2,203.12,101.56,Saturday,0,182.64571428571432,4.004096262160783,11.209836373306617
H037,2026-01-18,2,169.73,84.87,Sunday,0,185.8342857142857,-16.438558487593546,-8.665938931767164
H037,2026-01-19,2,181.91,90.95,Monday,0,183.28142857142856,7.176103222765584,-0.7482637941650987
H037,2026-01-20,2,169.04,84.52,Tuesday,0,187.17142857142858,-7.0749271617833065,-9.687070676232644
H037,2026-01-21,2,165.1,82.55,Wednesday,0,184.16428571428574,-2.3308092759110277,-10.35178218205796
H037,2026-01-22,2,178.01,89.0,Thursday,0,180.44714285714284,7.819503331314359,-1.35061315937393
H037,2026-01-23,2,151.11,75.55,Friday,0,180.31571428571428,-15.11151058929272,-16.19698782294546
H037,2026-01-24,2,194.04,97.02,Saturday,0,174.00285714285715,28.409767718880264,11.515410255989218
H037,2026-01-25,2,191.12,95.56,Sunday,0,172.7057142857143,-1.504844361987212,10.662233030588778
H037,2026-01-26,2,170.74,85.37,Monday,0,175.76142857142855,-10.663457513604014,-2.8569570765566805
H037,2026-01-27,2,163.86,81.93,Tuesday,0,174.16571428571427,-4.029518566241064,-5.917188884149728
H037,2026-01-28,2,172.18,86.09,Wednesday,0,173.4257142857143,5.077505187355058,-0.7182984892667094
H037,2026-01-29,2,200.79,100.4,Thursday,0,174.43714285714285,16.616331745847358,15.107365731413694
H037,2026-01-30,2,193.75,96.88,Friday,0,177.6914285714286,-3.506150704716371,9.03733599176742
H037,2026-01-31,2,193.77,96.88,Saturday,0,183.78285714285715,0.01032258064517233,5.434208071637336
H037,2026-02-01,2,198.77,99.39,Sunday,0,183.74428571428572,2.5803787996077743,8.177513780797849
H037,2026-02-02,2,162.85,81.42,Monday,0,184.83714285714288,-18.071137495597934,-11.895413723277649
H037,2026-02-03,2,173.35,86.67,Tuesday,0,183.71,6.447651212772487,-5.639322845789567
H037,2026-02-04,2,149.0,74.5,Wednesday,0,185.06571428571428,-14.046726276319577,-19.48805829589489
H037,2026-02-05,2,190.1,95.05,Thursday,0,181.75428571428574,27.583892617449667,4.591756531581079
H037,2026-02-06,2,203.24,101.62,Friday,0,180.22714285714284,6.912151499210939,12.768807615786445
H037,2026-02-07,2,187.48,93.74,Saturday,0,181.58285714285714,-7.754379059240312,3.2476319350473593
H037,2026-02-08,2,406.2,203.1,Sunday,1,180.68428571428572,116.66311073181141,124.81202413048804
H037,2026-02-09,2,183.17,91.58,Monday,0,210.31714285714284,-54.906450024618415,-12.907717596554862
H037,2026-02-10,2,177.98,88.99,Tuesday,0,213.22,-2.833433422503684,-16.527530250445555
H037,2026-02-11,2,167.62,83.81,Wednesday,0,213.88142857142856,-5.820878750421388,-21.629474274798447
H037,2026-02-12,2,165.36,82.68,Thursday,0,216.54142857142855,-1.3482877938193472,-23.635859848659763
H037,2026-02-13,2,176.18,88.09,Friday,0,213.00714285714284,6.543299467827768,-17.289158646591318
H037,2026-02-14,2,188.11,94.06,Saturday,0,209.14142857142858,6.771483709842219,-10.056079618030173
H037,2026-02-15,2,182.18,91.09,Sunday,0,209.23142857142855,-3.1524108234543657,-12.928950854146457
H037,2026-02-16,2,171.94,85.97,Monday,0,177.22857142857146,-5.6208145789878206,-2.984039980654538
H037,2026-02-17,2,154.7,77.35,Tuesday,0,175.62428571428572,-10.026753518669306,-11.914232493065564
H037,2026-02-18,2,188.23,94.11,Wednesday,0,172.29857142857145,21.674208144796392,9.246407813678893
H037,2026-02-19,2,136.21,68.1,Thursday,0,175.24285714285716,-27.636402273813943,-22.273579522295595
H037,2026-02-20,2,168.2,84.1,Friday,0,171.07857142857142,23.485793994567207,-1.682601979040544
H037,2026-02-21,2,180.94,90.47,Saturday,0,169.9385714285714,7.574316290130811,6.473767832073786
H037,2026-02-22,2,202.12,101.06,Sunday,0,168.91428571428574,11.70553774731955,19.658322056833544
H037,2026-02-23,2,164.49,82.24,Monday,0,171.76285714285714,-18.617652879477532,-4.234243225709861
H037,2026-02-24,2,182.61,91.31,Tuesday,0,170.6985714285714,11.015867225971189,6.978048188536211
H037,2026-02-25,2,177.16,88.58,Wednesday,0,174.6857142857143,-2.984502491648877,1.416421328099427
H037,2026-02-26,2,150.54,75.27,Thursday,0,173.1042857142857,-15.025965229171378,-13.03508207273898
H037,2026-02-27,2,200.95,100.47,Friday,0,175.15142857142857,33.48611664673842,14.729295466779762
H037,2026-02-28,2,162.56,81.28,Saturday,0,179.82999999999998,-19.104254789748687,-9.60351443029527
H037,2026-03-01,2,194.4,97.2,Sunday,0,177.2042857142857,19.586614173228355,9.703893004845105
H037,2026-03-02,2,167.52,83.76,Monday,0,176.10142857142858,-13.827160493827162,-4.873003382790763
H037,2026-03-03,2,185.97,92.98,Tuesday,0,176.53428571428572,11.01361031518624,5.344975480279022
H037,2026-03-04,2,152.65,76.33,Wednesday,0,177.0142857142857,-17.91686831209335,-13.764022274231289
H037,2026-03-05,2,408.65,204.33,Thursday,1,173.51285714285717,167.70389780543726,135.51568842160725
H037,2026-03-06,2,164.98,82.49,Friday,0,210.3857142857143,-59.62804355805702,-21.58212806409996
H037,2026-03-07,2,196.31,98.15,Saturday,0,205.24714285714285,18.99018062795492,-4.354332407620076
H037,2026-03-08,2,177.15,88.58,Sunday,0,210.06857142857143,-9.76007335336967,-15.670393340949893
H037,2026-03-09,2,175.12,87.56,Monday,0,207.6042857142857,-1.1459215354219565,-15.647213448662631
H037,2026-03-10,2,161.97,80.98,Tuesday,0,208.69,-7.509136592051169,-22.387272988643442
H037,2026-03-11,2,170.83,85.41,Wednesday,0,205.26142857142855,5.4701487929863735,-16.77442703729737
H037,2026-03-12,2,170.25,85.12,Thursday,0,207.85857142857142,-0.3395188198794141,-18.09334643748153
H037,2026-03-13,2,164.71,82.35,Friday,0,173.8014285714286,-3.254038179148311,-5.230928563796134
H037,2026-03-14,2,188.23,94.11,Saturday,0,173.76285714285717,14.279643008924769,8.325797063321087
H037,2026-03-15,2,160.92,80.46,Sunday,0,172.60857142857142,-14.508845561281413,-6.771721318259319
H037,2026-03-16,2,180.35,90.18,Monday,0,170.29000000000002,12.074322644792446,5.907569440366418
H037,2026-03-17,2,311.38,155.69,Tuesday,1,171.03714285714287,72.65317438314389,82.0540233533234
H037,2026-03-18,2,185.32,92.66,Wednesday,0,192.3814285714286,-40.4842957158456,-3.6705354689716225
H037,2026-03-19,2,156.69,78.35,Thursday,0,194.45142857142858,-15.44895316209799,-19.419465749801645
H037,2026-03-20,2,154.73,77.36,Friday,0,192.5142857142857,-1.25087752887868,-19.626743840902346
H037,2026-03-21,2,206.58,103.29,Saturday,0,191.0885714285714,33.50998513539716,8.10693620011664
H037,2026-03-22,2,178.39,89.19,Sunday,0,193.71,-13.646045115693695,-7.908729544163967
H037,2026-03-23,2,167.3,83.65,Monday,0,196.20571428571427,-6.216716183642568,-14.732350885368112
H037,2026-03-24,2,157.81,78.91,Tuesday,0,194.34142857142857,-5.672444710101621,-18.79755070237211
H037,2026-03-25,2,186.75,93.38,Wednesday,0,172.40285714285713,18.338508332805283,8.321870701513076
H037,2026-03-26,2,163.59,81.79,Thursday,0,172.60714285714286,-12.401606425702806,-5.224084419615147
H037,2026-03-27,2,189.69,94.84,Friday,0,173.59285714285713,15.954520447460109,9.272929267991614
H037,2026-03-28,2,186.87,93.43,Saturday,0,178.58714285714288,-1.486636090463389,4.6379918567165985
H037,2026-03-29,2,181.73,90.87,Sunday,0,175.77142857142854,-2.7505752662278615,3.389954486345914
H037,2026-03-30,2,172.74,86.37,Monday,0,176.24857142857144,-4.946899246134362,-1.990694960040203
H037,2026-03-31,2,172.05,86.03,Tuesday,0,177.0257142857143,-0.3994442514762109,-2.810729676076109
H037,2026-04-01,2,185.93,92.97,Wednesday,0,179.06,8.067422260970636,3.836702781190665
H037,2026-04-02,2,148.1,74.05,Thursday,0,178.94285714285712,-20.346366912278825,-17.23614881047421
H037,2026-04-03,2,190.64,95.32,Friday,0,176.73000000000002,28.7238352464551,7.870763311265754
H037,2026-04-04,2,194.25,97.12,Saturday,0,176.8657142857143,1.8936214855224565,9.829087443257997
H037,2026-04-05,2,185.15,92.58,Sunday,0,177.92000000000002,-4.684684684684681,4.0636241007194185
H037,2026-04-06,2,153.9,76.95,Monday,0,178.40857142857143,-16.87820685930327,-13.737328443540509
H037,2026-04-07,2,184.38,92.19,Tuesday,0,175.71714285714285,19.80506822612085,4.930001138192878
H037,2026-04-08,2,163.67,81.83,Wednesday,0,177.47857142857143,-11.232237769823195,-7.780416146818537
H037,2026-04-09,2,151.38,75.69,Thursday,0,174.29857142857145,-7.509012036414731,-13.149029989590943
H037,2026-04-10,2,158.74,79.37,Friday,0,174.76714285714283,4.861936847668136,-9.170569819433187
H038,2026-01-01,3,273.87,91.29,Thursday,0,,,
H038,2026-01-02,3,265.7,88.57,Friday,0,,-2.9831671961149553,
H038,2026-01-03,3,373.08,124.36,Saturday,0,,40.414000752728654,
H038,2026-01-04,3,322.98,107.66,Sunday,0,,-13.428755226761012,
H038,2026-01-05,3,320.11,106.7,Monday,0,,-0.8885999133073308,
H038,2026-01-06,3,346.3,115.43,Tuesday,0,,8.181562587860425,
H038,2026-01-07,3,330.92,110.31,Wednesday,0,,-4.441235922610454,
H038,2026-01-08,3,323.98,107.99,Thursday,0,318.9942857142857,-2.0971836093315543,1.5629478360561884
H038,2026-01-09,3,348.24,116.08,Friday,0,326.15285714285716,7.488116550404333,6.772021882815681
H038,2026-01-10,3,313.63,104.54,Saturday,0,337.94428571428574,-9.938548127728009,-7.194761604829207
H038,2026-01-11,3,346.03,115.34,Sunday,0,329.4514285714286,10.330644389886157,5.0321746973323425
H038,2026-01-12,3,310.2,103.4,Monday,0,332.7442857142857,-10.354593532352684,-6.775258564062492
H038,2026-01-13,3,322.05,107.35,Tuesday,0,331.3285714285715,3.8201160541586177,-2.800413917992509
H038,2026-01-14,3,321.07,107.02,Wednesday,0,327.86428571428576,-0.30430057444497116,-2.0722860068408244
H038,2026-01-15,3,293.33,97.78,Thursday,0,326.45714285714286,-8.63986046656493,-10.147470680903208
H038,2026-01-16,3,340.72,113.57,Friday,0,322.0785714285715,16.155865407561464,5.787851234170891
H038,2026-01-17,3,307.52,102.51,Saturday,0,321.0042857142857,-9.744071378257823,-4.200655977000749
H038,2026-01-18,3,347.51,115.84,Sunday,0,320.13142857142856,13.004032258064523,8.552291023329705
H038,2026-01-19,3,265.91,88.64,Monday,0,320.34285714285716,-23.481338666513185,-16.992062076346766
H038,2026-01-20,3,343.01,114.34,Tuesday,0,314.0157142857143,28.994772667443858,9.233386864169667
H038,2026-01-21,3,302.85,100.95,Wednesday,0,317.00999999999993,-11.708113466079695,-4.466736065108329
H038,2026-01-22,3,763.48,254.49,Thursday,1,314.40714285714284,152.09839854713553,142.8316332326147
H038,2026-01-23,3,318.94,106.31,Friday,0,381.57142857142856,-58.225493791585905,-16.414077124672406
H038,2026-01-24,3,397.06,132.35,Saturday,0,378.46,24.493635166488993,4.914654124610269
H038,2026-01-25,3,387.21,129.07,Sunday,0,391.25142857142856,-2.480733390419587,-1.0329492178942323
H038,2026-01-26,3,330.83,110.28,Monday,0,396.92285714285714,-14.560574365331469,-16.65131043815639
H038,2026-01-27,3,321.98,107.33,Tuesday,0,406.19714285714286,-2.6750899253392912,-20.733071203989613
H038,2026-01-28,3,341.9,113.97,Wednesday,0,403.1928571428571,6.186719672029306,-15.201870781440999
H038,2026-01-29,3,302.63,100.88,Thursday,0,408.7714285714286,-11.485814565662466,-25.965960718529395
H038,2026-01-30,3,294.98,98.33,Friday,0,342.9357142857143,-2.5278392756831747,-13.983878694465854
H038,2026-01-31,3,316.46,105.49,Saturday,0,339.5128571428572,7.281849616923175,-6.789980602459841
H038,2026-02-01,3,350.51,116.84,Sunday,0,327.9985714285714,10.7596536687101,6.863270310410773
H038,2026-02-02,3,353.61,117.87,Monday,0,322.7557142857143,0.8844255513394739,9.559640418007424
H038,2026-02-03,3,295.19,98.4,Tuesday,0,326.01000000000005,-16.521025989084027,-9.453697739333164
H038,2026-02-04,3,301.39,100.46,Wednesday,0,322.18285714285713,2.100342152511936,-6.453744102727822
H038,2026-02-05,3,283.4,94.47,Thursday,0,316.3957142857143,-5.969010252496765,-10.428622385168671
H038,2026-02-06,3,372.19,124.06,Friday,0,313.6485714285714,31.330275229357806,18.66465653096733
H038,2026-02-07,3,351.73,117.24,Saturday,0,324.67857142857144,-5.497192294258301,8.331756682433177
H038,2026-02-08,3,305.87,101.96,Sunday,0,329.71714285714285,-13.038410144144663,-7.232606303238269
H038,2026-02-09,3,333.23,111.08,Monday,0,323.34000000000003,8.944976624055979,3.058699820622251
H038,2026-02-10,3,313.71,104.57,Tuesday,0,320.42857142857144,-5.8578159229361155,-2.0967454302273856
H038,2026-02-11,3,347.74,115.91,Wednesday,0,323.07428571428574,10.847598100156208,7.634688174325229
H038,2026-02-12,3,379.4,126.47,Thursday,0,329.69571428571425,9.104503364582728,15.075805829617794
H038,2026-02-13,3,295.93,98.64,Friday,0,343.40999999999997,-22.00052714812861,-13.82603884569464
H038,2026-02-14,3,308.19,102.73,Saturday,0,332.5157142857143,4.1428716250464515,-7.315658551045925
H038,2026-02-15,3,388.57,129.52,Sunday,0,326.29571428571427,26.08131347545346,19.085229436926195
H038,2026-02-16,3,316.72,105.57,Monday,0,338.11,-18.490876804694125,-6.326343497678266
H038,2026-02-17,3,589.29,196.43,Tuesday,1,335.7514285714286,86.0602424854761,75.51377294426996
H038,2026-02-18,3,342.99,114.33,Wednesday,0,375.12,-41.796059665020614,-8.565259117082533
H038,2026-02-19,3,310.46,103.49,Thursday,0,374.4414285714286,-9.484241523076486,-17.087166026347834
H038,2026-02-20,3,313.53,104.51,Friday,0,364.59285714285716,0.9888552470527667,-14.005446388339255
H038,2026-02-21,3,360.09,120.03,Saturday,0,367.1071428571428,14.850253564252224,-1.9114699873528405
H038,2026-02-22,3,342.49,114.16,Sunday,0,374.52142857142854,-4.887666972145843,-8.552629069479135
H038,2026-02-23,3,340.56,113.52,Monday,0,367.9385714285714,-0.5635201027767267,-7.441071296839133
H038,2026-02-24,3,362.36,120.79,Tuesday,0,371.3442857142857,6.401221517500599,-2.4193951704425207
H038,2026-02-25,3,335.18,111.73,Wednesday,0,338.92571428571426,-7.500827905949881,-1.1051726463447449
H038,2026-02-26,3,340.76,113.59,Thursday,0,337.81,1.6647771346739004,0.8732719576093037
H038,2026-02-27,3,315.07,105.02,Friday,0,342.1385714285714,-7.539030402629421,-7.911581355925128
H038,2026-02-28,3,321.53,107.18,Saturday,0,342.35857142857145,2.0503380201225108,-6.0838469274069515
H038,2026-03-01,3,349.52,116.51,Sunday,0,336.84999999999997,8.705253009050473,3.7613180941071747
H038,2026-03-02,3,311.78,103.93,Monday,0,337.8542857142857,-10.797665369649811,-7.717612833935178
H038,2026-03-03,3,318.06,106.02,Tuesday,0,333.74285714285713,2.0142408108281495,-4.699083982535739
H038,2026-03-04,3,307.11,102.37,Wednesday,0,327.41428571428565,-3.442746651575168,-6.2014049478598325
H038,2026-03-05,3,358.14,119.38,Thursday,0,323.4042857142857,16.616196151216165,10.740647486781246
H038,2026-03-06,3,332.48,110.83,Friday,0,325.88714285714286,-7.164795889875464,2.023049171273144
H038,2026-03-07,3,371.34,123.78,Saturday,0,328.3742857142857,11.687921077959572,13.084372362547963
H038,2026-03-08,3,355.89,118.63,Sunday,0,335.48999999999995,-4.1606075294878035,6.08065814182242
H038,2026-03-09,3,320.49,106.83,Monday,0,336.4,-9.946893703110504,-4.7294887039238915
H038,2026-03-10,3,320.52,106.84,Tuesday,0,337.6442857142857,0.009360666479452107,-5.071694217498544
H038,2026-03-11,3,285.17,95.06,Wednesday,0,337.99571428571426,-11.028952951453874,-15.62910772325937
H038,2026-03-12,3,306.37,102.12,Thursday,0,334.8614285714285,7.434162078760043,-8.508423527002625
H038,2026-03-13,3,311.91,103.97,Friday,0,327.46571428571434,1.8082710448150907,-4.750333731775636
H038,2026-03-14,3,361.23,120.41,Saturday,0,324.52714285714285,15.81225353467346,11.309641720481237
H038,2026-03-15,3,321.29,107.1,Sunday,0,323.0828571428571,-11.056667497162476,-0.554921780348235
H038,2026-03-16,3,315.52,105.17,Monday,0,318.14,-1.795885337234282,-0.8235368076947271
H038,2026-03-17,3,246.68,82.23,Tuesday,0,317.43,-21.817951318458405,-22.288378540150582
H038,2026-03-18,3,307.77,102.59,Wednesday,0,306.88142857142856,24.764877574185174,0.28954877872793916
H038,2026-03-19,3,347.83,115.94,Thursday,0,310.11,13.016213406114963,12.163425881138942
H038,2026-03-20,3,277.11,92.37,Friday,0,316.03285714285715,-20.331771267573227,-12.316079250349194
H038,2026-03-21,3,348.67,116.22,Saturday,0,311.06142857142856,25.823680127025362,12.09040015063631
H038,2026-03-22,3,333.79,111.26,Sunday,0,309.26714285714286,-4.267645624802818,7.929344487197852
H038,2026-03-23,3,286.78,95.59,Monday,0,311.05285714285714,-14.08370532370653,-7.803450952295667
H038,2026-03-24,3,361.87,120.62,Tuesday,0,306.94714285714286,26.18383429806821,17.893262218250698
H038,2026-03-25,3,318.05,106.02,Wednesday,0,323.4028571428571,-12.109321026888109,-1.6551669302329528
H038,2026-03-26,3,321.38,107.13,Thursday,0,324.87142857142857,1.0470051878635367,-1.0747108746317224
H038,2026-03-27,3,354.88,118.29,Friday,0,321.09285714285716,10.423797373825373,10.522545770026467
H038,2026-03-28,3,355.41,118.47,Saturday,0,332.20285714285717,0.149346257890004,6.985834816936294
H038,2026-03-29,3,648.14,216.05,Sunday,1,333.1657142857143,82.36403027489376,94.53982574094401
H038,2026-03-30,3,265.95,88.65,Monday,0,378.0728571428572,-58.96719844478044,-29.656415430132522
H038,2026-03-31,3,318.82,106.27,Tuesday,0,375.09714285714284,19.879676630945674,-15.003351512750982
H038,2026-04-01,3,282.27,94.09,Wednesday,0,368.94714285714286,-11.464149049620476,-23.493105864951623
H038,2026-04-02,3,361.59,120.53,Thursday,0,363.8357142857143,28.100754596662767,-0.617233052594389
H038,2026-04-03,3,324.72,108.24,Friday,0,369.58,-10.196631544013924,-12.13810271118566
H038,2026-04-04,3,316.18,105.39,Saturday,0,365.2714285714286,-2.6299581177629983,-13.43971215143338
H038,2026-04-05,3,289.88,96.63,Sunday,0,359.6671428571428,-8.318046682269598,-19.403257774052975
H038,2026-04-06,3,346.22,115.41,Monday,0,308.4871428571428,19.435628535945916,12.23158177465143
H038,2026-04-07,3,377.35,125.78,Tuesday,0,319.95428571428573,8.991392756051052,17.938723389055582
H038,2026-04-08,3,338.79,112.93,Wednesday,0,328.3157142857143,-10.218629919173184,3.1903089795971646
H038,2026-04-09,3,317.83,105.94,Thursday,0,336.39,-6.186723338941535,-5.517405392550315
H038,2026-04-10,3,309.12,103.04,Friday,0,330.1385714285715,-2.7404587358021537,-6.366590652410041
H039,2026-01-01,2,187.44,93.72,Thursday,0,,,
H039,2026-01-02,2,222.52,111.26,Friday,0,,18.715322236449005,
H039,2026-01-03,2,230.37,115.19,Saturday,0,,3.527772784468808,
H039,2026-01-04,2,192.22,96.11,Sunday,0,,-16.560316013369803,
H039,2026-01-05,2,189.1,94.55,Monday,0,,-1.6231401519092747,
H039,2026-01-06,2,189.4,94.7,Tuesday,0,,0.15864621893177944,
H039,2026-01-07,2,235.93,117.97,Wednesday,0,,24.567053854276665,
H039,2026-01-08,2,173.91,86.96,Thursday,0,206.71142857142857,-26.287458144364862,-15.868222090146375
H039,2026-01-09,2,193.8,96.9,Friday,0,204.77857142857144,11.436950146627577,-5.361191530921901
H039,2026-01-10,2,211.7,105.85,Saturday,0,200.6757142857143,9.236326109391113,5.493582396617135
H039,2026-01-11,2,220.15,110.07,Sunday,0,198.00857142857146,3.9914974019839455,11.182055610868204
H039,2026-01-12,2,174.41,87.2,Monday,0,201.99857142857144,-20.776743129684306,-13.65780521785869
H039,2026-01-13,2,191.94,95.97,Tuesday,0,199.9,10.051029184106408,-3.981990995497753
H039,2026-01-14,2,198.1,99.05,Wednesday,0,200.26285714285717,3.209336250911732,-1.0800091308566055
H039,2026-01-15,2,195.3,97.65,Thursday,0,194.85857142857142,-1.4134275618374437,0.2265379286075701
H039,2026-01-16,2,199.0,99.5,Friday,0,197.91428571428568,1.8945212493599595,0.548578028006368
H039,2026-01-17,2,221.76,110.88,Saturday,0,198.65714285714284,11.43718592964824,11.629512440673095
H039,2026-01-18,2,212.28,106.14,Sunday,0,200.0942857142857,-4.274891774891776,6.089986149386731
H039,2026-01-19,2,181.18,90.59,Monday,0,198.97,-14.65046165441869,-8.941046388902846
H039,2026-01-20,2,186.97,93.49,Tuesday,0,199.93714285714285,3.1957169665525864,-6.485609763068388
H039,2026-01-21,2,194.16,97.08,Wednesday,0,199.22714285714284,3.8455367171204013,-2.543399852286327
H039,2026-01-22,2,183.03,91.52,Thursday,0,198.66428571428574,-5.732385661310257,-7.8697012188545035
H039,2026-01-23,2,176.07,88.03,Friday,0,196.9114285714286,-3.802655302409441,-10.584164018630576
H039,2026-01-24,2,183.85,91.92,Saturday,0,193.6357142857143,4.418697109104341,-5.053672212180467
H039,2026-01-25,2,205.3,102.65,Sunday,0,188.22,11.66711993472942,9.074487302093303
H039,2026-01-26,2,175.08,87.54,Monday,0,187.22285714285718,-14.71992206527033,-6.4857770723965436
H039,2026-01-27,2,184.32,92.16,Tuesday,0,186.35142857142858,5.27758738862234,-1.0901062508624366
H039,2026-01-28,2,169.97,84.99,Wednesday,0,185.97285714285712,-7.785373263888884,-8.604942349497998
H039,2026-01-29,2,196.1,98.05,Thursday,0,182.51714285714283,15.37330117079485,7.441962398835347
H039,2026-01-30,2,201.58,100.79,Friday,0,184.3842857142857,2.79449260581337,9.326019415971313
H039,2026-01-31,2,201.3,100.65,Saturday,0,188.02857142857144,-0.1389026689155637,7.05819784227321
H039,2026-02-01,2,211.83,105.92,Sunday,0,190.52142857142857,5.230998509687024,11.184343718366895
H039,2026-02-02,2,178.4,89.2,Monday,0,191.4542857142857,-15.7815229193221,-6.8184870689011845
H039,2026-02-03,2,208.53,104.27,Tuesday,0,191.92857142857142,16.889013452914803,8.649795310755497
H039,2026-02-04,2,203.78,101.89,Wednesday,0,195.38714285714286,-2.2778497098738804,4.295501239297802
H039,2026-02-05,2,199.47,99.74,Thursday,0,200.21714285714285,-2.1150260084404793,-0.3731662766139572
H039,2026-02-06,2,204.41,102.2,Friday,0,200.69857142857146,2.4765628916629145,1.8492551018229033
H039,2026-02-07,2,176.21,88.11,Saturday,0,201.10285714285715,-13.795802553691106,-12.378171795527518
H039,2026-02-08,2,207.33,103.67,Sunday,0,197.51857142857145,17.660745701152038,4.967344842799588
H039,2026-02-09,2,196.21,98.1,Monday,0,196.8757142857143,-5.363430280229586,-0.3381393627596896
H039,2026-02-10,2,191.06,95.53,Tuesday,0,199.42000000000002,-2.624738800265025,-4.19215725604253
H039,2026-02-11,2,186.12,93.06,Wednesday,0,196.92428571428573,-2.5855752119752995,-5.4865176608849
H039,2026-02-12,2,195.9,97.95,Thursday,0,194.4014285714286,5.254674403610582,0.7708644116371768
H039,2026-02-13,2,185.57,92.78,Friday,0,193.89142857142858,-5.273098519652885,-4.291798060770393
H039,2026-02-14,2,221.37,110.68,Saturday,0,191.20000000000002,19.291911408093988,15.779288702928863
H039,2026-02-15,2,194.65,97.32,Sunday,0,197.65142857142857,-12.070289560464376,-1.5185463586689363
H039,2026-02-16,2,180.78,90.39,Monday,0,195.84,-7.125610069355259,-7.689950980392157
H039,2026-02-17,2,186.68,93.34,Tuesday,0,193.6357142857143,3.2636353578935795,-3.592164963665207
H039,2026-02-18,2,176.88,88.44,Wednesday,0,193.01000000000002,-5.249625026783811,-8.357079944044361
H039,2026-02-19,2,195.43,97.71,Thursday,0,191.69,10.487336047037555,1.9510668266471953
H039,2026-02-20,2,179.1,89.55,Friday,0,191.62285714285716,-8.35593307066469,-6.535158346752559
H039,2026-02-21,2,209.26,104.63,Saturday,0,190.6985714285714,16.839754327191514,9.733386271528003
H039,2026-02-22,2,198.13,99.07,Sunday,0,188.96857142857144,-5.318742234540763,4.848122892695679
H039,2026-02-23,2,202.83,101.42,Monday,0,189.46571428571428,2.3721798818957307,7.053669717853219
H039,2026-02-24,2,206.38,103.19,Tuesday,0,192.6157142857143,1.7502341862643434,7.1459827487743866
H039,2026-02-25,2,192.45,96.23,Wednesday,0,195.43,-6.749685047000686,-1.5248426546589664
H039,2026-02-26,2,239.66,119.83,Thursday,0,197.6542857142857,24.531047025201346,21.252114080862704
H039,2026-02-27,2,206.37,103.18,Friday,0,203.97285714285712,-13.890511558040552,1.1752263956689035
H039,2026-02-28,2,213.72,106.86,Saturday,0,207.8685714285714,3.5615641808402376,2.814965500178691
H039,2026-03-01,2,207.29,103.65,Sunday,0,208.50571428571428,-3.008609395470707,-0.5830604162955446
H039,2026-03-02,2,216.34,108.17,Monday,0,209.8142857142857,4.365864248154772,3.1102335398652015
H039,2026-03-03,2,212.82,106.41,Tuesday,0,211.74428571428572,-1.627068503281881,0.5080251786184068
H039,2026-03-04,2,202.27,101.13,Wednesday,0,212.66428571428568,-4.957240860821344,-4.88764988412318
H039,2026-03-05,2,171.2,85.6,Thursday,0,214.06714285714287,-15.360656548178186,-20.025092260772663
H039,2026-03-06,2,197.73,98.87,Friday,0,204.28714285714287,15.4964953271028,-3.209767763861801
H039,2026-03-07,2,181.53,90.77,Saturday,0,203.05285714285714,-8.19299044151115,-10.599632748686123
H039,2026-03-08,2,203.05,101.52,Sunday,0,198.45428571428573,11.854789841899427,2.315754617832099
H039,2026-03-09,2,204.07,102.03,Monday,0,197.8485714285714,0.502339325289336,3.1445405577137007
H039,2026-03-10,2,465.25,232.62,Tuesday,1,196.0957142857143,127.98549517322488,137.25658752649943
H039,2026-03-11,2,175.32,87.66,Wednesday,0,232.15714285714284,-62.317033852767324,-24.482185711648512
H039,2026-03-12,2,188.72,94.36,Thursday,0,228.30714285714288,7.643166780743793,-17.339423708663148
H039,2026-03-13,2,167.37,83.68,Friday,0,230.81,-11.313056379821951,-27.485810840084916
H039,2026-03-14,2,171.75,85.88,Saturday,0,226.47285714285712,2.616956443807128,-24.163097438355898
H039,2026-03-15,2,190.47,95.23,Sunday,0,225.07571428571427,10.899563318777282,-15.375143602470272
H039,2026-03-16,2,207.19,103.59,Monday,0,223.27857142857144,8.77828529427207,-7.205604785821689
H039,2026-03-17,2,180.88,90.44,Tuesday,0,223.72428571428574,-12.698489309329597,-19.150484971936134
H039,2026-03-18,2,199.3,99.65,Wednesday,0,183.1,10.18354710305176,8.847624249044248
H039,2026-03-19,2,180.25,90.12,Thursday,0,186.52571428571426,-9.558454591068744,-3.364530359659321
H039,2026-03-20,2,162.21,81.11,Friday,0,185.31571428571428,-10.008321775312057,-12.468297345842224
H039,2026-03-21,2,202.13,101.07,Saturday,0,184.57857142857142,24.610073361691633,9.50891993343911
H039,2026-03-22,2,201.67,100.84,Sunday,0,188.91857142857143,-0.2275763122742802,6.749695636063907
H039,2026-03-23,2,167.08,83.54,Monday,0,190.51857142857145,-17.15178261516337,-12.302512690926273
H039,2026-03-24,2,196.14,98.07,Tuesday,0,184.78857142857143,17.392865693081138,6.142927824850013
H039,2026-03-25,2,175.17,87.58,Wednesday,0,186.96857142857144,-10.691342918323643,-6.3104570668867295
H039,2026-03-26,2,204.14,102.07,Thursday,0,183.52142857142857,16.53822001484273,11.23496672245358
H039,2026-03-27,2,194.86,97.43,Friday,0,186.93428571428572,-4.545899872636417,4.239839821480432
H039,2026-03-28,2,209.13,104.56,Saturday,0,191.59857142857143,7.323206404598159,9.150083135126263
H039,2026-03-29,2,196.2,98.1,Sunday,0,192.59857142857143,-6.1827571367092276,1.8699144779296608
H039,2026-03-30,2,217.27,108.64,Monday,0,191.81714285714284,10.739041794087667,13.269333889418508
H039,2026-03-31,2,197.63,98.81,Tuesday,0,198.98714285714283,-9.039444009757446,-0.6820254000617292
H039,2026-04-01,2,176.65,88.33,Wednesday,0,199.20000000000002,-10.615797196781863,-11.320281124497997
H039,2026-04-02,2,195.47,97.74,Thursday,0,199.4114285714286,10.653835267478051,-1.9765309338911736
H039,2026-04-03,2,227.27,113.64,Friday,0,198.17285714285714,16.268481096843512,14.682708457984017
H039,2026-04-04,2,207.06,103.53,Saturday,0,202.80285714285714,-8.892506710080529,2.099153294543615
H039,2026-04-05,2,186.29,93.15,Sunday,0,202.50714285714284,-10.03090891529026,-8.008183132870087
H039,2026-04-06,2,199.75,99.87,Monday,0,201.0914285714286,7.225293896612817,-0.6670739677758629
H039,2026-04-07,2,196.36,98.18,Tuesday,0,198.58857142857144,-1.6971214017521885,-1.122205277242252
H039,2026-04-08,2,178.65,89.32,Wednesday,0,198.40714285714284,-9.019148502750053,-9.957878820606968
H039,2026-04-09,2,418.18,209.09,Thursday,1,198.69285714285712,134.0778057654632,110.46554265377291
H039,2026-04-10,2,208.46,104.23,Friday,0,230.50857142857146,-50.150652828925345,-9.565185056644943
H040,2026-01-01,4,407.63,101.91,Thursday,0,,,
H040,2026-01-02,4,393.25,98.31,Friday,0,,-3.5277089517454563,
H040,2026-01-03,4,468.03,117.01,Saturday,0,,19.015893197711375,
H040,2026-01-04,4,392.52,98.13,Sunday,0,,-16.133581180693547,
H040,2026-01-05,4,419.16,104.79,Monday,0,,6.786915316417019,
H040,2026-01-06,4,397.57,99.39,Tuesday,0,,-5.1507777459681385,
H040,2026-01-07,4,402.43,100.61,Wednesday,0,,1.2224262394043839,
H040,2026-01-08,4,437.89,109.47,Thursday,0,411.5128571428572,8.811470317819236,6.409797992772304
H040,2026-01-09,4,427.78,106.94,Friday,0,415.8357142857143,-2.3087990134508685,2.872356871704134
H040,2026-01-10,4,498.33,124.58,Saturday,0,420.76857142857136,16.49212211884614,18.43327516313686
H040,2026-01-11,4,455.13,113.78,Sunday,0,425.0971428571429,-8.668954307386667,7.064939778470791
H040,2026-01-12,4,735.04,183.76,Monday,1,434.0414285714286,61.50110957308901,69.34788976694126
H040,2026-01-13,4,376.17,94.04,Tuesday,0,479.1671428571428,-48.82319329560295,-21.495034539096096
H040,2026-01-14,4,403.99,101.0,Wednesday,0,476.11,7.395592418321506,-15.147759971435173
H040,2026-01-15,4,455.81,113.95,Thursday,0,476.3328571428571,12.827050174509269,-4.308511754985251
H040,2026-01-16,4,468.54,117.14,Friday,0,478.89285714285717,2.792830345977504,-2.1618316056380054
H040,2026-01-17,4,420.2,105.05,Saturday,0,484.71571428571434,-10.317155418961033,-13.310010875299524
H040,2026-01-18,4,444.18,111.04,Sunday,0,473.55428571428575,5.70680628272251,-6.202939472922103
H040,2026-01-19,4,416.16,104.04,Monday,0,471.99000000000007,-6.3082534107794075,-11.828640437297407
H040,2026-01-20,4,413.09,103.27,Tuesday,0,426.4357142857143,-0.7376970396001603,-3.1295958191655195
H040,2026-01-21,4,457.73,114.43,Wednesday,0,431.71000000000004,10.806361809775122,6.027194181279095
H040,2026-01-22,4,438.86,109.71,Thursday,0,439.38714285714286,-4.122517641404322,-0.11997229907890992
H040,2026-01-23,4,369.08,92.27,Friday,0,436.9657142857142,-15.900287107505818,-15.53570728007427
H040,2026-01-24,4,471.51,117.88,Saturday,0,422.75714285714287,27.75279072287851,11.532119082215383
H040,2026-01-25,4,456.77,114.19,Sunday,0,430.08714285714285,-3.1261266993276915,6.204058313763653
H040,2026-01-26,4,409.36,102.34,Monday,0,431.88571428571424,-10.379403200735593,-5.215665519978819
H040,2026-01-27,4,409.76,102.44,Tuesday,0,430.9142857142857,0.09771350400624712,-4.909163240949478
H040,2026-01-28,4,407.2,101.8,Wednesday,0,430.4385714285714,-0.6247559547051917,-5.39881250684517
H040,2026-01-29,4,338.17,84.54,Thursday,0,423.21999999999997,-16.952357563850683,-20.09593119417796
H040,2026-01-30,4,400.69,100.17,Friday,0,408.83571428571435,18.487742851228674,-1.9924174921816455
H040,2026-01-31,4,425.84,106.46,Saturday,0,413.3514285714286,6.276672739524325,3.0212963026964164
H040,2026-02-01,4,492.1,123.02,Sunday,0,406.82714285714286,15.559834679691908,20.960464079163145
H040,2026-02-02,4,402.33,100.58,Monday,0,411.8742857142857,-18.242227189595617,-2.317281278614832
H040,2026-02-03,4,385.07,96.27,Tuesday,0,410.86999999999995,-4.290010687743894,-6.279358434541329
H040,2026-02-04,4,412.84,103.21,Wednesday,0,407.34285714285716,7.2116757992053415,1.3495125201655234
H040,2026-02-05,4,435.27,108.82,Thursday,0,408.1485714285714,5.433097568065115,6.6449892196119045
H040,2026-02-06,4,376.61,94.15,Friday,0,422.02,-13.476692627564491,-10.760153547225244
H040,2026-02-07,4,430.56,107.64,Saturday,0,418.58,14.325163962720055,2.862057432271016
H040,2026-02-08,4,378.56,94.64,Sunday,0,419.2542857142857,-12.077294685990337,-9.70634936860684
H040,2026-02-09,4,389.44,97.36,Monday,0,403.0342857142858,2.874049027895187,-3.3729849286129645
H040,2026-02-10,4,398.97,99.74,Tuesday,0,401.1928571428572,2.4471035332785718,-0.5540619936973687
H040,2026-02-11,4,769.75,192.44,Wednesday,1,403.17857142857144,92.93430583753164,90.92036495703782
H040,2026-02-12,4,465.35,116.34,Thursday,0,454.1657142857143,-39.54530691783046,2.4626001836963303
H040,2026-02-13,4,392.84,98.21,Friday,0,458.4628571428571,-15.581820135381985,-14.31366927995413
H040,2026-02-14,4,437.04,109.26,Saturday,0,460.7814285714286,11.251400061093598,-5.15242739817763
H040,2026-02-15,4,427.5,106.88,Sunday,0,461.70714285714286,-2.1828665568369043,-7.4088398644781
H040,2026-02-16,4,403.46,100.86,Monday,0,468.6985714285714,-5.623391812865497,-13.919089027672374
H040,2026-02-17,4,460.78,115.19,Tuesday,0,470.70142857142855,14.207108511376587,-2.1077965710747804
H040,2026-02-18,4,427.49,106.87,Wednesday,0,479.53142857142853,-7.224705933417241,-10.852558449915385
H040,2026-02-19,4,413.2,103.3,Thursday,0,430.63714285714286,-3.342768251888939,-4.049149764800332
H040,2026-02-20,4,401.17,100.29,Friday,0,423.1871428571429,-2.9114230396902196,-5.202696544250939
H040,2026-02-21,4,414.02,103.5,Saturday,0,424.3771428571428,3.2031308422862947,-2.440551530983217
H040,2026-02-22,4,471.18,117.79,Sunday,0,421.0885714285714,13.806096323849104,11.895698902843655
H040,2026-02-23,4,393.07,98.27,Monday,0,427.3285714285715,-16.577528757587334,-8.016915722261237
H040,2026-02-24,4,395.2,98.8,Tuesday,0,425.8442857142857,0.5418882132953495,-7.196124673338011
H040,2026-02-25,4,435.31,108.83,Wednesday,0,416.4757142857143,10.149291497975721,4.522301077408049
H040,2026-02-26,4,442.81,110.7,Thursday,0,417.59285714285716,1.7229101100365352,6.0386911379847055
H040,2026-02-27,4,381.76,95.44,Friday,0,421.8228571428572,-13.786951514193447,-9.497554830057311
H040,2026-02-28,4,411.28,102.82,Saturday,0,419.05,7.732606873428338,-1.8541940102613144
H040,2026-03-01,4,474.66,118.67,Sunday,0,418.65857142857146,15.410425987162046,13.37639604041479
H040,2026-03-02,4,362.9,90.72,Monday,0,419.1557142857143,-23.54527451228249,-13.421197032129218
H040,2026-03-03,4,394.77,98.69,Tuesday,0,414.8457142857143,8.782033618076612,-4.839320642441944
H040,2026-03-04,4,373.26,93.32,Wednesday,0,414.7842857142858,-5.448742305646325,-10.011055660601567
H040,2026-03-05,4,394.66,98.66,Thursday,0,405.91999999999996,5.73326903498903,-2.773945605045313
H040,2026-03-06,4,455.05,113.76,Friday,0,399.0414285714286,15.301778746262595,14.035778597997343
H040,2026-03-07,4,378.82,94.71,Saturday,0,409.51142857142855,-16.7520052741457,-7.49464518694751
H040,2026-03-08,4,418.59,104.65,Sunday,0,404.8742857142857,10.49838973655033,3.387647664883632
H040,2026-03-09,4,412.56,103.14,Monday,0,396.86428571428576,-1.4405504192646634,3.9549324166231603
H040,2026-03-10,4,423.31,105.83,Tuesday,0,403.9585714285714,2.605681597828191,4.790448808399733
H040,2026-03-11,4,417.4,104.35,Wednesday,0,408.0357142857143,-1.396139944721364,2.294967177242885
H040,2026-03-12,4,441.22,110.3,Thursday,0,414.3414285714286,5.706756109247735,6.48705863694193
H040,2026-03-13,4,346.41,86.6,Friday,0,420.99285714285713,-21.48814650287838,-17.715943602707878
H040,2026-03-14,4,477.62,119.41,Saturday,0,405.4728571428572,37.87708207037903,17.793334766110803
H040,2026-03-15,4,472.64,118.16,Sunday,0,419.58714285714285,-1.0426699049453592,12.644061679678323
H040,2026-03-16,4,403.45,100.86,Monday,0,427.3085714285714,-14.63904874746107,-5.583452573583485
H040,2026-03-17,4,410.91,102.73,Tuesday,0,426.0071428571428,1.84905192712852,-3.5438708271155583
H040,2026-03-18,4,440.58,110.14,Wednesday,0,424.2357142857143,7.22055924655034,3.8526425673058986
H040,2026-03-19,4,352.14,88.04,Thursday,0,427.54714285714283,-20.07353942530301,-17.63715279518048
H040,2026-03-20,4,404.28,101.07,Friday,0,414.82142857142856,14.80661100698586,-2.5411967283684915
H040,2026-03-21,4,399.2,99.8,Saturday,0,423.08857142857147,-1.2565548629662526,-5.646234155631052
H040,2026-03-22,4,466.06,116.51,Sunday,0,411.88571428571424,16.74849699398797,13.15274694783575
H040,2026-03-23,4,386.03,96.51,Monday,0,410.94571428571425,-17.171608805733175,-6.063018403543045
H040,2026-03-24,4,433.2,108.3,Tuesday,0,408.4571428571429,12.21925757065514,6.057638500279781
H040,2026-03-25,4,447.19,111.8,Wednesday,0,411.64142857142855,3.2294552169898516,8.63580994554901
H040,2026-03-26,4,350.27,87.57,Thursday,0,412.5857142857143,-21.673114336188203,-15.10370139538105
H040,2026-03-27,4,423.04,105.76,Friday,0,412.31857142857143,20.775401832871786,2.6002778711329353
H040,2026-03-28,4,461.58,115.39,Saturday,0,414.9985714285714,9.110249621785172,11.224479258104166
H040,2026-03-29,4,389.0,97.25,Sunday,0,423.90999999999997,-15.724251484033102,-8.235238611969516
H040,2026-03-30,4,364.59,91.15,Monday,0,412.90142857142854,-6.275064267352192,-11.70047503554982
H040,2026-03-31,4,397.53,99.38,Tuesday,0,409.8385714285714,9.034806220686242,-3.00327306570183
H040,2026-04-01,4,401.99,100.5,Wednesday,0,404.74285714285713,1.1219279048122255,-0.6801496541013649
H040,2026-04-02,4,426.37,106.59,Thursday,0,398.2857142857143,6.064827483270729,7.051291248206604
H040,2026-04-03,4,383.07,95.77,Friday,0,409.15714285714284,-10.155498745221292,-6.375824866450193
H040,2026-04-04,4,401.0,100.25,Saturday,0,403.44714285714286,4.680606677630728,-0.606558479956661
H040,2026-04-05,4,465.87,116.47,Sunday,0,394.79285714285714,16.177057356608483,18.003654719473143
H040,2026-04-06,4,354.65,88.66,Monday,0,405.7742857142857,-23.87361281044069,-12.599193077080159
H040,2026-04-07,4,413.46,103.37,Tuesday,0,404.3542857142857,16.58254617228254,2.251914869562756
H040,2026-04-08,4,368.23,92.06,Wednesday,0,406.63,-10.939389541914569,-9.443474411627273
H040,2026-04-09,4,436.16,109.04,Thursday,0,401.8071428571428,18.447709312114704,8.549588466392919
H040,2026-04-10,4,373.01,93.25,Friday,0,403.2057142857143,-14.478631694790911,-7.488910304559179
H041,2026-01-01,3,332.33,110.78,Thursday,0,,,
H041,2026-01-02,3,319.8,106.6,Friday,0,,-3.770348749736696,
H041,2026-01-03,3,304.8,101.6,Saturday,0,,-4.690431519699811,
H041,2026-01-04,3,356.37,118.79,Sunday,0,,16.919291338582674,
H041,2026-01-05,3,301.83,100.61,Monday,0,,-15.304318545332107,
H041,2026-01-06,3,278.94,92.98,Tuesday,0,,-7.58373919093529,
H041,2026-01-07,3,319.08,106.36,Wednesday,0,,14.39019143901914,
H041,2026-01-08,3,353.12,117.71,Thursday,0,316.1642857142857,10.668170991600867,11.688769401079911
H041,2026-01-09,3,324.07,108.02,Friday,0,319.13428571428574,-8.2266651563208,1.5465948055901135
H041,2026-01-10,3,345.49,115.16,Saturday,0,319.7442857142857,6.60968309315888,8.05197010110759
H041,2026-01-11,3,407.29,135.76,Sunday,0,325.5571428571429,17.88763784769458,25.105533371363375
H041,2026-01-12,3,301.38,100.46,Monday,0,332.8314285714286,-26.003584669400183,-9.449657055051473
H041,2026-01-13,3,334.54,111.51,Tuesday,0,332.76714285714286,11.002720817572499,0.5327620772998767
H041,2026-01-14,3,272.44,90.81,Wednesday,0,340.71000000000004,-18.56280265439111,-20.037568606733007
H041,2026-01-15,3,352.57,117.52,Thursday,0,334.04714285714283,29.411980619585965,5.544982957922969
H041,2026-01-16,3,335.92,111.97,Friday,0,333.96857142857147,-4.722466460561014,0.5843150339210641
H041,2026-01-17,3,372.72,124.24,Saturday,0,335.6614285714286,10.954989283162654,11.040461689712851
H041,2026-01-18,3,342.85,114.28,Sunday,0,339.5514285714286,-8.014058810903624,0.9714497277921351
H041,2026-01-19,3,316.36,105.45,Monday,0,330.3457142857143,-7.7264109668951475,-4.233659975264004
H041,2026-01-20,3,294.99,98.33,Tuesday,0,332.4857142857143,-6.754962700720702,-11.27739108017531
H041,2026-01-21,3,332.39,110.8,Wednesday,0,326.83571428571435,12.678395877826354,1.6994121118080063
H041,2026-01-22,3,340.6,113.53,Thursday,0,335.40000000000003,2.469990071903494,1.5503875968992213
H041,2026-01-23,3,357.75,119.25,Friday,0,333.69,5.035231943628893,7.210284995055291
H041,2026-01-24,3,801.83,267.28,Saturday,1,336.8085714285714,124.13137665967855,138.06698166826433
H041,2026-01-25,3,333.51,111.17,Sunday,0,398.11,-58.40639537058978,-16.22667102057221
H041,2026-01-26,3,310.06,103.35,Monday,0,396.77571428571434,-7.031273425084706,-21.855096258051518
H041,2026-01-27,3,326.84,108.95,Tuesday,0,395.8757142857143,5.411855769850993,-17.43873437911611
H041,2026-01-28,3,585.69,195.23,Wednesday,1,400.4257142857144,79.19777261045162,46.26683030203567
H041,2026-01-29,3,336.21,112.07,Thursday,0,436.6114285714285,-42.59591251344569,-22.995602497153396
H041,2026-01-30,3,342.64,114.21,Friday,0,435.9842857142857,1.912495166711281,-21.41001150106983
H041,2026-01-31,3,313.27,104.42,Saturday,0,433.8257142857143,-8.571678729862253,-27.78897384729879
H041,2026-02-01,3,333.93,111.31,Sunday,0,364.0314285714286,6.594950043093828,-8.268909277848854
H041,2026-02-02,3,356.22,118.74,Monday,0,364.09142857142854,6.675051657533015,-2.161937346977195
H041,2026-02-03,3,340.62,113.54,Tuesday,0,370.6857142857143,-4.3793161529392055,-8.110837058732855
H041,2026-02-04,3,340.32,113.44,Wednesday,0,372.6542857142857,-0.08807468733486035,-8.676751335975897
H041,2026-02-05,3,368.8,122.93,Thursday,0,337.6014285714286,8.368594264221919,9.241243901303735
H041,2026-02-06,3,301.93,100.64,Friday,0,342.25714285714287,-18.13177874186551,-11.7827030636948
H041,2026-02-07,3,313.85,104.62,Saturday,0,336.4414285714286,3.947934951810028,-6.714817692742109
H041,2026-02-08,3,341.38,113.79,Sunday,0,336.5242857142857,8.771706229090315,1.4429015948753388
H041,2026-02-09,3,314.64,104.88,Monday,0,337.5885714285714,-7.83291346886168,-6.797792748569688
H041,2026-02-10,3,306.01,102.0,Tuesday,0,331.6485714285714,-2.742817187897273,-7.730644313688327
H041,2026-02-11,3,340.01,113.34,Wednesday,0,326.70428571428573,11.110748014770767,4.072708827992103
H041,2026-02-12,3,328.97,109.66,Thursday,0,326.65999999999997,-3.2469633246080876,0.7071572889242819
H041,2026-02-13,3,304.57,101.52,Friday,0,320.96999999999997,-7.4170897042283634,-5.109511792379343
H041,2026-02-14,3,359.74,119.91,Saturday,0,321.34714285714284,18.114062448698178,11.947471137132526
H041,2026-02-15,3,322.39,107.46,Sunday,0,327.90285714285716,-10.38249847111804,-1.6812470592335798
H041,2026-02-16,3,262.99,87.66,Monday,0,325.19,-18.42488910946368,-19.12727943663704
H041,2026-02-17,3,292.03,97.34,Tuesday,0,317.8114285714286,11.042244952279546,-8.112177931208107
H041,2026-02-18,3,300.94,100.31,Wednesday,0,315.8142857142857,3.051056398315244,-4.7098204188718436
H041,2026-02-19,3,321.85,107.28,Thursday,0,310.23285714285714,6.948228882833796,3.744652634196441
H041,2026-02-20,3,295.75,98.58,Friday,0,309.21571428571434,-8.10936771788101,-4.354796235637645
H041,2026-02-21,3,332.89,110.96,Saturday,0,307.9557142857143,12.557903634826717,8.09671149376765
H041,2026-02-22,3,357.98,119.33,Sunday,0,304.12,7.537024242242185,17.710114428515062
H041,2026-02-23,3,330.25,110.08,Monday,0,309.2042857142857,-7.746242806860726,6.806410925740278
H041,2026-02-24,3,320.26,106.75,Tuesday,0,318.8128571428571,-3.0249810749432227,0.4539160904964423
H041,2026-02-25,3,280.5,93.5,Wednesday,0,322.8457142857143,-12.414912883282325,-13.116393500654889
H041,2026-02-26,3,304.08,101.36,Thursday,0,319.92571428571426,8.406417112299458,-4.952935502884596
H041,2026-02-27,3,309.52,103.17,Friday,0,317.38714285714286,1.7890028939752778,-2.4787213452700922
H041,2026-02-28,3,343.89,114.63,Saturday,0,319.3542857142857,11.104290514344783,7.682913736647161
H041,2026-03-01,3,387.54,129.18,Sunday,0,320.92571428571426,12.693012300444927,20.75691748869344
H041,2026-03-02,3,294.67,98.22,Monday,0,325.1485714285714,-23.96397791195748,-9.373736841180287
H041,2026-03-03,3,621.34,207.11,Tuesday,1,320.0657142857143,110.85960566056947,94.128884246985
H041,2026-03-04,3,299.32,99.77,Wednesday,0,363.07714285714286,-51.826697138442725,-17.560219394540322
H041,2026-03-05,3,341.68,113.89,Thursday,0,365.7657142857143,14.15207804356542,-6.585011482760238
H041,2026-03-06,3,315.84,105.28,Friday,0,371.13714285714286,-7.56263170217748,-14.899382592495659
H041,2026-03-07,3,304.72,101.57,Saturday,0,372.04,-3.5207700101316908,-18.094828513063106
H041,2026-03-08,3,352.28,117.43,Sunday,0,366.44428571428574,15.607771068521892,-3.8653313113277936
H041,2026-03-09,3,318.99,106.33,Monday,0,361.4071428571429,-9.449869422050627,-11.7366642291045
H041,2026-03-10,3,301.54,100.51,Tuesday,0,364.88142857142856,-5.4703909213454915,-17.35945532208114
H041,2026-03-11,3,335.56,111.85,Wednesday,0,319.19571428571425,11.28208529548318,5.12672475910437
H041,2026-03-12,3,318.84,106.28,Thursday,0,324.3728571428572,-4.982715460722387,-1.7057090385403249
H041,2026-03-13,3,324.21,108.07,Friday,0,321.11,1.684230334964254,0.9654012643642259
H041,2026-03-14,3,364.16,121.39,Saturday,0,322.30571428571426,12.322260263409524,12.985896265302701
H041,2026-03-15,3,329.59,109.86,Sunday,0,330.79714285714283,-9.493079964850626,-0.3649193722523078
H041,2026-03-16,3,697.03,232.34,Monday,1,327.55571428571426,111.48396492612034,112.79738670411577
H041,2026-03-17,3,323.34,107.78,Tuesday,0,381.5614285714286,-53.61175272226446,-15.25873010524426
H041,2026-03-18,3,329.44,109.81,Wednesday,0,384.67571428571426,1.8865590400197974,-14.359033397332816
H041,2026-03-19,3,335.37,111.79,Thursday,0,383.8014285714286,1.8000242836328395,-12.618876576801247
H041,2026-03-20,3,289.13,96.38,Friday,0,386.16285714285715,-13.787756805915851,-25.127444379499398
H041,2026-03-21,3,340.43,113.48,Saturday,0,381.15142857142854,17.742883823885446,-10.683792718304677
H041,2026-03-22,3,389.24,129.75,Sunday,0,377.76142857142855,14.337749317040217,3.0385768795876533
H041,2026-03-23,3,328.59,109.53,Monday,0,386.28285714285715,-15.581646285068352,-14.93539153396106
H041,2026-03-24,3,294.22,98.07,Tuesday,0,333.6485714285714,-10.459843574058848,-11.817395548780999
H041,2026-03-25,3,338.34,112.78,Wednesday,0,329.48857142857145,14.99558153762488,2.6864144431629837
H041,2026-03-26,3,315.9,105.3,Thursday,0,330.76000000000005,-6.632381627948214,-4.4926835167493255
H041,2026-03-27,3,334.3,111.43,Friday,0,327.9785714285714,5.824628046850289,1.9273907267460981
H041,2026-03-28,3,334.59,111.53,Saturday,0,334.43142857142857,0.08674842955427309,0.04741522925903423
H041,2026-03-29,3,351.26,117.09,Sunday,0,333.59714285714284,4.98221704175259,5.294666792281539
H041,2026-03-30,3,332.59,110.86,Monday,0,328.1714285714285,-5.315151170073451,1.3464217308027244
H041,2026-03-31,3,305.12,101.71,Tuesday,0,328.74285714285713,-8.25941850326226,-7.185816095949934
H041,2026-04-01,3,285.57,95.19,Wednesday,0,330.3,-6.407315154693238,-13.542234332425075
H041,2026-04-02,3,361.54,120.51,Thursday,0,322.76142857142855,26.602934481913376,12.014623804402202
H041,2026-04-03,3,383.66,127.89,Friday,0,329.28142857142853,6.118271837141109,16.5143147199313
H041,2026-04-04,3,367.3,122.43,Saturday,0,336.3328571428571,-4.264192253557841,9.207290396843277
H041,2026-04-05,3,331.94,110.65,Sunday,0,341.0057142857143,-9.62700789545331,-2.6585226891882896
H041,2026-04-06,3,354.27,118.09,Monday,0,338.2457142857143,6.727119358920275,4.7374689574780655
H041,2026-04-07,3,288.9,96.3,Tuesday,0,341.34285714285716,-18.45202811415023,-15.363689629195623
H041,2026-04-08,3,316.77,105.59,Wednesday,0,339.0257142857143,9.646936656282445,-6.564609511288657
H041,2026-04-09,3,324.96,108.32,Thursday,0,343.4828571428571,2.58547210910125,-5.392658398422869
H041,2026-04-10,3,342.08,114.03,Friday,0,338.2571428571428,5.268340718857711,1.1301630205253916
H042,2026-01-01,5,527.55,105.51,Thursday,0,,,
H042,2026-01-02,5,548.28,109.66,Friday,0,,3.9294853568382138,
H042,2026-01-03,5,559.38,111.88,Saturday,0,,2.0245130225432284,
H042,2026-01-04,5,606.77,121.35,Sunday,0,,8.471879580964647,
H042,2026-01-05,5,551.89,110.38,Monday,0,,-9.044613280155577,
H042,2026-01-06,5,594.88,118.98,Tuesday,0,,7.789595752776823,
H042,2026-01-07,5,486.25,97.25,Wednesday,0,,-18.260825712748783,
H042,2026-01-08,5,507.61,101.52,Thursday,0,553.5714285714286,4.392802056555278,-8.30270967741935
H042,2026-01-09,5,537.77,107.55,Friday,0,550.722857142857,5.941569315025319,-2.3519737695392395
H042,2026-01-10,5,530.15,106.03,Saturday,0,549.2214285714286,-1.4169626420216797,-3.4724480108205293
H042,2026-01-11,5,577.52,115.5,Sunday,0,545.0457142857142,8.935207016882018,5.958084774016345
H042,2026-01-12,5,533.86,106.77,Monday,0,540.8671428571428,-7.559911345061643,-1.2955386456140348
H042,2026-01-13,5,538.3,107.66,Tuesday,0,538.2914285714286,0.8316787172666817,0.0015923397840682256
H042,2026-01-14,5,570.77,114.15,Wednesday,0,530.2085714285714,6.031952442875732,7.650089183232474
H042,2026-01-15,5,547.76,109.55,Thursday,0,542.2828571428571,-4.031396184102176,1.010015858882298
H042,2026-01-16,5,550.65,110.13,Friday,0,548.0185714285715,0.527603329925519,0.4801714227619894
H042,2026-01-17,5,605.08,121.02,Saturday,0,549.8585714285714,9.884681739762113,10.042842185393141
H042,2026-01-18,5,556.53,111.31,Sunday,0,560.5628571428572,-8.023732399021632,-0.7194299607027751
H042,2026-01-19,5,516.91,103.38,Monday,0,557.5642857142857,-7.119113075665284,-7.291407781293638
H042,2026-01-20,5,602.85,120.57,Tuesday,0,555.1428571428571,16.6257182101333,8.5936695831189
H042,2026-01-21,5,588.08,117.62,Wednesday,0,564.3642857142856,-2.450029028779954,4.202199693713554
H042,2026-01-22,5,557.95,111.59,Thursday,0,566.8371428571428,-5.123452591484146,-1.5678476559152603
H042,2026-01-23,5,547.14,109.43,Friday,0,568.2928571428572,-1.9374495922573787,-3.722175437714471
H042,2026-01-24,5,578.77,115.75,Saturday,0,567.7914285714286,5.780970135614294,1.933557090883468
H042,2026-01-25,5,575.64,115.13,Sunday,0,564.0328571428571,-0.5408020457176366,2.0578841658160805
H042,2026-01-26,5,540.81,108.16,Monday,0,566.7628571428571,-6.050656660412768,-4.579138667217839
H042,2026-01-27,5,551.01,110.2,Tuesday,0,570.1771428571428,1.8860597991901207,-3.3616119301269745
H042,2026-01-28,5,570.2,114.04,Wednesday,0,562.7714285714286,3.4826954138763355,1.3199979692338963
H042,2026-01-29,5,501.66,100.33,Thursday,0,560.2171428571429,-12.02034373903894,-10.452579611987192
H042,2026-01-30,5,502.04,100.41,Friday,0,552.1757142857143,0.07574851493044044,-9.079666669253838
H042,2026-01-31,5,662.28,132.46,Saturday,0,545.7328571428571,31.917775476057674,21.356079505147726
H042,2026-02-01,5,550.78,110.16,Sunday,0,557.6628571428571,-16.83577942864045,-1.2342326648973738
H042,2026-02-02,5,526.7,105.34,Monday,0,554.1114285714286,-4.371981553433302,-4.946916298423734
H042,2026-02-03,5,532.4,106.48,Tuesday,0,552.0957142857143,1.0822099867096924,-3.567445603376229
H042,2026-02-04,5,551.14,110.23,Wednesday,0,549.4371428571428,3.5199098422239006,0.3099275622325233
H042,2026-02-05,5,638.76,127.75,Thursday,0,546.7142857142857,15.897956961933456,16.836164097204083
H042,2026-02-06,5,539.12,107.82,Friday,0,566.3,-15.598973010207274,-4.799576196362343
H042,2026-02-07,5,592.3,118.46,Saturday,0,571.5971428571428,9.864223178513122,3.6219315301985966
H042,2026-02-08,5,534.15,106.83,Sunday,0,561.6,-9.817659969609993,-4.887820512820521
H042,2026-02-09,5,548.15,109.63,Monday,0,559.2242857142857,2.620986614246945,-1.9802941319225296
H042,2026-02-10,5,344.59,68.92,Tuesday,0,562.2885714285715,-37.13582048709295,-38.71652074938645
H042,2026-02-11,5,559.7,111.94,Wednesday,0,535.4585714285714,62.42491076351608,4.527227663337977
H042,2026-02-12,5,612.55,122.51,Thursday,0,536.6814285714286,9.442558513489363,14.136612036403603
H042,2026-02-13,5,446.27,89.25,Friday,0,532.9371428571428,-27.145539139662066,-16.2621697546749
H042,2026-02-14,5,655.0,131.0,Saturday,0,519.6728571428572,46.772133461805645,26.04083338144051
H042,2026-02-15,5,633.75,126.75,Sunday,0,528.63,-3.244274809160308,19.885364054253447
H042,2026-02-16,5,431.22,86.24,Monday,0,542.8585714285715,-31.957396449704135,-20.564945881721368
H042,2026-02-17,5,550.02,110.0,Tuesday,0,526.1542857142857,27.549742590788906,4.535877580720479
H042,2026-02-18,5,579.95,115.99,Wednesday,0,555.5014285714285,5.441620304716199,4.401171657010032
H042,2026-02-19,5,1199.88,239.98,Thursday,1,558.3942857142857,106.89369773256314,114.88042243575968
H042,2026-02-20,5,513.57,102.71,Friday,0,642.2985714285714,-57.1982198219822,-20.041858592688307
H042,2026-02-21,5,473.23,94.65,Saturday,0,651.9128571428572,-7.854820180306488,-27.40900953019576
H042,2026-02-22,5,677.77,135.55,Sunday,0,625.9457142857144,43.22211186949263,8.27935786307345
H042,2026-02-23,5,446.61,89.32,Monday,0,632.2342857142858,-34.105965150419756,-29.36004736038178
H042,2026-02-24,5,466.7,93.34,Tuesday,0,634.4328571428572,4.4983318779248105,-26.438236174941405
H042,2026-02-25,5,495.12,99.02,Wednesday,0,622.53,6.089565031069211,-20.46648354296178
H042,2026-02-26,5,463.38,92.68,Thursday,0,610.4114285714286,-6.410567135239942,-24.087266667914854
H042,2026-02-27,5,532.94,106.59,Friday,0,505.19714285714286,15.011437696922636,5.491491299011994
H042,2026-02-28,5,605.26,121.05,Saturday,0,507.9642857142857,13.570007880812085,19.154046263094983
H042,2026-03-01,5,623.64,124.73,Sunday,0,526.8257142857143,3.0367114958860686,18.37690968550184
H042,2026-03-02,5,507.77,101.55,Monday,0,519.0928571428572,-18.579629273298703,-2.1812777785422433
H042,2026-03-03,5,523.73,104.75,Tuesday,0,527.83,3.1431553656182887,-0.7767652463861513
H042,2026-03-04,5,448.22,89.64,Wednesday,0,535.9771428571429,-14.41773432875718,-16.373299501044823
H042,2026-03-05,5,516.95,103.39,Thursday,0,529.2771428571428,15.333987773861057,-2.3290525622547094
H042,2026-03-06,5,531.38,106.28,Friday,0,536.9300000000001,2.791372473159881,-1.0336542938558224
H042,2026-03-07,5,598.83,119.77,Saturday,0,536.7071428571428,12.693364447288191,11.57481467679902
H042,2026-03-08,5,580.25,116.05,Sunday,0,535.7885714285715,-3.1027169647479313,8.29831596685259
H042,2026-03-09,5,543.22,108.64,Monday,0,529.59,-6.381732012063757,2.5736890802318766
H042,2026-03-10,5,573.63,114.73,Tuesday,0,534.6542857142857,5.598100217223223,7.289890930855184
H042,2026-03-11,5,527.0,105.4,Wednesday,0,541.7828571428572,-8.128933284521377,-2.728557566552769
H042,2026-03-12,5,544.55,108.91,Thursday,0,553.0371428571428,3.330170777988606,-1.5346424678270176
H042,2026-03-13,5,523.15,104.63,Friday,0,556.98,-3.9298503351391068,-6.073826708319875
H042,2026-03-14,5,552.14,110.43,Saturday,0,555.8042857142857,5.541431711746148,-0.6592762611710694
H042,2026-03-15,5,530.31,106.06,Sunday,0,549.1342857142857,-3.953707393052497,-3.4279931528588
H042,2026-03-16,5,532.26,106.45,Monday,0,542.0,0.3677094529614733,-1.7970479704797064
H042,2026-03-17,5,518.15,103.63,Tuesday,0,540.4342857142857,-2.6509600571149483,-4.123403400439858
H042,2026-03-18,5,517.12,103.42,Wednesday,0,532.5085714285714,-0.19878413586799093,-2.88982605243107
H042,2026-03-19,5,509.47,101.89,Thursday,0,531.0971428571428,-1.479347153465338,-4.072163284629105
H042,2026-03-20,5,461.14,92.23,Friday,0,526.0857142857143,-9.48632893006458,-12.345082278824746
H042,2026-03-21,5,1153.71,230.74,Saturday,1,517.2271428571428,150.18649434011365,123.05673937120748
H042,2026-03-22,5,543.09,108.62,Sunday,0,603.1657142857142,-52.926645344150614,-9.96006783257857
H042,2026-03-23,5,514.93,102.99,Monday,0,604.9914285714285,-5.185144267064401,-14.886397446008681
H042,2026-03-24,5,493.88,98.78,Tuesday,0,602.5157142857142,-4.0879342823296305,-18.03035368372134
H042,2026-03-25,5,488.84,97.77,Wednesday,0,599.0485714285714,-1.0204908074835983,-18.397268048858432
H042,2026-03-26,5,833.28,166.66,Thursday,1,595.0085714285715,70.46068243187955,40.04504136795146
H042,2026-03-27,5,589.31,117.86,Friday,0,641.2671428571429,-29.278273809523814,-8.102261816448246
H042,2026-03-28,5,609.43,121.89,Saturday,0,659.5771428571428,3.4141623254314357,-7.602923084920208
H042,2026-03-29,5,657.89,131.58,Sunday,0,581.8228571428571,7.9516925651838655,13.073935120164226
H042,2026-03-30,5,1127.42,225.48,Monday,1,598.222857142857,71.36907385733178,88.46153846153851
H042,2026-03-31,5,559.06,111.81,Tuesday,0,685.7214285714286,-50.41244611591067,-18.471265924313304
H042,2026-04-01,5,624.58,124.92,Wednesday,0,695.0328571428571,11.719672307086903,-10.136622523498364
H042,2026-04-02,5,541.63,108.33,Thursday,0,714.4242857142856,-13.280924781453141,-24.186507817483395
H042,2026-04-03,5,514.19,102.84,Friday,0,672.76,-5.066189095877249,-23.570069564183356
H042,2026-04-04,5,560.59,112.12,Saturday,0,662.0285714285716,9.023901670588685,-15.322385740796701
H042,2026-04-05,5,559.66,111.93,Sunday,0,655.0514285714287,-0.16589664460658904,-14.56243348395766
H042,2026-04-06,5,556.5,111.3,Monday,0,641.0185714285715,-0.5646285244612748,-13.185042555040758
H042,2026-04-07,5,531.92,106.38,Tuesday,0,559.4585714285714,-4.416891284815816,-4.922361160407644
H042,2026-04-08,5,488.79,97.76,Wednesday,0,555.5814285714285,-8.10836215972326,-12.021897265927322
H042,2026-04-09,5,540.7,108.14,Thursday,0,536.1828571428571,10.620102702592128,0.8424631255861754
H042,2026-04-10,5,574.09,114.82,Friday,0,536.05,6.175328278157943,7.096352952150001
H043,2026-01-01,4,408.35,102.09,Thursday,0,,,
H043,2026-01-02,4,466.41,116.6,Friday,0,,14.218195175707105,
H043,2026-01-03,4,360.49,90.12,Saturday,0,,-22.709633155378317,
H043,2026-01-04,4,583.2,145.8,Sunday,0,,61.77979971705181,
H043,2026-01-05,4,427.73,106.93,Monday,0,,-26.658093278463646,
H043,2026-01-06,4,435.88,108.97,Tuesday,0,,1.905407616954613,
H043,2026-01-07,4,420.01,105.0,Wednesday,0,,-3.6409103422960443,
H043,2026-01-08,4,472.32,118.08,Thursday,0,443.15285714285716,12.454465369872135,6.581734132369671
H043,2026-01-09,4,452.64,113.16,Friday,0,452.2914285714286,-4.1666666666666625,0.07706788290734884
H043,2026-01-10,4,478.71,119.68,Saturday,0,450.32428571428574,5.7595440084835525,6.303394062056858
H043,2026-01-11,4,475.23,118.81,Sunday,0,467.2128571428571,-0.7269536880365912,1.7159508208250265
H043,2026-01-12,4,441.44,110.36,Monday,0,451.7885714285715,-7.110241356816704,-2.290578399504212
H043,2026-01-13,4,442.97,110.74,Tuesday,0,453.7471428571428,0.3465929684668412,-2.375142858042382
H043,2026-01-14,4,376.47,94.12,Wednesday,0,454.76000000000005,-15.012303316251662,-17.215674201776764
H043,2026-01-15,4,417.19,104.3,Thursday,0,448.53999999999996,10.816266900417016,-6.9893432023899695
H043,2026-01-16,4,476.19,119.05,Friday,0,440.6642857142857,14.142237349888532,8.061854667466326
H043,2026-01-17,4,427.44,106.86,Saturday,0,444.0285714285714,-10.23751023751024,-3.735924329193742
H043,2026-01-18,4,461.6,115.4,Sunday,0,436.7042857142857,7.9917649260714985,5.700817486825032
H043,2026-01-19,4,437.63,109.41,Monday,0,434.7571428571428,-5.19280762564992,0.6607958466138829
H043,2026-01-20,4,757.01,189.25,Tuesday,1,434.21285714285716,72.97945753261888,74.34076111452907
H043,2026-01-21,4,451.93,112.98,Wednesday,0,479.07571428571424,-40.30065653029682,-5.666268081693012
H043,2026-01-22,4,459.23,114.81,Thursday,0,489.8557142857143,1.6152944040006112,-6.251986736619242
H043,2026-01-23,4,373.99,93.5,Friday,0,495.8614285714286,-18.561505128149292,-24.57771900559776
H043,2026-01-24,4,501.48,125.37,Saturday,0,481.26142857142855,34.08914676863017,4.201161827696865
H043,2026-01-25,4,505.38,126.35,Sunday,0,491.8385714285714,0.7776980138789247,2.7532262327651083
H043,2026-01-26,4,458.96,114.74,Monday,0,498.09285714285716,-9.185167596659937,-7.856538511178359
H043,2026-01-27,4,454.32,113.58,Tuesday,0,501.14,-1.0109813491371744,-9.342698647084646
H043,2026-01-28,4,466.46,116.61,Wednesday,0,457.8985714285715,2.6721253741855966,1.8697216164527872
H043,2026-01-29,4,372.69,93.17,Thursday,0,459.97428571428566,-20.1024739527505,-18.975905485399796
H043,2026-01-30,4,383.78,95.94,Friday,0,447.6114285714285,2.9756634200005294,-14.26045549711484
H043,2026-01-31,4,435.45,108.86,Saturday,0,449.01000000000005,13.463442597321396,-3.019977283356731
H043,2026-02-01,4,498.0,124.5,Sunday,0,439.57714285714286,14.36445056837754,13.290694953591764
H043,2026-02-02,4,475.13,118.78,Monday,0,438.5228571428571,-4.592369477911651,8.347830052839736
H043,2026-02-03,4,476.23,119.06,Tuesday,0,440.8328571428571,0.23151558520826399,8.029606297171277
H043,2026-02-04,4,405.72,101.43,Wednesday,0,443.9628571428571,-14.805871112697645,-8.613976716198895
H043,2026-02-05,4,444.48,111.12,Thursday,0,435.2857142857143,9.553386572020116,2.11224154906466
H043,2026-02-06,4,406.57,101.64,Friday,0,445.5414285714286,-8.529067674586043,-8.74698200263564
H043,2026-02-07,4,473.48,118.37,Saturday,0,448.79714285714283,16.45719064367761,5.499780365293907
H043,2026-02-08,4,351.24,87.81,Sunday,0,454.23,-25.817352369688262,-22.673535433590914
H043,2026-02-09,4,455.92,113.98,Monday,0,433.2642857142858,29.80298371483885,5.229074962494009
H043,2026-02-10,4,415.37,103.84,Tuesday,0,430.52000000000004,-8.894104228812072,-3.519000278732703
H043,2026-02-11,4,503.41,125.85,Wednesday,0,421.8257142857143,21.195560584539088,19.340756846090805
H043,2026-02-12,4,424.03,106.01,Thursday,0,435.7814285714286,-15.768459108877463,-2.6966336335056673
H043,2026-02-13,4,440.78,110.19,Friday,0,432.86,3.9501922033818415,1.8296908931294087
H043,2026-02-14,4,451.51,112.88,Saturday,0,437.7471428571429,2.4343209764508433,3.1440198679602966
H043,2026-02-15,4,471.78,117.94,Sunday,0,434.60857142857145,4.489380080175409,8.55285215596299
H043,2026-02-16,4,478.16,119.54,Monday,0,451.82857142857137,1.3523252363389915,5.827747565448357
H043,2026-02-17,4,456.57,114.14,Tuesday,0,455.0057142857143,-4.515225029278913,0.34379474041141767
H043,2026-02-18,4,434.26,108.56,Wednesday,0,460.89142857142855,-4.886435814880519,-5.7782434040864885
H043,2026-02-19,4,474.9,118.72,Thursday,0,451.0128571428572,9.358448855524347,5.296333015530112
H043,2026-02-20,4,524.73,131.18,Friday,0,458.2799999999999,10.492735312697409,14.499869075674285
H043,2026-02-21,4,895.08,223.77,Saturday,1,470.2728571428571,70.57915499399692,90.33205646569927
H043,2026-02-22,4,531.91,132.98,Sunday,0,533.64,-40.57402690262324,-0.3241885915598565
H043,2026-02-23,4,426.44,106.61,Monday,0,542.23,-19.828542422590278,-21.354406801541785
H043,2026-02-24,4,382.51,95.63,Tuesday,0,534.8414285714285,-10.301566457180378,-28.481606030091694
H043,2026-02-25,4,394.85,98.71,Wednesday,0,524.2614285714286,3.2260594494261774,-24.68452217132674
H043,2026-02-26,4,418.09,104.52,Thursday,0,518.6314285714286,5.885779409902492,-19.385911271974052
H043,2026-02-27,4,434.2,108.55,Friday,0,510.5157142857143,3.8532373412423215,-14.948749303925165
H043,2026-02-28,4,529.84,132.46,Saturday,0,497.5828571428572,22.026715799170905,6.482768124763131
H043,2026-03-01,4,425.98,106.49,Sunday,0,445.4057142857143,-19.602144043484827,-4.361352731378129
H043,2026-03-02,4,484.12,121.03,Monday,0,430.2728571428571,13.648528099910795,12.514650172149908
H043,2026-03-03,4,475.46,118.87,Tuesday,0,438.5128571428572,-1.788812691068331,8.425555204440972
H043,2026-03-04,4,437.14,109.28,Wednesday,0,451.79142857142864,-8.059563370209899,-3.2429629348561777
H043,2026-03-05,4,420.71,105.18,Thursday,0,457.8328571428571,-3.7585212975248194,-8.108386404271052
H043,2026-03-06,4,475.41,118.85,Friday,0,458.2071428571429,13.001830239357282,3.75438432399569
H043,2026-03-07,4,427.49,106.87,Saturday,0,464.0942857142857,-10.079720662165293,-7.88725197466032
H043,2026-03-08,4,558.86,139.72,Sunday,0,449.47285714285715,30.73054340452408,24.336762747472438
H043,2026-03-09,4,409.09,102.27,Monday,0,468.45571428571424,-26.799198368106513,-12.672641719449008
H043,2026-03-10,4,450.47,112.62,Tuesday,0,457.7371428571428,10.115133589185765,-1.5876235893338537
H043,2026-03-11,4,419.75,104.94,Wednesday,0,454.1671428571429,-6.819544031789027,-7.578078555094576
H043,2026-03-12,4,387.51,96.88,Thursday,0,451.6828571428572,-7.6807623585467555,-14.207503368355809
H043,2026-03-13,4,460.62,115.15,Friday,0,446.94,18.866609893938225,3.060813532017722
H043,2026-03-14,4,499.78,124.95,Saturday,0,444.82714285714286,8.501584820459374,12.353755391339808
H043,2026-03-15,4,441.17,110.29,Sunday,0,455.1542857142857,-11.727159950378162,-3.0724275598854995
H043,2026-03-16,4,430.92,107.73,Monday,0,438.3414285714286,-2.323367409388666,-1.693070307229526
H043,2026-03-17,4,416.53,104.13,Tuesday,0,441.46000000000004,-3.339366935858179,-5.647170751596987
H043,2026-03-18,4,400.88,100.22,Wednesday,0,436.6114285714285,-3.757232372218078,-8.183805148742906
H043,2026-03-19,4,502.18,125.54,Thursday,0,433.9157142857143,25.269407303931345,15.732153380676305
H043,2026-03-20,4,452.43,113.11,Friday,0,450.29714285714283,-9.90680632442551,0.4736554909773938
H043,2026-03-21,4,491.0,122.75,Saturday,0,449.1271428571429,8.525075702318595,9.323163342228877
H043,2026-03-22,4,483.27,120.82,Sunday,0,447.8728571428572,-1.574338085539717,7.9033909495998405
H043,2026-03-23,4,445.66,111.42,Monday,0,453.88714285714286,-7.782399072981971,-1.8125965863131446
H043,2026-03-24,4,426.77,106.69,Tuesday,0,455.99285714285713,-4.238657272360102,-6.408621688936232
H043,2026-03-25,4,451.45,112.86,Wednesday,0,457.4557142857143,5.782974435878807,-1.312851517242891
H043,2026-03-26,4,448.08,112.02,Thursday,0,464.67999999999995,-0.7464835529959024,-3.572350865111468
H043,2026-03-27,4,422.8,105.7,Friday,0,456.95142857142855,-5.641849669701838,-7.473754634753297
H043,2026-03-28,4,405.81,101.45,Saturday,0,452.7185714285714,-4.01844843897824,-10.36153018431507
H043,2026-03-29,4,463.27,115.82,Sunday,0,440.5485714285714,14.159335649688277,5.15753087060289
H043,2026-03-30,4,453.87,113.47,Monday,0,437.6914285714285,-2.029054331167568,3.6963418455271992
H043,2026-03-31,4,469.84,117.46,Tuesday,0,438.86428571428576,3.5186286822217694,7.05815335036863
H043,2026-04-01,4,524.37,131.09,Wednesday,0,445.01714285714286,11.60607866507748,17.83141580420658
H043,2026-04-02,4,422.5,105.63,Thursday,0,455.4342857142857,-19.42712207029388,-7.231402366344207
H043,2026-04-03,4,417.36,104.34,Friday,0,451.78000000000003,-1.2165680473372742,-7.618752490150076
H043,2026-04-04,4,438.75,109.69,Saturday,0,451.0028571428571,5.125071880391019,-2.7168025543075394
H043,2026-04-05,4,462.6,115.65,Sunday,0,455.7085714285714,5.435897435897452,1.512244667644743
H043,2026-04-06,4,430.05,107.51,Monday,0,455.61285714285714,-7.036316472114135,-5.610653154777392
H043,2026-04-07,4,367.11,91.78,Tuesday,0,452.21000000000004,-14.635507499128009,-18.818690431436725
H043,2026-04-08,4,468.48,117.12,Wednesday,0,437.5342857142858,27.612977036855433,7.072751849650956
H043,2026-04-09,4,409.26,102.32,Thursday,0,429.55,-12.640881147540995,-4.7235478989640365
H043,2026-04-10,4,434.95,108.74,Friday,0,427.65857142857146,6.277183208718173,1.7049649085886163
H044,2026-01-01,2,198.8,99.4,Thursday,0,,,
H044,2026-01-02,2,206.61,103.31,Friday,0,,3.928571428571437,
H044,2026-01-03,2,236.73,118.37,Saturday,0,,14.578190794250023,
H044,2026-01-04,2,229.14,114.57,Sunday,0,,-3.2061842605499935,
H044,2026-01-05,2,208.04,104.02,Monday,0,,-9.208344243693812,
H044,2026-01-06,2,198.39,99.2,Tuesday,0,,-4.638531051720829,
H044,2026-01-07,2,215.04,107.52,Wednesday,0,,8.392560108876456,
H044,2026-01-08,2,216.06,108.03,Thursday,0,213.25,0.4743303571428603,1.317702227432592
H044,2026-01-09,2,209.3,104.65,Friday,0,215.71571428571428,-3.128760529482544,-2.9741524890563578
H044,2026-01-10,2,196.4,98.2,Saturday,0,216.09999999999997,-6.163401815575731,-9.116149930587673
H044,2026-01-11,2,211.29,105.64,Sunday,0,210.3385714285714,7.581466395112013,0.4523319546038057
H044,2026-01-12,2,198.64,99.32,Monday,0,207.78857142857143,-5.98703204127029,-4.402827049473372
H044,2026-01-13,2,217.07,108.54,Tuesday,0,206.4457142857143,9.278091018928713,5.14628542958369
H044,2026-01-14,2,219.91,109.96,Wednesday,0,209.1142857142857,1.308333717234067,5.16259051783031
H044,2026-01-15,2,218.06,109.03,Thursday,0,209.81,-0.8412532399618033,3.9321290691578095
H044,2026-01-16,2,218.17,109.08,Friday,0,210.0957142857143,0.05044483169769354,3.843146321064532
H044,2026-01-17,2,191.5,95.75,Saturday,0,211.36285714285714,-12.224412155658426,-9.397515443989345
H044,2026-01-18,2,201.6,100.8,Sunday,0,210.66285714285712,5.274151436031338,-4.302066945152708
H044,2026-01-19,2,189.31,94.65,Monday,0,209.27857142857144,-6.096230158730154,-9.541622580975464
H044,2026-01-20,2,172.73,86.36,Tuesday,0,207.94571428571427,-8.758121599492895,-16.935051730534067
H044,2026-01-21,2,194.4,97.2,Wednesday,0,201.61142857142858,12.545591385399192,-3.576894733858624
H044,2026-01-22,2,220.06,110.03,Thursday,0,197.96714285714285,13.199588477366241,11.159860582925024
H044,2026-01-23,2,206.31,103.16,Friday,0,198.25285714285715,-6.248295919294733,4.06407401802892
H044,2026-01-24,2,254.39,127.2,Saturday,0,196.55857142857144,23.30473559207018,29.421982542462793
H044,2026-01-25,2,529.55,264.77,Sunday,1,205.54285714285717,108.16462911277958,157.6348345843758
H044,2026-01-26,2,178.61,89.31,Monday,0,252.39285714285714,-66.27136247757531,-29.233338050091973
H044,2026-01-27,2,216.65,108.33,Tuesday,0,250.8642857142857,21.297799675270145,-13.638563822214621
H044,2026-01-28,2,190.98,95.49,Wednesday,0,257.1385714285714,-11.84860373874914,-25.728762146035773
H044,2026-01-29,2,188.68,94.34,Thursday,0,256.65000000000003,-1.2043145879149564,-26.48353789207092
H044,2026-01-30,2,219.37,109.69,Friday,0,252.16714285714284,16.26563493746025,-13.006112725686469
H044,2026-01-31,2,243.14,121.57,Saturday,0,254.03285714285715,10.83557459999087,-4.287971747186819
H044,2026-02-01,2,202.99,101.5,Sunday,0,252.4257142857143,-16.51312001316113,-19.584262413836033
H044,2026-02-02,2,198.02,99.01,Monday,0,205.7742857142857,-2.44839647273265,-3.7683453437191794
H044,2026-02-03,2,211.43,105.72,Tuesday,0,208.54714285714286,6.77204322795677,1.3823527397025703
H044,2026-02-04,2,223.71,111.85,Wednesday,0,207.80142857142854,5.808068864399574,7.6556602800750895
H044,2026-02-05,2,204.84,102.42,Thursday,0,212.47714285714287,-8.4350274909481,-3.5943361975069608
H044,2026-02-06,2,230.41,115.21,Friday,0,214.78571428571428,12.482913493458314,7.274359827070172
H044,2026-02-07,2,224.75,112.38,Saturday,0,216.36285714285714,-2.4564906037064405,3.8764245249382676
H044,2026-02-08,2,228.39,114.2,Sunday,0,213.7357142857143,1.6195773081201237,6.856264411990766
H044,2026-02-09,2,230.79,115.39,Monday,0,217.36428571428573,1.0508340995665444,6.176596234103371
H044,2026-02-10,2,504.08,252.04,Tuesday,1,222.0457142857143,118.41500931582823,127.01631581656288
H044,2026-02-11,2,195.53,97.76,Wednesday,0,263.85285714285715,-61.21052213934296,-25.894302560409756
H044,2026-02-12,2,208.15,104.07,Thursday,0,259.82714285714286,6.454252544366601,-19.889047113740453
H044,2026-02-13,2,225.62,112.81,Friday,0,260.3,8.392985827528232,-13.323088743757205
H044,2026-02-14,2,221.58,110.79,Saturday,0,259.61571428571426,-1.7906213988121533,-14.650775046634848
H044,2026-02-15,2,220.24,110.12,Sunday,0,259.16285714285715,-0.6047477209134455,-15.018686540178816
H044,2026-02-16,2,196.4,98.2,Monday,0,257.99857142857144,-10.824555030875405,-23.875547483651626
H044,2026-02-17,2,201.13,100.57,Tuesday,0,253.08571428571426,2.408350305498974,-20.528900428990738
H044,2026-02-18,2,226.33,113.16,Wednesday,0,209.80714285714288,12.529209963705078,7.875259592142439
H044,2026-02-19,2,195.16,97.58,Thursday,0,214.20714285714286,-13.771925948835772,-8.891927039914636
H044,2026-02-20,2,199.81,99.91,Friday,0,212.35142857142858,2.382660381225654,-5.905977961061856
H044,2026-02-21,2,200.68,100.34,Saturday,0,208.66428571428574,0.43541364296082463,-3.8263786670318094
H044,2026-02-22,2,233.54,116.77,Sunday,0,205.67857142857142,16.374327287223434,13.546101753776702
H044,2026-02-23,2,202.21,101.11,Monday,0,207.57857142857142,-13.415260769033132,-2.586284023261409
H044,2026-02-24,2,208.12,104.06,Tuesday,0,208.40857142857143,2.9227041194797465,-0.13846428032847635
H044,2026-02-25,2,196.53,98.27,Wednesday,0,209.40714285714284,-5.568902556217569,-6.149333151413849
H044,2026-02-26,2,207.38,103.69,Thursday,0,205.15,5.520785630692515,1.0870095052400632
H044,2026-02-27,2,203.97,101.99,Friday,0,206.8957142857143,-1.6443244285852088,-1.4141009618372298
H044,2026-02-28,2,218.06,109.03,Saturday,0,207.49,6.907878609599449,5.094221408260636
H044,2026-03-01,2,216.97,108.48,Sunday,0,209.97285714285712,-0.4998624231862814,3.332403507936409
H044,2026-03-02,2,195.12,97.56,Monday,0,207.6057142857143,-10.070516661289574,-6.014147697558562
H044,2026-03-03,2,226.15,113.08,Tuesday,0,206.59285714285713,15.9030340303403,9.466514538602507
H044,2026-03-04,2,242.12,121.06,Wednesday,0,209.16857142857143,7.0616847225293045,15.753527571746648
H044,2026-03-05,2,179.8,89.9,Thursday,0,215.68142857142857,-25.739302825045428,-16.6363088417441
H044,2026-03-06,2,178.93,89.46,Friday,0,211.74142857142857,-0.4838709677419395,-15.495989043240066
H044,2026-03-07,2,193.1,96.55,Saturday,0,208.16428571428574,7.9192980495165655,-7.236729231719466
H044,2026-03-08,2,222.62,111.31,Sunday,0,204.59857142857143,15.28741584671156,8.80818885762364
H044,2026-03-09,2,201.71,100.86,Monday,0,205.40571428571428,-9.392687090108709,-1.7992266177043286
H044,2026-03-10,2,207.4,103.7,Tuesday,0,206.34714285714287,2.8208814634871793,0.5102358715894815
H044,2026-03-11,2,187.96,93.98,Wednesday,0,203.66857142857143,-9.373191899710697,-7.7128107289153185
H044,2026-03-12,2,195.09,97.55,Thursday,0,195.93142857142857,3.7933602894232754,-0.4294505366308882
H044,2026-03-13,2,198.66,99.33,Friday,0,198.1157142857143,1.829924650161452,0.27473121768662945
H044,2026-03-14,2,181.66,90.83,Saturday,0,200.93428571428575,-8.55733413872949,-9.592332958892051
H044,2026-03-15,2,191.15,95.57,Sunday,0,199.29999999999998,5.224044919079596,-4.089312594079266
H044,2026-03-16,2,202.88,101.44,Monday,0,194.80428571428573,6.136541982736055,4.145552679245828
H044,2026-03-17,2,208.7,104.35,Tuesday,0,194.9714285714286,2.868690851735023,7.041324736225072
H044,2026-03-18,2,169.69,84.85,Wednesday,0,195.15714285714284,-18.691902252036407,-13.04955713344557
H044,2026-03-19,2,175.36,87.68,Thursday,0,192.54714285714286,3.3413872355471774,-8.926199891677728
H044,2026-03-20,2,209.53,104.77,Friday,0,189.72857142857143,19.485629562043783,10.436714102853701
H044,2026-03-21,2,163.92,81.96,Saturday,0,191.28142857142856,-21.7677659523696,-14.304278661956582
H044,2026-03-22,2,186.67,93.33,Sunday,0,188.74714285714285,13.878721327476828,-1.1004896952082546
H044,2026-03-23,2,184.83,92.42,Monday,0,188.10714285714286,-0.985696683987769,-1.7421682172014383
H044,2026-03-24,2,215.67,107.84,Tuesday,0,185.5285714285714,16.685602986528146,16.24624624624625
H044,2026-03-25,2,250.04,125.02,Wednesday,0,186.52428571428572,15.936384290814676,34.052249036892924
H044,2026-03-26,2,387.56,193.78,Thursday,1,198.00285714285715,54.99920012797952,95.73454928500308
H044,2026-03-27,2,170.19,85.1,Friday,0,228.31714285714284,-56.0867994633089,-25.458948079738704
H044,2026-03-28,2,224.51,112.25,Saturday,0,222.69714285714284,31.91726893472002,0.8140459817304786
H044,2026-03-29,2,217.98,108.99,Sunday,0,231.35285714285715,-2.9085564117411256,-5.780286142997407
H044,2026-03-30,2,211.4,105.7,Monday,0,235.82571428571427,-3.018625561978161,-10.35752795648117
H044,2026-03-31,2,175.92,87.96,Tuesday,0,239.62142857142857,-16.783349101229906,-26.58419530807524
H044,2026-04-01,2,218.74,109.37,Wednesday,0,233.94285714285712,24.340609367894505,-6.498534440644834
H044,2026-04-02,2,192.46,96.23,Thursday,0,229.47142857142856,-12.014263509188993,-16.128992093631318
H044,2026-04-03,2,176.65,88.32,Friday,0,201.6,-8.21469396238179,-12.375992063492058
H044,2026-04-04,2,235.66,117.83,Saturday,0,202.52285714285716,33.405038211152,16.362174287205665
H044,2026-04-05,2,249.53,124.77,Sunday,0,204.1157142857143,5.885597895272854,22.24928436951029
H044,2026-04-06,2,186.27,93.14,Monday,0,208.62285714285713,-25.351661122911075,-10.71448136076035
H044,2026-04-07,2,197.62,98.81,Tuesday,0,205.03285714285715,6.093305416867989,-3.6154483950307648
H044,2026-04-08,2,200.9,100.45,Wednesday,0,208.13285714285715,1.6597510373443924,-3.4751154825557844
H044,2026-04-09,2,223.27,111.64,Thursday,0,205.58428571428573,11.134892981582878,8.602658624547455
H044,2026-04-10,2,205.94,102.97,Friday,0,209.9857142857143,-7.761902629103778,-1.9266616776651524
H045,2026-01-01,5,476.49,95.3,Thursday,0,,,
H045,2026-01-02,5,528.36,105.67,Friday,0,,10.88585279858969,
H045,2026-01-03,5,499.85,99.97,Saturday,0,,-5.395942160648037,
H045,2026-01-04,5,500.19,100.04,Sunday,0,,0.06802040612183813,
H045,2026-01-05,5,424.76,84.95,Monday,0,,-15.080269497590916,
H045,2026-01-06,5,449.7,89.94,Tuesday,0,,5.871550993502206,
H045,2026-01-07,5,535.77,107.15,Wednesday,0,,19.139426284189454,
H045,2026-01-08,5,470.52,94.1,Thursday,0,487.8742857142857,-12.178733411725185,-3.5571224437208637
H045,2026-01-09,5,505.39,101.08,Friday,0,487.0214285714286,7.410949587690219,3.7716146253464853
H045,2026-01-10,5,407.72,81.54,Saturday,0,483.74000000000007,-19.32566928510654,-15.71505354115848
H045,2026-01-11,5,518.53,103.71,Sunday,0,470.57857142857137,27.17796527028351,10.189887828053621
H045,2026-01-12,5,485.35,97.07,Monday,0,473.1985714285715,-6.398858310994537,2.5679343314042056
H045,2026-01-13,5,459.45,91.89,Tuesday,0,481.8542857142857,-5.336355207582166,-4.649597685133029
H045,2026-01-14,5,397.14,79.43,Wednesday,0,483.2471428571429,-13.561867450212207,-17.81844841296823
H045,2026-01-15,5,513.72,102.74,Thursday,0,463.4428571428571,29.354887445233423,10.848617490213012
H045,2026-01-16,5,487.73,97.55,Friday,0,469.61428571428576,-5.059176204936544,3.857573084294096
H045,2026-01-17,5,501.67,100.33,Saturday,0,467.09142857142854,2.858138724294168,7.40295567707761
H045,2026-01-18,5,444.35,88.87,Sunday,0,480.5128571428572,-11.42583770207507,-7.525887518990128
H045,2026-01-19,5,540.18,108.04,Monday,0,469.91571428571433,21.566332845729708,14.95252948097073
H045,2026-01-20,5,486.2,97.24,Tuesday,0,477.7485714285714,-9.992965307860334,1.7690117934119638
H045,2026-01-21,5,425.5,85.1,Wednesday,0,481.57000000000005,-12.484574249280133,-11.643167140810275
H045,2026-01-22,5,487.04,97.41,Thursday,0,485.6214285714286,14.4629847238543,0.29211466898082805
H045,2026-01-23,5,476.38,95.28,Friday,0,481.81,-2.1887319316688636,-1.1270002698159038
H045,2026-01-24,5,569.54,113.91,Saturday,0,480.18857142857144,19.5558167849196,18.607570835267087
H045,2026-01-25,5,402.15,80.43,Sunday,0,489.88428571428574,-29.390385223162554,-17.90918555110683
H045,2026-01-26,5,440.02,88.0,Monday,0,483.85571428571427,9.416884247171463,-9.059666547583548
H045,2026-01-27,5,424.01,84.8,Tuesday,0,469.54714285714283,-3.638470978591879,-9.698098167535282
H045,2026-01-28,5,471.21,94.24,Wednesday,0,460.66285714285715,11.131812928940343,2.2895579041381304
H045,2026-01-29,5,494.15,98.83,Thursday,0,467.1928571428571,4.8683177351923845,5.7700246151023595
H045,2026-01-30,5,415.63,83.13,Friday,0,468.2085714285714,-15.889911970049575,-11.229732780872991
H045,2026-01-31,5,527.35,105.47,Saturday,0,459.5299999999999,26.879676635469064,14.758557656736256
H045,2026-02-01,5,535.22,107.04,Sunday,0,453.50285714285707,1.4923674978666979,18.019102100475056
H045,2026-02-02,5,440.94,88.19,Monday,0,472.5128571428572,-17.615186278539674,-6.681904347274004
H045,2026-02-03,5,517.69,103.54,Tuesday,0,472.6442857142857,17.40599628067312,9.530574185962887
H045,2026-02-04,5,420.58,84.12,Wednesday,0,486.02714285714285,-18.758330274874936,-13.46573824507156
H045,2026-02-05,5,519.17,103.83,Thursday,0,478.7942857142857,23.441438014170913,8.43278950697585
H045,2026-02-06,5,472.1,94.42,Friday,0,482.36857142857144,-9.066394437274871,-2.128781192804552
H045,2026-02-07,5,516.63,103.33,Saturday,0,490.4357142857143,9.43232366024147,5.341023288329613
H045,2026-02-08,5,518.14,103.63,Sunday,0,488.9042857142857,0.29227880688307284,5.979844141272171
H045,2026-02-09,5,427.27,85.45,Monday,0,486.4642857142857,-17.53773111514263,-12.168269583731009
H045,2026-02-10,5,497.51,99.5,Tuesday,0,484.51142857142855,16.439253867577875,2.6828203963934234
H045,2026-02-11,5,481.83,96.37,Wednesday,0,481.62857142857143,-3.1516954433076783,0.041822388325320474
H045,2026-02-12,5,453.79,90.76,Thursday,0,490.37857142857143,-5.819479899549629,-7.461290839438914
H045,2026-02-13,5,511.14,102.23,Friday,0,481.0385714285714,12.63800436325171,6.257591461332181
H045,2026-02-14,5,432.19,86.44,Saturday,0,486.61571428571426,-15.44586610322025,-11.184536932927417
H045,2026-02-15,5,578.08,115.62,Sunday,0,474.55285714285714,33.75598695018396,21.815724275784433
H045,2026-02-16,5,493.34,98.67,Monday,0,483.1157142857143,-14.658870744533637,2.116322324435719
H045,2026-02-17,5,466.88,93.38,Tuesday,0,492.55428571428575,-5.363441034580607,-5.21247839251947
H045,2026-02-18,5,454.09,90.82,Wednesday,0,488.17857142857144,-2.7394619602467474,-6.982807813300177
H045,2026-02-19,5,466.83,93.37,Thursday,0,484.21571428571434,2.8056112224448926,-3.590489480780422
H045,2026-02-20,5,499.24,99.85,Friday,0,486.0785714285715,6.94257010046484,2.707675126008426
H045,2026-02-21,5,491.49,98.3,Saturday,0,484.37857142857143,-1.5523595865715833,1.4681550735109796
H045,2026-02-22,5,1269.29,253.86,Sunday,1,492.85,158.25347412968728,157.54083392512933
H045,2026-02-23,5,426.96,85.39,Monday,0,591.5942857142857,-66.36229703219911,-27.82891750137642
H045,2026-02-24,5,508.15,101.63,Tuesday,0,582.1114285714285,19.01583286490538,-12.705716627646153
H045,2026-02-25,5,476.14,95.23,Wednesday,0,588.0071428571429,-6.2993210666141835,-19.024793187643496
H045,2026-02-26,5,511.98,102.4,Thursday,0,591.1571428571427,7.5271978829756,-13.393586428554146
H045,2026-02-27,5,458.0,91.6,Friday,0,597.6071428571429,-10.543380600804719,-23.361023127950762
H045,2026-02-28,5,547.59,109.52,Saturday,0,591.7157142857143,19.56113537117905,-7.457249016781701
H045,2026-03-01,5,473.76,94.75,Sunday,0,599.7299999999999,-13.482715170109028,-21.004452003401518
H045,2026-03-02,5,432.61,86.52,Monday,0,486.0828571428571,-8.68583248902397,-11.000770003938179
H045,2026-03-03,5,554.57,110.91,Tuesday,0,486.89,28.191673793948357,13.900470332107881
H045,2026-03-04,5,474.74,94.95,Wednesday,0,493.5214285714286,-14.394936617559562,-3.8055953569826215
H045,2026-03-05,5,503.09,100.62,Thursday,0,493.32142857142856,5.971689767030375,1.9801636139868222
H045,2026-03-06,5,457.88,91.58,Friday,0,492.0514285714286,-8.986463654614473,-6.944686385859784
H045,2026-03-07,5,469.56,93.91,Saturday,0,492.0342857142858,2.55088669520398,-4.567625949411202
H045,2026-03-08,5,542.7,108.54,Sunday,0,480.88714285714286,15.576284180935351,12.853921769586577
H045,2026-03-09,5,445.11,89.02,Monday,0,490.7357142857142,-17.982310668877833,-9.297410593423852
H045,2026-03-10,5,484.37,96.87,Tuesday,0,492.5214285714286,8.820291613309061,-1.6550403898307593
H045,2026-03-11,5,497.52,99.5,Wednesday,0,482.49285714285713,2.714866734108212,3.1144798590652694
H045,2026-03-12,5,541.3,108.26,Thursday,0,485.74714285714293,8.799646245377058,11.436579290224458
H045,2026-03-13,5,491.96,98.39,Friday,0,491.2057142857143,-9.115093293922039,0.15355800886447932
H045,2026-03-14,5,551.19,110.24,Saturday,0,496.07428571428574,12.039596715180112,11.110375174225066
H045,2026-03-15,5,466.83,93.37,Sunday,0,507.7357142857143,-15.30506721820063,-8.056497334102398
H045,2026-03-16,5,436.94,87.39,Monday,0,496.8971428571428,-6.402759034337979,-12.066308635302496
H045,2026-03-17,5,427.44,85.49,Tuesday,0,495.73,-2.174211562228223,-13.775643999757936
H045,2026-03-18,5,508.87,101.77,Wednesday,0,487.59714285714284,19.050626988583197,4.362793641120601
H045,2026-03-19,5,1006.87,201.37,Thursday,1,489.2185714285714,97.86389451136831,105.81189243487428
H045,2026-03-20,5,379.19,75.84,Friday,0,555.7285714285715,-62.3397260818179,-31.767049690239336
H045,2026-03-21,5,593.27,118.65,Saturday,0,539.6185714285714,56.45718505234842,9.942472593075008
H045,2026-03-22,5,598.56,119.71,Sunday,0,545.63,0.8916682117753982,9.70071293733848
H045,2026-03-23,5,447.33,89.47,Monday,0,564.4485714285714,-25.265637530072173,-20.749201496277024
H045,2026-03-24,5,394.11,78.82,Tuesday,0,565.9328571428572,-11.897257058547373,-30.360996887566174
H045,2026-03-25,5,492.28,98.46,Wednesday,0,561.1714285714286,24.909289284717453,-12.276360674100102
H045,2026-03-26,5,436.27,87.25,Thursday,0,558.8014285714286,-11.37767124400747,-21.927543901360313
H045,2026-03-27,5,437.36,87.47,Friday,0,477.28714285714284,0.24984527929952094,-8.365434404566278
H045,2026-03-28,5,457.26,91.45,Saturday,0,485.5971428571429,4.550027437351378,-5.835525038391622
H045,2026-03-29,5,559.79,111.96,Sunday,0,466.1671428571428,22.422691685255657,20.083538399776916
H045,2026-03-30,5,452.18,90.44,Monday,0,460.6285714285714,-19.223280158630907,-1.834139684902605
H045,2026-03-31,5,486.8,97.36,Tuesday,0,461.3214285714285,7.656243089035342,5.522954246342049
H045,2026-04-01,5,429.08,85.82,Wednesday,0,474.5628571428571,-11.857025472473303,-9.584158654280332
H045,2026-04-02,5,465.6,93.12,Thursday,0,465.53428571428566,8.511233336440771,0.014115885280830874
H045,2026-04-03,5,458.57,91.71,Friday,0,469.72428571428566,-1.5098797250859164,-2.374645308646095
H045,2026-04-04,5,519.67,103.93,Saturday,0,472.7542857142857,13.324029046819463,9.9239109413528
H045,2026-04-05,5,576.81,115.36,Sunday,0,481.67,10.995439413473939,19.752112442128414
H045,2026-04-06,5,516.64,103.33,Monday,0,484.1014285714286,-10.431511242870261,6.7214367709246226
H045,2026-04-07,5,476.74,95.35,Tuesday,0,493.31,-7.722979250541961,-3.358942652693031
H045,2026-04-08,5,466.0,93.2,Wednesday,0,491.8728571428571,-2.2528002684901627,-5.2600701110333254
H045,2026-04-09,5,451.31,90.26,Thursday,0,497.1471428571428,-3.1523605150214573,-9.220035459464418
H045,2026-04-10,5,456.99,91.4,Friday,0,495.1057142857143,1.2585584188252064,-7.698500176008592
H046,2026-01-01,5,505.53,101.11,Thursday,0,,,
H046,2026-01-02,5,488.1,97.62,Friday,0,,-3.447866595454263,
H046,2026-01-03,5,642.96,128.59,Saturday,0,,31.727105101413656,
H046,2026-01-04,5,521.85,104.37,Sunday,0,,-18.836319522209777,
H046,2026-01-05,5,490.02,98.0,Monday,0,,-6.099453866053473,
H046,2026-01-06,5,504.38,100.88,Tuesday,0,,2.9304926329537517,
H046,2026-01-07,5,470.59,94.12,Wednesday,0,,-6.699314009278723,
H046,2026-01-08,5,516.06,103.21,Thursday,0,517.6328571428571,9.662338766229617,-0.3038557388993362
H046,2026-01-09,5,556.48,111.3,Friday,0,519.1371428571429,7.832422586520971,7.193254741384057
H046,2026-01-10,5,492.61,98.52,Saturday,0,528.9057142857143,-11.477501437607817,-6.8624167418443545
H046,2026-01-11,5,499.54,99.91,Sunday,0,507.4271428571428,1.4067923915470626,-1.5543399615426743
H046,2026-01-12,5,578.27,115.65,Monday,0,504.23999999999995,15.76049965968691,14.681500872600356
H046,2026-01-13,5,538.52,107.7,Tuesday,0,516.8471428571429,-6.873951614297824,4.193281793732869
H046,2026-01-14,5,536.23,107.25,Wednesday,0,521.7242857142857,-0.4252395454207747,2.780341012083573
H046,2026-01-15,5,488.02,97.6,Thursday,0,531.1014285714285,-8.990545101915226,-8.111713931425523
H046,2026-01-16,5,487.14,97.43,Friday,0,527.0957142857143,-0.180320478668905,-7.580352714470401
H046,2026-01-17,5,465.7,93.14,Saturday,0,517.19,-4.4011988340107555,-9.955722268412007
H046,2026-01-18,5,569.96,113.99,Sunday,0,513.3457142857143,22.387803306849907,11.028490964039838
H046,2026-01-19,5,514.91,102.98,Monday,0,523.4057142857143,-9.65857253140573,-1.623160400017484
H046,2026-01-20,5,490.15,98.03,Tuesday,0,514.3542857142857,-4.80860732943621,-4.705761454028345
H046,2026-01-21,5,492.91,98.58,Wednesday,0,507.44428571428574,0.5630929307355093,-2.864213101508681
H046,2026-01-22,5,505.34,101.07,Thursday,0,501.2557142857143,2.521758536041041,0.814810803724352
H046,2026-01-23,5,534.14,106.83,Friday,0,503.72999999999996,5.69913325681719,6.036964246719478
H046,2026-01-24,5,477.25,95.45,Saturday,0,510.4442857142857,-10.650765716853261,-6.503018378947186
H046,2026-01-25,5,556.22,111.24,Sunday,0,512.0942857142857,16.546883184913575,8.616716787645148
H046,2026-01-26,5,415.42,83.08,Monday,0,510.13142857142856,-25.313724785156953,-18.566083810334586
H046,2026-01-27,5,493.12,98.62,Tuesday,0,495.91857142857145,18.703962255067164,-0.5643207554235615
H046,2026-01-28,5,556.3,111.26,Wednesday,0,496.34285714285716,12.81229720960415,12.079783559751311
H046,2026-01-29,5,565.36,113.07,Thursday,0,505.3985714285714,1.6286176523458762,11.864186398853526
H046,2026-01-30,5,512.74,102.55,Friday,0,513.9728571428572,-9.307343993207873,-0.23986814200861067
H046,2026-01-31,5,605.97,121.19,Saturday,0,510.91571428571433,18.182704684635496,18.604690178139528
H046,2026-02-01,5,592.58,118.52,Sunday,0,529.3042857142857,-2.2096803472119064,11.954506319616327
H046,2026-02-02,5,478.04,95.61,Monday,0,534.4985714285714,-19.329035742009516,-10.56290408366719
H046,2026-02-03,5,471.54,94.31,Tuesday,0,543.4442857142857,-1.3597188519789083,-13.231215711427893
H046,2026-02-04,5,416.38,83.28,Wednesday,0,540.3614285714286,-11.6978411163422,-22.94416699933643
H046,2026-02-05,5,549.9,109.98,Thursday,0,520.3728571428572,32.06686200105673,5.674228094690321
H046,2026-02-06,5,1043.26,208.65,Friday,1,518.1642857142857,89.7181305691944,101.33768937044236
H046,2026-02-07,5,494.59,98.92,Saturday,0,593.9528571428572,-52.59187546728524,-16.729081432629343
H046,2026-02-08,5,607.56,121.51,Sunday,0,578.0414285714286,22.84114114721283,5.106653255204138
H046,2026-02-09,5,432.32,86.46,Monday,0,580.1814285714285,-28.843241819737962,-25.485377726671693
H046,2026-02-10,5,484.42,96.88,Tuesday,0,573.65,12.05125832716507,-15.554780789680112
H046,2026-02-11,5,1082.18,216.44,Wednesday,1,575.49,123.39705214483301,88.0449703730734
H046,2026-02-12,5,509.99,102.0,Thursday,0,670.6042857142858,-52.8738287530725,-23.950679877210966
H046,2026-02-13,5,473.17,94.63,Friday,0,664.9028571428571,-7.2197494068511165,-28.836220973203382
H046,2026-02-14,5,542.84,108.57,Saturday,0,583.4614285714285,14.72409493416742,-6.962144639258798
H046,2026-02-15,5,607.47,121.49,Sunday,0,590.3542857142857,11.905902291651316,2.8992275824686544
H046,2026-02-16,5,525.28,105.06,Monday,0,590.3414285714287,-13.529886249526735,-11.020983014671913
H046,2026-02-17,5,392.19,78.44,Tuesday,0,603.6214285714286,-25.336963143466342,-35.02715751357876
H046,2026-02-18,5,495.9,99.18,Wednesday,0,590.4457142857143,26.44381549759045,-16.012600650356156
H046,2026-02-19,5,581.65,116.33,Thursday,0,506.6914285714285,17.291792700141162,14.793731885283812
H046,2026-02-20,5,551.45,110.29,Friday,0,516.9285714285714,-5.192125848878182,6.678181566947636
H046,2026-02-21,5,448.15,89.63,Saturday,0,528.1114285714285,-18.73243267748663,-15.14101461271701
H046,2026-02-22,5,489.54,97.91,Sunday,0,514.5842857142857,9.235746959723311,-4.86689671829409
H046,2026-02-23,5,508.31,101.66,Monday,0,497.7371428571428,3.834211708951263,2.124184882439389
H046,2026-02-24,5,467.94,93.59,Tuesday,0,495.31285714285724,-7.942003895260763,-5.526377268047054
H046,2026-02-25,5,499.92,99.98,Wednesday,0,506.13428571428574,6.834209514040257,-1.2277938661111973
H046,2026-02-26,5,394.57,78.91,Thursday,0,506.7085714285714,-21.07337173947832,-22.13078241649187
H046,2026-02-27,5,455.29,91.06,Friday,0,479.98285714285714,15.388904376916646,-5.144528971272779
H046,2026-02-28,5,537.11,107.42,Saturday,0,466.2457142857143,17.97096356168595,15.198914122535017
H046,2026-03-01,5,443.06,88.61,Sunday,0,478.95428571428573,-17.510379624285534,-7.494303065010681
H046,2026-03-02,5,538.83,107.77,Monday,0,472.31428571428575,21.61558253961089,14.082935091645998
H046,2026-03-03,5,440.67,88.13,Tuesday,0,476.67428571428576,-18.2172484828239,-7.553225922462784
H046,2026-03-04,5,507.7,101.54,Wednesday,0,472.77857142857147,15.210928812943925,7.386423725996756
H046,2026-03-05,5,501.19,100.24,Thursday,0,473.89,-1.2822532991924374,5.760830572495729
H046,2026-03-06,5,566.94,113.39,Friday,0,489.12142857142857,13.118777310002216,15.90986754676754
H046,2026-03-07,5,533.93,106.79,Saturday,0,505.07142857142856,-5.822485624581097,5.713760429925039
H046,2026-03-08,5,584.95,116.99,Sunday,0,504.6171428571428,9.555559717565988,15.919565611269665
H046,2026-03-09,5,489.75,97.95,Monday,0,524.8871428571429,-16.274895290195744,-6.69422814700303
H046,2026-03-10,5,480.39,96.08,Tuesday,0,517.8757142857143,-1.9111791730474725,-7.2383611070499505
H046,2026-03-11,5,493.02,98.6,Wednesday,0,523.55,2.62911384500093,-5.831343711202363
H046,2026-03-12,5,532.4,106.48,Thursday,0,521.4528571428572,7.987505577867027,2.0993542766501188
H046,2026-03-13,5,520.66,104.13,Friday,0,525.9114285714286,-2.2051089406461277,-0.998538591506455
H046,2026-03-14,5,506.5,101.3,Saturday,0,519.3,-2.71962509123036,-2.4648565376468237
H046,2026-03-15,5,595.87,119.17,Sunday,0,515.3814285714286,17.64461994077,15.617282068481863
H046,2026-03-16,5,504.35,100.87,Monday,0,516.9414285714286,-15.359054827395235,-2.43575536327685
H046,2026-03-17,5,490.86,98.17,Tuesday,0,519.0271428571428,-2.674729850302371,-5.4269113368692485
H046,2026-03-18,5,496.05,99.21,Wednesday,0,520.5228571428571,1.0573279550177173,-4.7015912571425345
H046,2026-03-19,5,433.52,86.7,Thursday,0,520.9557142857143,-12.605584114504587,-16.78371344973113
H046,2026-03-20,5,554.83,110.97,Friday,0,506.83,27.982561358184178,9.47063117810707
H046,2026-03-21,5,494.08,98.82,Saturday,0,511.7114285714286,-10.949299785519894,-3.445580377333215
H046,2026-03-22,5,519.34,103.87,Sunday,0,509.9371428571429,5.112532383419688,1.8439247414247164
H046,2026-03-23,5,493.69,98.74,Monday,0,499.00428571428574,-4.938960988947516,-1.0649779704153761
H046,2026-03-24,5,473.61,94.72,Tuesday,0,497.48142857142864,-4.067329700824396,-4.7984562237786434
H046,2026-03-25,5,546.95,109.39,Wednesday,0,495.0171428571429,15.485314921559933,10.49112296255252
H046,2026-03-26,5,538.2,107.64,Thursday,0,502.2885714285714,-1.5997806015175087,7.1495611515293005
H046,2026-03-27,5,506.88,101.38,Friday,0,517.2428571428571,-5.819397993311048,-2.0034799900571705
H046,2026-03-28,5,562.61,112.52,Saturday,0,510.39285714285717,10.99471275252526,10.230774613393042
H046,2026-03-29,5,529.77,105.95,Sunday,0,520.1828571428572,-5.8370807486536,1.8430332190877812
H046,2026-03-30,5,534.62,106.92,Monday,0,521.6728571428572,0.915491628442533,2.4818509684503876
H046,2026-03-31,5,470.91,94.18,Tuesday,0,527.52,-11.916875537765137,-10.7313466787989
H046,2026-04-01,5,557.8,111.56,Wednesday,0,527.1342857142857,18.451508780871073,5.81743876594198
H046,2026-04-02,5,485.96,97.19,Thursday,0,528.6842857142857,-12.87916816063105,-8.081247517421957
H046,2026-04-03,5,499.38,99.88,Friday,0,521.2214285714286,2.761544160013174,-4.1904318153787266
H046,2026-04-04,5,587.1,117.42,Saturday,0,520.15,17.565781569145745,12.87128712871288
H046,2026-04-05,5,511.15,102.23,Sunday,0,523.6485714285715,-12.936467382047356,-2.3868243151077455
H046,2026-04-06,5,534.21,106.84,Monday,0,520.9885714285714,4.5113958720532255,2.5377578888486867
H046,2026-04-07,5,472.12,94.42,Tuesday,0,520.9300000000001,-11.622770071694655,-9.369780968652229
H046,2026-04-08,5,493.53,98.71,Wednesday,0,521.1028571428571,4.534864017622642,-5.291250424922971
H046,2026-04-09,5,498.97,99.79,Thursday,0,511.9214285714285,1.1022632869329252,-2.529964140702381
H046,2026-04-10,5,533.05,106.61,Friday,0,513.78,6.830069944084793,3.7506325664681346
H047,2026-01-01,3,243.57,81.19,Thursday,0,,,
H047,2026-01-02,3,241.96,80.65,Friday,0,,-0.6610009442870601,
H047,2026-01-03,3,263.85,87.95,Saturday,0,,9.046949909075884,
H047,2026-01-04,3,238.16,79.39,Sunday,0,,-9.736592761038477,
H047,2026-01-05,3,269.07,89.69,Monday,0,,12.978669801813902,
H047,2026-01-06,3,246.0,82.0,Tuesday,0,,-8.573977031999103,
H047,2026-01-07,3,237.09,79.03,Wednesday,0,,-3.6219512195121983,
H047,2026-01-08,3,270.86,90.29,Thursday,0,248.52857142857144,14.243536209878105,8.985457262746452
H047,2026-01-09,3,277.26,92.42,Friday,0,252.42714285714288,2.362844273794562,9.83763348971979
H047,2026-01-10,3,286.82,95.61,Saturday,0,257.46999999999997,3.448027122556452,11.399386336272197
H047,2026-01-11,3,250.37,83.46,Sunday,0,260.7514285714286,-12.708318806219921,-3.9813506021060174
H047,2026-01-12,3,251.41,83.8,Monday,0,262.4957142857143,0.4153852298597993,-4.223198201875417
H047,2026-01-13,3,241.37,80.46,Tuesday,0,259.97285714285715,-3.9934767908993196,-7.155692077744382
H047,2026-01-14,3,260.83,86.94,Wednesday,0,259.31142857142856,8.062310974851883,0.5856168534250014
H047,2026-01-15,3,266.53,88.84,Thursday,0,262.70285714285717,2.1853314419353564,1.4568333587105269
H047,2026-01-16,3,235.38,78.46,Friday,0,262.08428571428567,-11.687239710351548,-10.189197586381685
H047,2026-01-17,3,270.05,90.02,Saturday,0,256.1014285714286,14.729373778570821,5.446502780706304
H047,2026-01-18,3,248.43,82.81,Sunday,0,253.70571428571427,-8.005924828735422,-2.0794621439913406
H047,2026-01-19,3,224.66,74.89,Monday,0,253.42857142857142,-9.56808759006561,-11.351747463359636
H047,2026-01-20,3,227.25,75.75,Tuesday,0,249.60714285714286,1.1528532003917125,-8.956932322220634
H047,2026-01-21,3,235.54,78.51,Wednesday,0,247.59,3.6479647964796413,-4.866917080657543
H047,2026-01-22,3,575.64,191.88,Thursday,1,243.97714285714287,144.39161076674876,135.94013490725123
H047,2026-01-23,3,233.86,77.95,Friday,0,288.13571428571424,-59.373914251963036,-18.836857631572407
H047,2026-01-24,3,259.85,86.62,Saturday,0,287.9185714285714,11.113486701445318,-9.748788099809948
H047,2026-01-25,3,274.85,91.62,Sunday,0,286.4614285714286,5.772561092938222,-4.053400358063665
H047,2026-01-26,3,245.09,81.7,Monday,0,290.2357142857143,-10.827724213207212,-15.554844584451072
H047,2026-01-27,3,242.66,80.89,Tuesday,0,293.1542857142857,-0.9914725202986641,-17.224474679349736
H047,2026-01-28,3,254.02,84.67,Wednesday,0,295.35571428571427,4.681447292508034,-13.995230932193135
H047,2026-01-29,3,206.63,68.88,Thursday,0,297.99571428571426,-18.656011337689947,-30.660076607046115
H047,2026-01-30,3,257.25,85.75,Friday,0,245.28,24.497894787784922,4.880136986301369
H047,2026-01-31,3,329.75,109.92,Saturday,0,248.62142857142857,28.182701652089403,32.631367253713336
H047,2026-02-01,3,260.22,86.74,Sunday,0,258.60714285714283,-21.085670962850635,0.6236707637066904
H047,2026-02-02,3,279.12,93.04,Monday,0,256.51714285714286,7.263085081853804,8.811441173522239
H047,2026-02-03,3,265.89,88.63,Tuesday,0,261.37857142857143,-4.739896818572664,1.726013171918119
H047,2026-02-04,3,204.12,68.04,Wednesday,0,264.69714285714286,-23.231411485952837,-22.885453995941454
H047,2026-02-05,3,257.77,85.92,Thursday,0,257.56857142857143,26.283558690966082,0.0782038624943069
H047,2026-02-06,3,297.4,99.13,Friday,0,264.8742857142857,15.374170772394002,12.279679848122022
H047,2026-02-07,3,273.97,91.32,Saturday,0,270.61,-7.878278412911888,1.2416392594508754
H047,2026-02-08,3,276.23,92.08,Sunday,0,262.64142857142855,0.8249078366244555,5.173811116731682
H047,2026-02-09,3,270.98,90.33,Monday,0,264.92857142857144,-1.9005900879701665,2.28417363170666
H047,2026-02-10,3,227.79,75.93,Tuesday,0,263.7657142857143,-15.938445641744792,-13.639268615004665
H047,2026-02-11,3,248.12,82.71,Wednesday,0,258.3228571428571,8.924886957285217,-3.9496532578279555
H047,2026-02-12,3,229.73,76.58,Thursday,0,264.60857142857145,-7.4117362566500145,-13.181194864651843
H047,2026-02-13,3,482.02,160.67,Friday,1,260.6028571428572,109.82022374091325,84.9634364276238
H047,2026-02-14,3,271.92,90.64,Saturday,0,286.9771428571429,-43.587403012323136,-5.2468091037613815
H047,2026-02-15,3,241.48,80.49,Sunday,0,286.6842857142857,-11.194468961459258,-15.767967749490477
H047,2026-02-16,3,221.96,73.99,Monday,0,281.71999999999997,-8.083485174755667,-21.212551469544216
H047,2026-02-17,3,248.86,82.95,Tuesday,0,274.71714285714285,12.11930077491441,-9.412278603446653
H047,2026-02-18,3,266.0,88.67,Wednesday,0,277.7271428571429,6.887406573977328,-4.222541137498792
H047,2026-02-19,3,235.6,78.53,Thursday,0,280.28142857142853,-11.428571428571432,-15.94163009628077
H047,2026-02-20,3,277.64,92.55,Friday,0,281.12,17.843803056027152,-1.237905520774053
H047,2026-02-21,3,246.76,82.25,Saturday,0,251.92285714285714,-11.122316669067855,-2.0493801957515365
H047,2026-02-22,3,249.79,83.26,Sunday,0,248.32857142857145,1.2279137623601777,0.5885060116205367
H047,2026-02-23,3,288.04,96.01,Monday,0,249.5157142857143,15.312862804756012,15.439623041205538
H047,2026-02-24,3,211.89,70.63,Tuesday,0,258.9557142857143,-26.437300374947938,-18.175198186121186
H047,2026-02-25,3,239.82,79.94,Wednesday,0,253.67428571428567,13.181367690782952,-5.4614466244678095
H047,2026-02-26,3,271.61,90.54,Thursday,0,249.93428571428572,13.255775164706861,8.672565360037499
H047,2026-02-27,3,218.1,72.7,Friday,0,255.07857142857142,-19.701041935127584,-14.496933717902047
H047,2026-02-28,3,270.52,90.17,Saturday,0,246.57285714285715,24.034846400733613,9.711994716137209
H047,2026-03-01,3,266.54,88.85,Sunday,0,249.96714285714285,-1.4712405737098755,6.630014230441727
H047,2026-03-02,3,281.4,93.8,Monday,0,252.35999999999999,5.575148195392798,11.507370423204943
H047,2026-03-03,3,285.1,95.03,Tuesday,0,251.41142857142856,1.314854299928947,13.399777257540302
H047,2026-03-04,3,245.43,81.81,Wednesday,0,261.87,-13.91441599438794,-6.277924160843165
H047,2026-03-05,3,236.15,78.72,Thursday,0,262.6714285714285,-3.7811188526260087,-10.096807527057141
H047,2026-03-06,3,228.5,76.17,Friday,0,257.60571428571427,-3.2394664408215146,-11.298551496195731
H047,2026-03-07,3,297.29,99.1,Saturday,0,259.09142857142854,30.105032822757117,14.743278710218148
H047,2026-03-08,3,256.26,85.42,Sunday,0,262.9157142857143,-13.80133876013321,-2.531501132899733
H047,2026-03-09,3,236.73,78.91,Monday,0,261.44714285714286,-7.621166003277924,-9.45397321501752
H047,2026-03-10,3,252.18,84.06,Tuesday,0,255.06571428571428,6.526422506653162,-1.1313611058214637
H047,2026-03-11,3,297.26,99.09,Wednesday,0,250.36285714285714,17.876120231580607,18.731669462608554
H047,2026-03-12,3,244.26,81.42,Thursday,0,257.76714285714286,-17.82950952028527,-5.240056086057741
H047,2026-03-13,3,238.06,79.35,Friday,0,258.92571428571426,-2.5382788831572856,-8.058571680790951
H047,2026-03-14,3,280.78,93.59,Saturday,0,260.2914285714286,17.94505586826849,7.871396895787125
H047,2026-03-15,3,286.33,95.44,Sunday,0,257.93285714285713,1.9766365125721164,11.009509673059988
H047,2026-03-16,3,241.75,80.58,Monday,0,262.2285714285714,-15.569447839905004,-7.809435606886021
H047,2026-03-17,3,211.46,70.49,Tuesday,0,262.94571428571425,-12.529472595656665,-19.58035879214611
H047,2026-03-18,3,214.69,71.56,Wednesday,0,257.12857142857143,1.527475645512144,-16.5048058225457
H047,2026-03-19,3,210.43,70.14,Thursday,0,245.33285714285714,-1.984256369649262,-14.226735688539764
H047,2026-03-20,3,254.14,84.71,Friday,0,240.5,20.77175307703274,5.671517671517666
H047,2026-03-21,3,238.75,79.58,Saturday,0,242.79714285714286,-6.055717321161557,-1.6668824062415428
H047,2026-03-22,3,272.43,90.81,Sunday,0,236.79285714285714,14.106806282722516,15.049923079243463
H047,2026-03-23,3,230.0,76.67,Monday,0,234.80714285714285,-15.574643027566715,-2.0472728378912755
H047,2026-03-24,3,258.93,86.31,Tuesday,0,233.12857142857143,12.578260869565216,11.0674673693241
H047,2026-03-25,3,230.78,76.93,Wednesday,0,239.91000000000003,-10.871664156335692,-3.8055937643282993
H047,2026-03-26,3,227.21,75.74,Thursday,0,242.20857142857145,-1.5469278100355255,-6.192419756290332
H047,2026-03-27,3,270.1,90.03,Friday,0,244.6057142857143,18.876809999559875,10.42260430780732
H047,2026-03-28,3,266.81,88.94,Saturday,0,246.8857142857143,-1.2180673824509491,8.070246499247768
H047,2026-03-29,3,285.29,95.1,Sunday,0,250.89428571428576,6.926277126044766,13.70924578365389
H047,2026-03-30,3,254.21,84.74,Monday,0,252.73142857142858,-10.894177854113362,0.5850366283802113
H047,2026-03-31,3,230.54,76.85,Tuesday,0,256.19,-9.311199402069159,-10.012100394238653
H047,2026-04-01,3,287.51,95.84,Wednesday,0,252.1342857142857,24.711546803157812,14.030505286298684
H047,2026-04-02,3,235.22,78.41,Thursday,0,260.23857142857145,-18.187193488922127,-9.613706104837876
H047,2026-04-03,3,277.36,92.45,Friday,0,261.3828571428572,17.91514327013011,6.112544270036282
H047,2026-04-04,3,271.48,90.49,Saturday,0,262.42,-2.119988462647826,3.4524807560399364
H047,2026-04-05,3,272.52,90.84,Sunday,0,263.08714285714285,0.38308531015174285,3.585449688044696
H047,2026-04-06,3,230.07,76.69,Monday,0,261.2628571428571,-15.576838397181858,-11.939262045887004
H047,2026-04-07,3,267.88,89.29,Tuesday,0,257.8142857142857,16.434128743425912,3.9042500138527267
H047,2026-04-08,3,283.09,94.36,Wednesday,0,263.1485714285714,5.677915484545304,7.57801133525873
H047,2026-04-09,3,241.55,80.52,Thursday,0,262.51714285714286,-14.67377865696421,-7.986961395718371
H047,2026-04-10,3,247.34,82.45,Friday,0,263.4214285714285,2.3970192506727273,-6.104829306651462
H048,2026-01-01,2,192.42,96.21,Thursday,0,,,
H048,2026-01-02,2,155.65,77.82,Friday,0,,-19.109240203721022,
H048,2026-01-03,2,168.37,84.18,Saturday,0,,8.172181175714744,
H048,2026-01-04,2,186.56,93.28,Sunday,0,,10.803587337411646,
H048,2026-01-05,2,163.15,81.57,Monday,0,,-12.54824185248713,
H048,2026-01-06,2,170.96,85.48,Tuesday,0,,4.7870058228624,
H048,2026-01-07,2,160.3,80.15,Wednesday,0,,-6.23537669630323,
H048,2026-01-08,2,171.19,85.59,Thursday,0,171.05857142857144,6.793512164691196,0.07683249680559727
H048,2026-01-09,2,145.22,72.61,Friday,0,168.0257142857143,-15.170278637770895,-13.572752469860056
H048,2026-01-10,2,193.06,96.53,Saturday,0,166.53571428571428,32.9431207822614,15.927085567231403
H048,2026-01-11,2,186.6,93.3,Sunday,0,170.06285714285715,-3.3461100176111147,9.724135613722646
H048,2026-01-12,2,157.13,78.57,Monday,0,170.06857142857143,-15.79314040728832,-7.6078556548619085
H048,2026-01-13,2,179.1,89.55,Tuesday,0,169.20857142857145,13.982053077069946,5.84570183881261
H048,2026-01-14,2,153.39,76.69,Wednesday,0,170.37142857142857,-14.355108877721944,-9.967298339761872
H048,2026-01-15,2,176.18,88.09,Thursday,0,169.3842857142857,14.857552643588257,4.01200988453981
H048,2026-01-16,2,197.33,98.67,Friday,0,170.09714285714287,12.004767851061416,16.01017905734538
H048,2026-01-17,2,209.66,104.83,Saturday,0,177.54142857142855,6.248416358384423,18.090747431183075
H048,2026-01-18,2,335.38,167.69,Sunday,1,179.91285714285715,59.963750834684724,86.41246952889891
H048,2026-01-19,2,150.3,75.15,Monday,0,201.16714285714284,-55.185163098574755,-25.286009501693673
H048,2026-01-20,2,174.46,87.23,Tuesday,0,200.19142857142856,16.07451763140386,-12.8534117344827
H048,2026-01-21,2,169.11,84.55,Wednesday,0,199.52857142857144,-3.0666055256219127,-15.245220877783344
H048,2026-01-22,2,195.16,97.58,Thursday,0,201.77428571428572,15.404174797469095,-3.278061766330135
H048,2026-01-23,2,165.82,82.91,Friday,0,204.48571428571427,-15.033818405410948,-18.90876065390526
H048,2026-01-24,2,194.21,97.11,Saturday,0,199.9842857142857,17.120974550717662,-2.8873697219067123
H048,2026-01-25,2,166.98,83.49,Sunday,0,197.77714285714282,-14.02090520570517,-15.57163907428273
H048,2026-01-26,2,183.92,91.96,Monday,0,173.72,10.144927536231885,5.871517384296563
H048,2026-01-27,2,156.28,78.14,Tuesday,0,178.52285714285716,-15.028273162244442,-12.459388953795441
H048,2026-01-28,2,169.57,84.79,Wednesday,0,175.9257142857143,8.503967238290233,-3.612726150648008
H048,2026-01-29,2,150.54,75.27,Thursday,0,175.99142857142854,-11.222503980656962,-14.461743266717525
H048,2026-01-30,2,166.79,83.4,Friday,0,169.61714285714285,10.79447322970639,-1.6667789643903936
H048,2026-01-31,2,195.49,97.75,Saturday,0,169.75571428571428,17.207266622699223,15.159599087764782
H048,2026-02-01,2,180.56,90.28,Sunday,0,169.9385714285714,-7.637219295104614,6.250157619980344
H048,2026-02-02,2,160.47,80.23,Monday,0,171.8785714285714,-11.12649534780682,-6.637576362049607
H048,2026-02-03,2,193.05,96.52,Tuesday,0,168.52857142857144,20.302860347728547,14.550309400695092
H048,2026-02-04,2,170.23,85.12,Wednesday,0,173.78142857142856,-11.820771820771835,-2.043618009486466
H048,2026-02-05,2,155.67,77.84,Thursday,0,173.8757142857143,-8.553133995182993,-10.470533139434592
H048,2026-02-06,2,375.26,187.63,Friday,1,174.60857142857142,141.06121924584056,114.91499353656343
H048,2026-02-07,2,171.06,85.53,Saturday,0,204.39000000000001,-54.41560518040824,-16.30706003229121
H048,2026-02-08,2,180.42,90.21,Sunday,0,200.90000000000003,5.471764293230441,-10.194126431060251
H048,2026-02-09,2,167.95,83.98,Monday,0,200.87999999999997,-6.911650593060637,-16.392871365989635
H048,2026-02-10,2,168.76,84.38,Tuesday,0,201.9485714285714,0.4822863947603562,-16.43416994425737
H048,2026-02-11,2,177.92,88.96,Wednesday,0,198.47857142857143,5.427826499170418,-10.358081117069139
H048,2026-02-12,2,133.06,66.53,Thursday,0,199.57714285714286,-25.213579136690644,-33.32903853862452
H048,2026-02-13,2,172.02,86.01,Friday,0,196.34714285714287,29.28002404930108,-12.3898634342964
H048,2026-02-14,2,184.67,92.34,Saturday,0,167.31285714285715,7.353796070224372,10.374063986202051
H048,2026-02-15,2,201.32,100.66,Sunday,0,169.25714285714284,9.016082742188768,18.943281566509125
H048,2026-02-16,2,186.06,93.03,Monday,0,172.2428571428571,-7.579972183588312,8.02189599402839
H048,2026-02-17,2,165.69,82.85,Tuesday,0,174.82999999999998,-10.948081264108357,-5.227935708974425
H048,2026-02-18,2,157.0,78.5,Wednesday,0,174.39142857142855,-5.244734142072549,-9.972639546504567
H048,2026-02-19,2,171.91,85.96,Thursday,0,171.40285714285716,9.496815286624205,0.295877714990571
H048,2026-02-20,2,166.5,83.25,Friday,0,176.95285714285714,-3.146995520912099,-5.907142338153018
H048,2026-02-21,2,201.81,100.91,Saturday,0,176.16428571428568,21.20720720720721,14.557839678871206
H048,2026-02-22,2,188.99,94.49,Sunday,0,178.61285714285714,-6.352509786432781,5.809852114309488
H048,2026-02-23,2,184.04,92.02,Monday,0,176.85142857142856,-2.619186200328072,4.064751688261337
H048,2026-02-24,2,179.86,89.93,Tuesday,0,176.56285714285715,-2.2712453814388023,1.8674045665647208
H048,2026-02-25,2,188.46,94.23,Wednesday,0,178.58714285714285,4.781496719670852,5.528313508411268
H048,2026-02-26,2,177.49,88.74,Thursday,0,183.0814285714286,-5.8208638437864835,-3.0540664965628217
H048,2026-02-27,2,171.52,85.76,Friday,0,183.87857142857143,-3.3635697785790786,-6.721050382628284
H048,2026-02-28,2,197.28,98.64,Saturday,0,184.5957142857143,15.018656716417912,6.871386891817628
H048,2026-03-01,2,178.0,89.0,Sunday,0,183.94857142857146,-9.772911597729117,-3.2338231182628823
H048,2026-03-02,2,191.21,95.6,Monday,0,182.37857142857143,7.421348314606746,4.842360866329849
H048,2026-03-03,2,169.13,84.57,Tuesday,0,183.40285714285716,-11.547513205376292,-7.782243616706403
H048,2026-03-04,2,163.1,81.55,Wednesday,0,181.87000000000003,-3.5653047951280104,-10.320558640787395
H048,2026-03-05,2,189.06,94.53,Thursday,0,178.24714285714285,15.916615573267933,6.06621624870766
H048,2026-03-06,2,180.08,90.04,Friday,0,179.9,-4.749814873585101,0.10005558643691317
H048,2026-03-07,2,191.68,95.84,Saturday,0,181.12285714285716,6.441581519324746,5.8287192592242
H048,2026-03-08,2,180.73,90.36,Sunday,0,180.32285714285715,-5.71264607679467,0.22578549585663088
H048,2026-03-09,2,160.25,80.13,Monday,0,180.71285714285713,-11.331820948376025,-11.323409671222691
H048,2026-03-10,2,170.99,85.5,Tuesday,0,176.29,6.702028081123257,-3.006409892790279
H048,2026-03-11,2,172.84,86.42,Wednesday,0,176.5557142857143,1.08193461605941,-2.104556230732508
H048,2026-03-12,2,164.16,82.08,Thursday,0,177.94714285714286,-5.021985651469574,-7.747886611594139
H048,2026-03-13,2,181.48,90.74,Friday,0,174.39000000000001,10.550682261208566,4.065600091748365
H048,2026-03-14,2,204.62,102.31,Saturday,0,174.59,12.750716332378232,17.20029784065525
H048,2026-03-15,2,172.93,86.46,Sunday,0,176.43857142857146,-15.487244648616949,-1.9885512562041179
H048,2026-03-16,2,170.3,85.15,Monday,0,175.3242857142857,-1.520846585323543,-2.865710071948298
H048,2026-03-17,2,152.51,76.26,Tuesday,0,176.76000000000002,-10.446271285965958,-13.719167232405535
H048,2026-03-18,2,178.35,89.18,Wednesday,0,174.12000000000003,16.943151268769263,2.429359062715346
H048,2026-03-19,2,171.22,85.61,Thursday,0,174.90714285714284,-3.997757218951492,-2.1080573365459156
H048,2026-03-20,2,204.36,102.18,Friday,0,175.9157142857143,19.355215512206534,16.16926937413209
H048,2026-03-21,2,208.54,104.27,Saturday,0,179.18428571428572,2.045410060677222,16.382973634486433
H048,2026-03-22,2,179.85,89.93,Sunday,0,179.74428571428572,-13.757552507912152,0.058813711542579965
H048,2026-03-23,2,155.66,77.83,Monday,0,180.73285714285717,-13.450097303308317,-13.872882628662683
H048,2026-03-24,2,145.7,72.85,Tuesday,0,178.64142857142855,-6.398560966208411,-18.43997153115978
H048,2026-03-25,2,157.43,78.72,Wednesday,0,177.66857142857143,8.05078929306795,-11.391193876238255
H048,2026-03-26,2,168.6,84.3,Thursday,0,174.68,7.095216921806502,-3.4806503320357294
H048,2026-03-27,2,140.74,70.37,Friday,0,174.30571428571426,-16.524317912218255,-19.256806595964377
H048,2026-03-28,2,168.68,84.34,Saturday,0,165.21714285714285,19.852209748472347,2.0959430014180582
H048,2026-03-29,2,177.13,88.56,Sunday,0,159.52285714285713,5.009485416172632,11.037379327637781
H048,2026-03-30,2,164.62,82.31,Monday,0,159.1342857142857,-7.062609382939078,3.4472233693017635
H048,2026-03-31,2,192.59,96.29,Tuesday,0,160.41428571428574,16.99064512209938,20.057885831329575
H048,2026-04-01,2,178.21,89.11,Wednesday,0,167.11285714285714,-7.466638973986184,6.640508125390035
H048,2026-04-02,2,161.66,80.83,Thursday,0,170.08142857142857,-9.286796476067572,-4.951409828905486
H048,2026-04-03,2,168.32,84.16,Friday,0,169.09,4.1197575157738475,-0.4553787923591047
H048,2026-04-04,2,183.72,91.86,Saturday,0,173.03,9.149239543726239,6.178119401259896
H048,2026-04-05,2,175.2,87.6,Sunday,0,175.17857142857142,-4.637491835401708,0.012232415902141138
H048,2026-04-06,2,163.56,81.78,Monday,0,174.90285714285713,-6.643835616438354,-6.485232618923149
H048,2026-04-07,2,154.42,77.21,Tuesday,0,174.75142857142856,-5.588163365125953,-11.634484901002242
H048,2026-04-08,2,168.66,84.33,Wednesday,0,169.29857142857145,9.221603419246227,-0.3771865427942324
H048,2026-04-09,2,170.84,85.42,Thursday,0,167.93428571428572,1.2925412071623343,1.7302686424962122
H048,2026-04-10,2,142.54,71.27,Friday,0,169.24571428571429,-16.565207211425903,-15.779255857924241
H049,2026-01-01,4,377.97,94.49,Thursday,0,,,
H049,2026-01-02,4,383.41,95.85,Friday,0,,1.439267666746047,
H049,2026-01-03,4,448.16,112.04,Saturday,0,,16.887926762473594,
H049,2026-01-04,4,374.1,93.53,Sunday,0,,-16.525348089967874,
H049,2026-01-05,4,328.21,82.05,Monday,0,,-12.26677358994922,
H049,2026-01-06,4,346.54,86.64,Tuesday,0,,5.584838975046469,
H049,2026-01-07,4,325.78,81.44,Wednesday,0,,-5.990650429964806,
H049,2026-01-08,4,354.52,88.63,Thursday,0,369.1671428571429,8.821904352630616,-3.967618229450863
H049,2026-01-09,4,325.66,81.42,Friday,0,365.8171428571428,-8.14058445221707,-10.977381361492062
H049,2026-01-10,4,354.85,88.71,Saturday,0,357.5671428571428,8.963335994595578,-0.7598972420763944
H049,2026-01-11,4,369.53,92.38,Sunday,0,344.2371428571429,4.136959278568386,7.347509607164479
H049,2026-01-12,4,303.57,75.89,Monday,0,343.5842857142857,-17.849700971504333,-11.64613382451385
H049,2026-01-13,4,312.05,78.01,Tuesday,0,340.0642857142857,2.7934249102348874,-8.237938204961237
H049,2026-01-14,4,319.31,79.83,Wednesday,0,335.13714285714286,2.3265502323345677,-4.722586915377927
H049,2026-01-15,4,354.97,88.74,Thursday,0,334.2128571428571,11.167830634806307,6.210755335564609
H049,2026-01-16,4,349.6,87.4,Friday,0,334.27714285714285,-1.5128038989210335,4.5838782190996445
H049,2026-01-17,4,401.96,100.49,Saturday,0,337.69714285714286,14.977116704805482,19.02973078159635
H049,2026-01-18,4,389.72,97.43,Sunday,0,344.4271428571429,-3.0450791123494803,13.15019971049237
H049,2026-01-19,4,349.35,87.34,Monday,0,347.3114285714286,-10.358719080365386,0.5869577735914169
H049,2026-01-20,4,373.8,93.45,Tuesday,0,353.8514285714286,6.998711893516529,5.637555713455202
H049,2026-01-21,4,368.85,92.21,Wednesday,0,362.67285714285714,-1.3242375601926093,1.7032272295772335
H049,2026-01-22,4,353.92,88.48,Thursday,0,369.75,-4.047715873661383,-4.281271129141307
H049,2026-01-23,4,378.52,94.63,Friday,0,369.6,6.950723327305597,2.413419913419902
H049,2026-01-24,4,306.39,76.6,Saturday,0,373.73142857142864,-19.055796259114445,-18.01866886840055
H049,2026-01-25,4,354.86,88.72,Sunday,0,360.0785714285715,15.819706909494435,-1.449286861994416
H049,2026-01-26,4,386.77,96.69,Monday,0,355.09857142857146,8.99227864509946,8.919052657411006
H049,2026-01-27,4,303.72,75.93,Tuesday,0,360.44428571428574,-21.472709879256392,-15.73732417532331
H049,2026-01-28,4,382.37,95.59,Wednesday,0,350.4328571428572,25.895561701567217,9.11362682070744
H049,2026-01-29,4,311.38,77.85,Thursday,0,352.3642857142857,-18.5657870648848,-11.631225801220326
H049,2026-01-30,4,312.21,78.05,Friday,0,346.28714285714284,0.2665553343181859,-9.840718478884163
H049,2026-01-31,4,364.97,91.24,Saturday,0,336.8142857142857,16.898882162646945,8.359418076939406
H049,2026-02-01,4,316.56,79.14,Sunday,0,345.1828571428572,-13.264103898950609,-8.292085354346362
H049,2026-02-02,4,832.99,208.25,Monday,1,339.7114285714286,163.1381096790498,145.2051741393956
H049,2026-02-03,4,331.67,82.92,Tuesday,0,403.45714285714286,-60.18319547653633,-17.793003328376173
H049,2026-02-04,4,342.49,85.62,Wednesday,0,407.44999999999993,3.262278771067617,-15.943060498220623
H049,2026-02-05,4,342.75,85.69,Thursday,0,401.7528571428571,0.07591462524452197,-14.686356573159756
H049,2026-02-06,4,389.98,97.49,Friday,0,406.2342857142857,13.779722830051067,-4.001209717123118
H049,2026-02-07,4,294.17,73.54,Saturday,0,417.3442857142858,-24.567926560336428,-29.513830650268197
H049,2026-02-08,4,369.84,92.46,Sunday,0,407.23,25.723221266614527,-9.181543599440129
H049,2026-02-09,4,336.48,84.12,Monday,0,414.84142857142854,-9.020116807267996,-18.889489615653474
H049,2026-02-10,4,340.12,85.03,Tuesday,0,343.91142857142853,1.0817879220161641,-1.102443320123939
H049,2026-02-11,4,325.5,81.38,Wednesday,0,345.1185714285715,-4.29848288839233,-5.684588733478782
H049,2026-02-12,4,345.35,86.34,Thursday,0,342.6914285714286,6.098310291858677,0.7757916326224276
H049,2026-02-13,4,360.85,90.21,Friday,0,343.0628571428571,4.4882003764297185,5.18480578319676
H049,2026-02-14,4,351.5,87.88,Saturday,0,338.90142857142854,-2.5911043369821307,3.717473685985399
H049,2026-02-15,4,372.98,93.25,Sunday,0,347.09142857142854,6.110953058321478,7.458718164007852
H049,2026-02-16,4,295.75,73.94,Monday,0,347.54,-20.706204086009983,-14.901881797778676
H049,2026-02-17,4,356.27,89.07,Tuesday,0,341.7214285714286,20.463229078613686,4.257436090382715
H049,2026-02-18,4,331.19,82.8,Wednesday,0,344.0285714285714,-7.039604794116816,-3.7318329042438294
H049,2026-02-19,4,378.26,94.56,Thursday,0,344.84142857142854,14.212385639663028,9.690996689990024
H049,2026-02-20,4,359.83,89.96,Friday,0,349.54285714285714,-4.872310051287476,2.943027627922179
H049,2026-02-21,4,420.14,105.04,Saturday,0,349.3971428571429,16.76069254925938,20.24711952833041
H049,2026-02-22,4,362.63,90.66,Sunday,0,359.20285714285717,-13.688294378064459,0.9540967698316025
H049,2026-02-23,4,324.2,81.05,Monday,0,357.7242857142857,-10.597578799327145,-9.371543127787964
H049,2026-02-24,4,378.0,94.5,Tuesday,0,361.7885714285714,16.59469463294263,4.480912292894042
H049,2026-02-25,4,384.47,96.12,Wednesday,0,364.89285714285717,1.7116402116402085,5.365175687579525
H049,2026-02-26,4,312.02,78.01,Thursday,0,372.5042857142857,-18.84412307852369,-16.2372053245792
H049,2026-02-27,4,330.99,82.75,Friday,0,363.0414285714286,6.079738478302676,-8.82858705618013
H049,2026-02-28,4,357.74,89.43,Saturday,0,358.9214285714285,8.081815160578865,-0.3291607793189749
H049,2026-03-01,4,321.45,80.36,Sunday,0,350.00714285714287,-10.144238832671782,-8.159017162915049
H049,2026-03-02,4,357.04,89.26,Monday,0,344.1242857142857,11.071706330689079,3.75321208699516
H049,2026-03-03,4,290.01,72.5,Tuesday,0,348.8157142857143,-18.77380685637464,-16.858676910853468
H049,2026-03-04,4,331.3,82.83,Wednesday,0,336.2457142857143,14.237440088272834,-1.470863144299242
H049,2026-03-05,4,348.04,87.01,Thursday,0,328.65000000000003,5.052822215514641,5.899893503727364
H049,2026-03-06,4,355.01,88.75,Friday,0,333.7957142857143,2.0026433743247862,6.355469769790746
H049,2026-03-07,4,378.0,94.5,Saturday,0,337.2271428571429,6.475873919044539,12.090621412443486
H049,2026-03-08,4,383.86,95.96,Sunday,0,340.12142857142857,1.5502645502645462,12.859692966797578
H049,2026-03-09,4,325.8,81.45,Monday,0,349.0371428571429,-15.125306101182723,-6.657498587952169
H049,2026-03-10,4,344.62,86.15,Tuesday,0,344.5742857142858,5.7765500306936834,0.013266888334237755
H049,2026-03-11,4,354.11,88.53,Wednesday,0,352.3757142857143,2.753757762172837,0.4921694781949432
H049,2026-03-12,4,390.81,97.7,Thursday,0,355.63428571428574,10.364011182965749,9.890979497396998
H049,2026-03-13,4,365.2,91.3,Friday,0,361.7442857142857,-6.553056472454644,0.9552920176446683
H049,2026-03-14,4,419.48,104.87,Saturday,0,363.2,14.863088718510408,15.495594713656397
H049,2026-03-15,4,754.0,188.5,Sunday,1,369.1257142857143,79.74635262706207,104.26645200241495
H049,2026-03-16,4,315.88,78.97,Monday,0,422.0028571428571,-58.106100795755964,-25.14742621918606
H049,2026-03-17,4,378.38,94.59,Tuesday,0,420.5857142857143,19.78599468152462,-10.034985224686663
H049,2026-03-18,4,367.86,91.97,Wednesday,0,425.4085714285714,-2.7802737988265713,-13.527835425439738
H049,2026-03-19,4,335.18,83.8,Thursday,0,427.3728571428571,-8.883814494644703,-21.57199634979157
H049,2026-03-20,4,361.22,90.31,Friday,0,419.42571428571426,7.768959961811572,-13.877478729419126
H049,2026-03-21,4,376.7,94.17,Saturday,0,418.85714285714283,4.285476994629311,-10.064802182810366
H049,2026-03-22,4,331.56,82.89,Sunday,0,412.7457142857143,-11.983010353066092,-19.669668630287767
H049,2026-03-23,4,675.92,168.98,Monday,1,352.3971428571429,103.86053806249245,91.80632241221345
H049,2026-03-24,4,326.31,81.58,Tuesday,0,403.83142857142855,-51.72357675464552,-19.196482266292154
H049,2026-03-25,4,274.87,68.72,Wednesday,0,396.39285714285717,-15.764150654285803,-30.657176322191194
H049,2026-03-26,4,313.85,78.46,Thursday,0,383.10857142857145,14.181249317859358,-18.078053218781694
H049,2026-03-27,4,341.9,85.48,Friday,0,380.06142857142856,8.93739047315596,-10.0408580567803
H049,2026-03-28,4,376.2,94.05,Saturday,0,377.3014285714286,10.032173150043878,-0.29192271431330363
H049,2026-03-29,4,392.84,98.21,Sunday,0,377.22999999999996,4.423179160021262,4.1380590090926
H049,2026-03-30,4,342.69,85.67,Monday,0,385.9842857142857,-12.766011607779248,-11.216592829463819
H049,2026-03-31,4,373.93,93.48,Tuesday,0,338.38,9.116110770667362,10.505940067379873
H049,2026-04-01,4,327.36,81.84,Wednesday,0,345.1828571428572,-12.454202658251546,-5.163308888042785
H049,2026-04-02,4,339.73,84.93,Thursday,0,352.68142857142857,3.7787145650048926,-3.672274047400116
H049,2026-04-03,4,313.64,78.41,Friday,0,356.3785714285714,-7.679627939834588,-11.992463872687543
H049,2026-04-04,4,419.75,104.94,Saturday,0,352.3414285714286,33.83178166050249,19.131605301675723
H049,2026-04-05,4,353.48,88.37,Sunday,0,358.5628571428571,-15.787969029184035,-1.4175637664645273
H049,2026-04-06,4,357.59,89.4,Monday,0,352.94000000000005,1.1627249066425094,1.3175043916812827
H049,2026-04-07,4,336.69,84.17,Tuesday,0,355.06857142857143,-5.844682457563122,-5.176062571414778
H049,2026-04-08,4,328.89,82.22,Wednesday,0,349.7485714285714,-2.3166711218034375,-5.963876090579346
H049,2026-04-09,4,589.55,147.39,Thursday,1,349.96714285714285,79.25446197816899,68.45867163039794
H049,2026-04-10,4,333.74,83.44,Friday,0,385.6557142857143,-43.39072173691798,-13.46167380972666
H050,2026-01-01,2,179.74,89.87,Thursday,0,,,
H050,2026-01-02,2,176.04,88.02,Friday,0,,-2.058528986313568,
H050,2026-01-03,2,188.33,94.16,Saturday,0,,6.9813678709384375,
H050,2026-01-04,2,203.32,101.66,Sunday,0,,7.959432910316977,
H050,2026-01-05,2,186.53,93.27,Monday,0,,-8.257918552036191,
H050,2026-01-06,2,175.19,87.6,Tuesday,0,,-6.079451026644511,
H050,2026-01-07,2,170.53,85.27,Wednesday,0,,-2.6599691763228517,
H050,2026-01-08,2,163.71,81.86,Thursday,0,182.8114285714286,-3.999296311499434,-10.448705926481626
H050,2026-01-09,2,170.16,85.08,Friday,0,180.52142857142857,3.9398937144951462,-5.739722233213313
H050,2026-01-10,2,188.82,94.41,Saturday,0,179.68142857142857,10.966149506346955,5.085985514044697
H050,2026-01-11,2,189.94,94.97,Sunday,0,179.7514285714286,0.5931575045016402,5.668144898510629
H050,2026-01-12,2,154.9,77.45,Monday,0,177.83999999999997,-18.447930925555433,-12.899235267656305
H050,2026-01-13,2,190.34,95.17,Tuesday,0,173.32142857142858,22.879276952872818,9.81908098083659
H050,2026-01-14,2,171.85,85.93,Wednesday,0,175.48571428571427,-9.714195649889678,-2.071800716379022
H050,2026-01-15,2,166.67,83.34,Thursday,0,175.67428571428573,-3.0142566191446063,-5.125557037374377
H050,2026-01-16,2,163.0,81.5,Friday,0,176.09714285714284,-2.201955960880775,-7.437453353668422
H050,2026-01-17,2,200.55,100.28,Saturday,0,175.0742857142857,23.03680981595093,14.55137411058164
H050,2026-01-18,2,179.99,90.0,Sunday,0,176.75,-10.251807529294442,1.8330975954738382
H050,2026-01-19,2,193.95,96.97,Monday,0,175.32857142857145,7.7559864436913095,10.62087509166461
H050,2026-01-20,2,152.76,76.38,Tuesday,0,180.90714285714284,-21.23743232791957,-15.558889722430608
H050,2026-01-21,2,206.74,103.37,Wednesday,0,175.53857142857143,35.336475517151115,17.774685254360058
H050,2026-01-22,2,213.56,106.78,Thursday,0,180.52285714285713,3.298829447615348,18.300808761850504
H050,2026-01-23,2,139.96,69.98,Friday,0,187.2214285714286,-34.46338265592808,-25.24360001526077
H050,2026-01-24,2,198.14,99.07,Saturday,0,183.93,41.56901971991995,7.725765236774848
H050,2026-01-25,2,184.11,92.06,Sunday,0,183.58571428571432,-7.0808519228827915,0.28558088864678804
H050,2026-01-26,2,190.23,95.12,Monday,0,184.17428571428573,3.32409972299168,3.28803462558755
H050,2026-01-27,2,177.02,88.51,Tuesday,0,183.64285714285714,-6.944225411344151,-3.606378840917923
H050,2026-01-28,2,165.62,82.81,Wednesday,0,187.10857142857142,-6.439950288103047,-11.48454678719765
H050,2026-01-29,2,176.17,88.09,Thursday,0,181.23428571428573,6.370003622750864,-2.7943309370664817
H050,2026-01-30,2,185.99,92.99,Friday,0,175.89285714285714,5.574161321450877,5.740507614213206
H050,2026-01-31,2,177.54,88.77,Saturday,0,182.46857142857147,-4.543255013710423,-2.701052236001527
H050,2026-02-01,2,225.36,112.68,Sunday,0,179.5257142857143,26.93477526191281,25.530763599325212
H050,2026-02-02,2,176.67,88.34,Monday,0,185.41857142857143,-21.605431309904166,-4.718282187791335
H050,2026-02-03,2,172.95,86.47,Tuesday,0,183.48142857142858,-2.105620648667006,-5.739779035636159
H050,2026-02-04,2,186.47,93.23,Wednesday,0,182.90000000000003,7.817288233593533,1.9518862766538896
H050,2026-02-05,2,203.97,101.98,Thursday,0,185.8785714285714,9.384887649487862,9.732928563194111
H050,2026-02-06,2,366.3,183.15,Friday,1,189.85,79.58523312251802,92.94179615485912
H050,2026-02-07,2,170.39,85.19,Saturday,0,215.60857142857145,-53.48348348348348,-20.972529584034575
H050,2026-02-08,2,186.5,93.25,Sunday,0,214.58714285714285,9.45478021010624,-13.088921583639014
H050,2026-02-09,2,190.34,95.17,Monday,0,209.03571428571428,2.0589812332439728,-8.943789509653165
H050,2026-02-10,2,163.11,81.55,Tuesday,0,210.98857142857142,-14.305978774823991,-22.69249519269831
H050,2026-02-11,2,199.97,99.99,Wednesday,0,209.58285714285714,22.598246582061176,-4.586661940725794
H050,2026-02-12,2,204.65,102.33,Thursday,0,211.51142857142858,2.3403510526579074,-3.2439989733753007
H050,2026-02-13,2,175.09,87.54,Friday,0,211.60857142857142,-14.444172978255555,-17.257605011949284
H050,2026-02-14,2,193.56,96.78,Saturday,0,184.29285714285717,10.548860585984343,5.028487267935335
H050,2026-02-15,2,202.98,101.49,Sunday,0,187.60285714285715,4.866707997520137,8.19664641111161
H050,2026-02-16,2,163.1,81.55,Monday,0,189.95714285714286,-19.647255887279535,-14.138527487403177
H050,2026-02-17,2,174.5,87.25,Tuesday,0,186.06571428571428,6.989576946658493,-6.215929855811307
H050,2026-02-18,2,171.98,85.99,Wednesday,0,187.69285714285712,-1.444126074498575,-8.371579708490309
H050,2026-02-19,2,173.99,86.99,Thursday,0,183.6942857142857,1.1687405512268878,-5.282845721929286
H050,2026-02-20,2,192.2,96.1,Friday,0,179.31428571428572,10.466118742456443,7.1861057998725215
H050,2026-02-21,2,181.7,90.85,Saturday,0,181.75857142857143,-5.4630593132154015,-0.0322248508618247
H050,2026-02-22,2,170.56,85.28,Sunday,0,180.06428571428572,-6.130985140341217,-5.278273632432862
H050,2026-02-23,2,164.11,82.05,Monday,0,175.43285714285713,-3.78166041275797,-6.454239717270736
H050,2026-02-24,2,178.62,89.31,Tuesday,0,175.57714285714286,8.841630613612805,1.7330599492286671
H050,2026-02-25,2,171.63,85.81,Wednesday,0,176.1657142857143,-3.913335572724219,-2.5746861721106864
H050,2026-02-26,2,173.72,86.86,Thursday,0,176.1157142857143,1.2177358270698546,-1.360306941053369
H050,2026-02-27,2,190.08,95.04,Friday,0,176.07714285714286,9.41745337324431,7.952683077222651
H050,2026-02-28,2,209.08,104.54,Saturday,0,175.77428571428572,9.995791245791242,18.94800149542433
H050,2026-03-01,2,185.26,92.63,Sunday,0,179.68571428571428,-11.392768318347057,3.1022420098584793
H050,2026-03-02,2,167.46,83.73,Monday,0,181.78571428571428,-9.608118320198633,-7.880550098231819
H050,2026-03-03,2,164.46,82.23,Tuesday,0,182.26428571428573,-1.7914725904693674,-9.768389700983663
H050,2026-03-04,2,162.25,81.13,Wednesday,0,180.24142857142857,-1.343791803478056,-9.98184974122011
H050,2026-03-05,2,172.38,86.19,Thursday,0,178.9014285714286,6.243451463790439,-3.6452635529541566
H050,2026-03-06,2,182.2,91.1,Friday,0,178.71,5.696716556445058,1.9528845615802026
H050,2026-03-07,2,164.97,82.48,Saturday,0,177.5842857142857,-9.45664105378704,-7.103266859197636
H050,2026-03-08,2,213.47,106.73,Sunday,0,171.28285714285715,29.39928471843365,24.630102253582205
H050,2026-03-09,2,170.27,85.14,Monday,0,175.31285714285715,-20.237035649037328,-2.8764901930426428
H050,2026-03-10,2,158.67,79.34,Tuesday,0,175.71428571428572,-6.812709226522595,-9.700000000000012
H050,2026-03-11,2,330.91,165.46,Wednesday,1,174.88714285714286,108.55234133736688,89.21345194043506
H050,2026-03-12,2,194.5,97.25,Thursday,0,198.98142857142855,-41.22268894865674,-2.252184338811222
H050,2026-03-13,2,175.58,87.79,Friday,0,202.14142857142858,-9.72750642673521,-13.140022190969544
H050,2026-03-14,2,228.52,114.26,Saturday,0,201.1957142857143,30.151497892698487,13.580948188331188
H050,2026-03-15,2,207.51,103.75,Sunday,0,210.27428571428572,-9.193943637318402,-1.3146094896461857
H050,2026-03-16,2,173.9,86.95,Monday,0,209.42285714285714,-16.19680979229916,-16.96226363611558
H050,2026-03-17,2,159.06,79.53,Tuesday,0,209.94142857142856,-8.533640023001732,-24.236011404541397
H050,2026-03-18,2,187.15,93.57,Wednesday,0,209.9971428571429,17.66000251477431,-10.879739860406282
H050,2026-03-19,2,188.3,94.15,Thursday,0,189.46,0.6144803633449047,-0.6122664414652151
H050,2026-03-20,2,204.14,102.07,Friday,0,188.5742857142857,8.412108337758873,8.254420387569882
H050,2026-03-21,2,216.01,108.0,Saturday,0,192.6542857142857,5.814637013814061,12.123122098800227
H050,2026-03-22,2,180.68,90.34,Sunday,0,190.86714285714285,-16.355724272024442,-5.337295201598712
H050,2026-03-23,2,199.69,99.84,Monday,0,187.03428571428572,10.521363736993571,6.766521035104334
H050,2026-03-24,2,167.51,83.76,Tuesday,0,190.71857142857147,-16.114978216235166,-12.1690149285035
H050,2026-03-25,2,199.79,99.89,Wednesday,0,191.9257142857143,19.2704913139514,4.097567511239459
H050,2026-03-26,2,186.14,93.07,Thursday,0,193.73142857142858,-6.832173782471596,-3.9185322832787772
H050,2026-03-27,2,183.35,91.67,Friday,0,193.42285714285714,-1.4988718169119952,-5.2076870808591105
H050,2026-03-28,2,189.51,94.75,Saturday,0,190.45285714285714,3.3596945732206063,-0.49506064492900764
H050,2026-03-29,2,196.84,98.42,Sunday,0,186.66714285714286,3.867869769405319,5.4497309955841935
H050,2026-03-30,2,188.58,94.29,Monday,0,188.97571428571428,-4.196301564722615,-0.20939954491505636
H050,2026-03-31,2,176.58,88.29,Tuesday,0,187.3885714285714,-6.363347120585427,-5.767999268136469
H050,2026-04-01,2,167.22,83.61,Wednesday,0,188.68428571428575,-5.300713557594294,-11.375767533067348
H050,2026-04-02,2,187.2,93.6,Thursday,0,184.03142857142853,11.948331539289558,1.7217556007514387
H050,2026-04-03,2,177.72,88.86,Friday,0,184.18285714285713,-5.064102564102557,-3.5089352196574772
H050,2026-04-04,2,197.63,98.82,Saturday,0,183.3785714285714,11.203015980193554,7.771588828730584
H050,2026-04-05,2,170.93,85.46,Sunday,0,184.53857142857143,-13.510094621261947,-7.374377791712145
H050,2026-04-06,2,200.74,100.37,Monday,0,180.83714285714285,17.43988767331657,11.005956424881118
H050,2026-04-07,2,191.26,95.63,Tuesday,0,182.5742857142857,-4.7225266513898685,4.757359039764634
H050,2026-04-08,2,173.09,86.55,Wednesday,0,184.67142857142855,-9.500156854543551,-6.271370000773562
H050,2026-04-09,2,174.34,87.17,Thursday,0,185.51000000000002,0.7221676584435732,-6.021238747237353
H050,2026-04-10,2,198.39,99.19,Friday,0,183.67285714285714,13.794883560858073,8.012693375644579
